ISO-10303-21;
HEADER;
/* Generated by software containing ST-Developer
 * from STEP Tools, Inc. (www.steptools.com) 
 */
/* OPTION: using custom renumber hook */

FILE_DESCRIPTION(
/* description */ ('STEP AP214'),
/* implementation_level */ '2;1');

FILE_NAME(
/* name */ 'BCS-102-L-D-HE',
/* time_stamp */ '2025-08-01T23:57:58+02:00',
/* author */ ('License CC BY-ND 4.0'),
/* organization */ ('CADENAS'),
/* preprocessor_version */ 'ST-DEVELOPER v19.3',
/* originating_system */ 'PARTsolutions',
/* authorisation */ '  ');

FILE_SCHEMA (('AUTOMOTIVE_DESIGN {1 0 10303 214 3 1 1}'));
ENDSEC;

DATA;
#10=PROPERTY_DEFINITION_REPRESENTATION(#14,#12);
#11=PROPERTY_DEFINITION_REPRESENTATION(#15,#13);
#12=REPRESENTATION('',(#16),#3363);
#13=REPRESENTATION('',(#17),#3363);
#14=PROPERTY_DEFINITION('pmi validation property','',#3377);
#15=PROPERTY_DEFINITION('pmi validation property','',#3377);
#16=VALUE_REPRESENTATION_ITEM('number of annotations',COUNT_MEASURE(0.));
#17=VALUE_REPRESENTATION_ITEM('number of views',COUNT_MEASURE(0.));
#18=CYLINDRICAL_SURFACE('',#2184,0.00199999999999997);
#19=CYLINDRICAL_SURFACE('',#2186,0.00199999999999997);
#20=CYLINDRICAL_SURFACE('',#2194,0.00900000000000003);
#21=CYLINDRICAL_SURFACE('',#2196,0.00900000000000003);
#22=CYLINDRICAL_SURFACE('',#2202,0.015);
#23=CYLINDRICAL_SURFACE('',#2208,0.007);
#24=CYLINDRICAL_SURFACE('',#2214,0.015);
#25=CYLINDRICAL_SURFACE('',#2220,0.007);
#26=GEOMETRICALLY_BOUNDED_WIREFRAME_SHAPE_REPRESENTATION('',(#27),#3365);
#27=GEOMETRIC_CURVE_SET('',(#3045));
#28=CONTEXT_DEPENDENT_SHAPE_REPRESENTATION(#34,#3379);
#29=CONTEXT_DEPENDENT_SHAPE_REPRESENTATION(#35,#3381);
#30=CONTEXT_DEPENDENT_SHAPE_REPRESENTATION(#36,#3383);
#31=NEXT_ASSEMBLY_USAGE_OCCURRENCE('NAUO1','BCS-102-D-HE_socket',
'BCS-102-D-HE_socket',#3384,#3385,'');
#32=NEXT_ASSEMBLY_USAGE_OCCURRENCE('NAUO2','C-95-01-02-L-D-HE',
'C-95-01-02-L-D-HE',#3384,#3386,'');
#33=NEXT_ASSEMBLY_USAGE_OCCURRENCE('NAUO3','C-95-01-02-L-D-HE2',
'C-95-01-02-L-D-HE2',#3384,#3387,'');
#34=(
REPRESENTATION_RELATIONSHIP(' ',' ',#2114,#2113)
REPRESENTATION_RELATIONSHIP_WITH_TRANSFORMATION(#37)
SHAPE_REPRESENTATION_RELATIONSHIP()
);
#35=(
REPRESENTATION_RELATIONSHIP(' ',' ',#2115,#2113)
REPRESENTATION_RELATIONSHIP_WITH_TRANSFORMATION(#38)
SHAPE_REPRESENTATION_RELATIONSHIP()
);
#36=(
REPRESENTATION_RELATIONSHIP(' ',' ',#2116,#2113)
REPRESENTATION_RELATIONSHIP_WITH_TRANSFORMATION(#39)
SHAPE_REPRESENTATION_RELATIONSHIP()
);
#37=ITEM_DEFINED_TRANSFORMATION(' ',' ',#2117,#2174);
#38=ITEM_DEFINED_TRANSFORMATION(' ',' ',#2117,#2175);
#39=ITEM_DEFINED_TRANSFORMATION(' ',' ',#2117,#2246);
#40=SHAPE_REPRESENTATION_RELATIONSHIP('','',#2114,#43);
#41=SHAPE_REPRESENTATION_RELATIONSHIP('','',#2115,#26);
#42=SHAPE_REPRESENTATION_RELATIONSHIP('','',#2116,#44);
#43=ADVANCED_BREP_SHAPE_REPRESENTATION('',(#2107),#3364);
#44=ADVANCED_BREP_SHAPE_REPRESENTATION('',(#2108),#3366);
#45=SPHERICAL_SURFACE('',#2170,0.015);
#46=SPHERICAL_SURFACE('',#2171,0.015);
#47=SPHERICAL_SURFACE('',#2172,0.015);
#48=SPHERICAL_SURFACE('',#2173,0.015);
#49=CIRCLE('',#2141,0.015);
#50=CIRCLE('',#2142,0.015);
#51=CIRCLE('',#2143,0.015);
#52=CIRCLE('',#2144,0.015);
#53=CIRCLE('',#2177,0.00199999999999997);
#54=CIRCLE('',#2178,0.00900000000000003);
#55=CIRCLE('',#2180,0.00900000000000003);
#56=CIRCLE('',#2181,0.00199999999999997);
#57=CIRCLE('',#2185,0.00199999999999997);
#58=CIRCLE('',#2187,0.00199999999999997);
#59=CIRCLE('',#2195,0.00900000000000003);
#60=CIRCLE('',#2197,0.00900000000000003);
#61=CIRCLE('',#2203,0.015);
#62=CIRCLE('',#2204,0.015);
#63=CIRCLE('',#2209,0.007);
#64=CIRCLE('',#2210,0.007);
#65=CIRCLE('',#2215,0.015);
#66=CIRCLE('',#2216,0.015);
#67=CIRCLE('',#2221,0.007);
#68=CIRCLE('',#2222,0.007);
#69=ORIENTED_EDGE('',*,*,#645,.F.);
#70=ORIENTED_EDGE('',*,*,#646,.T.);
#71=ORIENTED_EDGE('',*,*,#647,.F.);
#72=ORIENTED_EDGE('',*,*,#648,.F.);
#73=ORIENTED_EDGE('',*,*,#649,.F.);
#74=ORIENTED_EDGE('',*,*,#650,.T.);
#75=ORIENTED_EDGE('',*,*,#651,.T.);
#76=ORIENTED_EDGE('',*,*,#652,.F.);
#77=ORIENTED_EDGE('',*,*,#653,.F.);
#78=ORIENTED_EDGE('',*,*,#652,.T.);
#79=ORIENTED_EDGE('',*,*,#654,.T.);
#80=ORIENTED_EDGE('',*,*,#655,.F.);
#81=ORIENTED_EDGE('',*,*,#656,.F.);
#82=ORIENTED_EDGE('',*,*,#655,.T.);
#83=ORIENTED_EDGE('',*,*,#657,.T.);
#84=ORIENTED_EDGE('',*,*,#658,.F.);
#85=ORIENTED_EDGE('',*,*,#659,.F.);
#86=ORIENTED_EDGE('',*,*,#658,.T.);
#87=ORIENTED_EDGE('',*,*,#660,.T.);
#88=ORIENTED_EDGE('',*,*,#650,.F.);
#89=ORIENTED_EDGE('',*,*,#661,.F.);
#90=ORIENTED_EDGE('',*,*,#662,.T.);
#91=ORIENTED_EDGE('',*,*,#663,.T.);
#92=ORIENTED_EDGE('',*,*,#664,.F.);
#93=ORIENTED_EDGE('',*,*,#665,.F.);
#94=ORIENTED_EDGE('',*,*,#664,.T.);
#95=ORIENTED_EDGE('',*,*,#666,.T.);
#96=ORIENTED_EDGE('',*,*,#667,.F.);
#97=ORIENTED_EDGE('',*,*,#668,.F.);
#98=ORIENTED_EDGE('',*,*,#667,.T.);
#99=ORIENTED_EDGE('',*,*,#669,.T.);
#100=ORIENTED_EDGE('',*,*,#670,.F.);
#101=ORIENTED_EDGE('',*,*,#671,.F.);
#102=ORIENTED_EDGE('',*,*,#670,.T.);
#103=ORIENTED_EDGE('',*,*,#672,.T.);
#104=ORIENTED_EDGE('',*,*,#662,.F.);
#105=ORIENTED_EDGE('',*,*,#673,.F.);
#106=ORIENTED_EDGE('',*,*,#674,.T.);
#107=ORIENTED_EDGE('',*,*,#675,.T.);
#108=ORIENTED_EDGE('',*,*,#676,.F.);
#109=ORIENTED_EDGE('',*,*,#677,.F.);
#110=ORIENTED_EDGE('',*,*,#676,.T.);
#111=ORIENTED_EDGE('',*,*,#678,.T.);
#112=ORIENTED_EDGE('',*,*,#679,.F.);
#113=ORIENTED_EDGE('',*,*,#680,.F.);
#114=ORIENTED_EDGE('',*,*,#679,.T.);
#115=ORIENTED_EDGE('',*,*,#681,.T.);
#116=ORIENTED_EDGE('',*,*,#682,.F.);
#117=ORIENTED_EDGE('',*,*,#683,.F.);
#118=ORIENTED_EDGE('',*,*,#682,.T.);
#119=ORIENTED_EDGE('',*,*,#684,.T.);
#120=ORIENTED_EDGE('',*,*,#674,.F.);
#121=ORIENTED_EDGE('',*,*,#685,.F.);
#122=ORIENTED_EDGE('',*,*,#686,.T.);
#123=ORIENTED_EDGE('',*,*,#687,.T.);
#124=ORIENTED_EDGE('',*,*,#688,.F.);
#125=ORIENTED_EDGE('',*,*,#689,.F.);
#126=ORIENTED_EDGE('',*,*,#688,.T.);
#127=ORIENTED_EDGE('',*,*,#690,.T.);
#128=ORIENTED_EDGE('',*,*,#691,.F.);
#129=ORIENTED_EDGE('',*,*,#692,.F.);
#130=ORIENTED_EDGE('',*,*,#691,.T.);
#131=ORIENTED_EDGE('',*,*,#693,.T.);
#132=ORIENTED_EDGE('',*,*,#694,.F.);
#133=ORIENTED_EDGE('',*,*,#695,.F.);
#134=ORIENTED_EDGE('',*,*,#694,.T.);
#135=ORIENTED_EDGE('',*,*,#696,.T.);
#136=ORIENTED_EDGE('',*,*,#686,.F.);
#137=ORIENTED_EDGE('',*,*,#697,.F.);
#138=ORIENTED_EDGE('',*,*,#698,.F.);
#139=ORIENTED_EDGE('',*,*,#699,.F.);
#140=ORIENTED_EDGE('',*,*,#700,.F.);
#141=ORIENTED_EDGE('',*,*,#701,.F.);
#142=ORIENTED_EDGE('',*,*,#702,.F.);
#143=ORIENTED_EDGE('',*,*,#703,.F.);
#144=ORIENTED_EDGE('',*,*,#704,.F.);
#145=ORIENTED_EDGE('',*,*,#705,.F.);
#146=ORIENTED_EDGE('',*,*,#706,.T.);
#147=ORIENTED_EDGE('',*,*,#707,.T.);
#148=ORIENTED_EDGE('',*,*,#708,.F.);
#149=ORIENTED_EDGE('',*,*,#709,.F.);
#150=ORIENTED_EDGE('',*,*,#710,.T.);
#151=ORIENTED_EDGE('',*,*,#711,.T.);
#152=ORIENTED_EDGE('',*,*,#712,.F.);
#153=ORIENTED_EDGE('',*,*,#713,.F.);
#154=ORIENTED_EDGE('',*,*,#714,.F.);
#155=ORIENTED_EDGE('',*,*,#715,.F.);
#156=ORIENTED_EDGE('',*,*,#716,.F.);
#157=ORIENTED_EDGE('',*,*,#717,.F.);
#158=ORIENTED_EDGE('',*,*,#718,.T.);
#159=ORIENTED_EDGE('',*,*,#719,.T.);
#160=ORIENTED_EDGE('',*,*,#720,.F.);
#161=ORIENTED_EDGE('',*,*,#721,.F.);
#162=ORIENTED_EDGE('',*,*,#722,.F.);
#163=ORIENTED_EDGE('',*,*,#723,.F.);
#164=ORIENTED_EDGE('',*,*,#724,.F.);
#165=ORIENTED_EDGE('',*,*,#725,.T.);
#166=ORIENTED_EDGE('',*,*,#726,.T.);
#167=ORIENTED_EDGE('',*,*,#727,.F.);
#168=ORIENTED_EDGE('',*,*,#728,.T.);
#169=ORIENTED_EDGE('',*,*,#729,.T.);
#170=ORIENTED_EDGE('',*,*,#710,.F.);
#171=ORIENTED_EDGE('',*,*,#730,.F.);
#172=ORIENTED_EDGE('',*,*,#647,.T.);
#173=ORIENTED_EDGE('',*,*,#731,.T.);
#174=ORIENTED_EDGE('',*,*,#728,.F.);
#175=ORIENTED_EDGE('',*,*,#732,.F.);
#176=ORIENTED_EDGE('',*,*,#708,.T.);
#177=ORIENTED_EDGE('',*,*,#733,.T.);
#178=ORIENTED_EDGE('',*,*,#734,.T.);
#179=ORIENTED_EDGE('',*,*,#735,.F.);
#180=ORIENTED_EDGE('',*,*,#648,.T.);
#181=ORIENTED_EDGE('',*,*,#730,.T.);
#182=ORIENTED_EDGE('',*,*,#709,.T.);
#183=ORIENTED_EDGE('',*,*,#732,.T.);
#184=ORIENTED_EDGE('',*,*,#727,.T.);
#185=ORIENTED_EDGE('',*,*,#736,.F.);
#186=ORIENTED_EDGE('',*,*,#737,.F.);
#187=ORIENTED_EDGE('',*,*,#738,.F.);
#188=ORIENTED_EDGE('',*,*,#739,.F.);
#189=ORIENTED_EDGE('',*,*,#740,.F.);
#190=ORIENTED_EDGE('',*,*,#741,.T.);
#191=ORIENTED_EDGE('',*,*,#725,.F.);
#192=ORIENTED_EDGE('',*,*,#731,.F.);
#193=ORIENTED_EDGE('',*,*,#707,.F.);
#194=ORIENTED_EDGE('',*,*,#742,.T.);
#195=ORIENTED_EDGE('',*,*,#743,.T.);
#196=ORIENTED_EDGE('',*,*,#744,.F.);
#197=ORIENTED_EDGE('',*,*,#719,.F.);
#198=ORIENTED_EDGE('',*,*,#745,.T.);
#199=ORIENTED_EDGE('',*,*,#746,.T.);
#200=ORIENTED_EDGE('',*,*,#747,.F.);
#201=ORIENTED_EDGE('',*,*,#711,.F.);
#202=ORIENTED_EDGE('',*,*,#729,.F.);
#203=ORIENTED_EDGE('',*,*,#646,.F.);
#204=ORIENTED_EDGE('',*,*,#748,.F.);
#205=ORIENTED_EDGE('',*,*,#651,.F.);
#206=ORIENTED_EDGE('',*,*,#749,.F.);
#207=ORIENTED_EDGE('',*,*,#715,.T.);
#208=ORIENTED_EDGE('',*,*,#750,.T.);
#209=ORIENTED_EDGE('',*,*,#654,.F.);
#210=ORIENTED_EDGE('',*,*,#750,.F.);
#211=ORIENTED_EDGE('',*,*,#714,.T.);
#212=ORIENTED_EDGE('',*,*,#751,.T.);
#213=ORIENTED_EDGE('',*,*,#657,.F.);
#214=ORIENTED_EDGE('',*,*,#751,.F.);
#215=ORIENTED_EDGE('',*,*,#713,.T.);
#216=ORIENTED_EDGE('',*,*,#752,.T.);
#217=ORIENTED_EDGE('',*,*,#753,.T.);
#218=ORIENTED_EDGE('',*,*,#754,.F.);
#219=ORIENTED_EDGE('',*,*,#717,.T.);
#220=ORIENTED_EDGE('',*,*,#755,.T.);
#221=ORIENTED_EDGE('',*,*,#660,.F.);
#222=ORIENTED_EDGE('',*,*,#755,.F.);
#223=ORIENTED_EDGE('',*,*,#716,.T.);
#224=ORIENTED_EDGE('',*,*,#749,.T.);
#225=ORIENTED_EDGE('',*,*,#687,.F.);
#226=ORIENTED_EDGE('',*,*,#756,.F.);
#227=ORIENTED_EDGE('',*,*,#701,.T.);
#228=ORIENTED_EDGE('',*,*,#757,.T.);
#229=ORIENTED_EDGE('',*,*,#690,.F.);
#230=ORIENTED_EDGE('',*,*,#757,.F.);
#231=ORIENTED_EDGE('',*,*,#704,.T.);
#232=ORIENTED_EDGE('',*,*,#758,.T.);
#233=ORIENTED_EDGE('',*,*,#693,.F.);
#234=ORIENTED_EDGE('',*,*,#758,.F.);
#235=ORIENTED_EDGE('',*,*,#703,.T.);
#236=ORIENTED_EDGE('',*,*,#759,.T.);
#237=ORIENTED_EDGE('',*,*,#696,.F.);
#238=ORIENTED_EDGE('',*,*,#759,.F.);
#239=ORIENTED_EDGE('',*,*,#702,.T.);
#240=ORIENTED_EDGE('',*,*,#756,.T.);
#241=ORIENTED_EDGE('',*,*,#675,.F.);
#242=ORIENTED_EDGE('',*,*,#760,.F.);
#243=ORIENTED_EDGE('',*,*,#697,.T.);
#244=ORIENTED_EDGE('',*,*,#761,.T.);
#245=ORIENTED_EDGE('',*,*,#678,.F.);
#246=ORIENTED_EDGE('',*,*,#761,.F.);
#247=ORIENTED_EDGE('',*,*,#700,.T.);
#248=ORIENTED_EDGE('',*,*,#762,.T.);
#249=ORIENTED_EDGE('',*,*,#681,.F.);
#250=ORIENTED_EDGE('',*,*,#762,.F.);
#251=ORIENTED_EDGE('',*,*,#699,.T.);
#252=ORIENTED_EDGE('',*,*,#763,.T.);
#253=ORIENTED_EDGE('',*,*,#684,.F.);
#254=ORIENTED_EDGE('',*,*,#763,.F.);
#255=ORIENTED_EDGE('',*,*,#698,.T.);
#256=ORIENTED_EDGE('',*,*,#760,.T.);
#257=ORIENTED_EDGE('',*,*,#663,.F.);
#258=ORIENTED_EDGE('',*,*,#764,.F.);
#259=ORIENTED_EDGE('',*,*,#723,.T.);
#260=ORIENTED_EDGE('',*,*,#765,.T.);
#261=ORIENTED_EDGE('',*,*,#666,.F.);
#262=ORIENTED_EDGE('',*,*,#765,.F.);
#263=ORIENTED_EDGE('',*,*,#722,.T.);
#264=ORIENTED_EDGE('',*,*,#766,.T.);
#265=ORIENTED_EDGE('',*,*,#669,.F.);
#266=ORIENTED_EDGE('',*,*,#766,.F.);
#267=ORIENTED_EDGE('',*,*,#721,.T.);
#268=ORIENTED_EDGE('',*,*,#767,.T.);
#269=ORIENTED_EDGE('',*,*,#768,.T.);
#270=ORIENTED_EDGE('',*,*,#769,.F.);
#271=ORIENTED_EDGE('',*,*,#705,.T.);
#272=ORIENTED_EDGE('',*,*,#770,.T.);
#273=ORIENTED_EDGE('',*,*,#672,.F.);
#274=ORIENTED_EDGE('',*,*,#770,.F.);
#275=ORIENTED_EDGE('',*,*,#724,.T.);
#276=ORIENTED_EDGE('',*,*,#764,.T.);
#277=ORIENTED_EDGE('',*,*,#771,.F.);
#278=ORIENTED_EDGE('',*,*,#746,.F.);
#279=ORIENTED_EDGE('',*,*,#772,.T.);
#280=ORIENTED_EDGE('',*,*,#753,.F.);
#281=ORIENTED_EDGE('',*,*,#754,.T.);
#282=ORIENTED_EDGE('',*,*,#772,.F.);
#283=ORIENTED_EDGE('',*,*,#745,.F.);
#284=ORIENTED_EDGE('',*,*,#718,.F.);
#285=ORIENTED_EDGE('',*,*,#712,.T.);
#286=ORIENTED_EDGE('',*,*,#747,.T.);
#287=ORIENTED_EDGE('',*,*,#771,.T.);
#288=ORIENTED_EDGE('',*,*,#752,.F.);
#289=ORIENTED_EDGE('',*,*,#773,.F.);
#290=ORIENTED_EDGE('',*,*,#743,.F.);
#291=ORIENTED_EDGE('',*,*,#774,.T.);
#292=ORIENTED_EDGE('',*,*,#768,.F.);
#293=ORIENTED_EDGE('',*,*,#769,.T.);
#294=ORIENTED_EDGE('',*,*,#774,.F.);
#295=ORIENTED_EDGE('',*,*,#742,.F.);
#296=ORIENTED_EDGE('',*,*,#706,.F.);
#297=ORIENTED_EDGE('',*,*,#720,.T.);
#298=ORIENTED_EDGE('',*,*,#744,.T.);
#299=ORIENTED_EDGE('',*,*,#773,.T.);
#300=ORIENTED_EDGE('',*,*,#767,.F.);
#301=ORIENTED_EDGE('',*,*,#661,.T.);
#302=ORIENTED_EDGE('',*,*,#665,.T.);
#303=ORIENTED_EDGE('',*,*,#668,.T.);
#304=ORIENTED_EDGE('',*,*,#671,.T.);
#305=ORIENTED_EDGE('',*,*,#685,.T.);
#306=ORIENTED_EDGE('',*,*,#689,.T.);
#307=ORIENTED_EDGE('',*,*,#692,.T.);
#308=ORIENTED_EDGE('',*,*,#695,.T.);
#309=ORIENTED_EDGE('',*,*,#775,.F.);
#310=ORIENTED_EDGE('',*,*,#734,.F.);
#311=ORIENTED_EDGE('',*,*,#776,.T.);
#312=ORIENTED_EDGE('',*,*,#740,.T.);
#313=ORIENTED_EDGE('',*,*,#673,.T.);
#314=ORIENTED_EDGE('',*,*,#677,.T.);
#315=ORIENTED_EDGE('',*,*,#680,.T.);
#316=ORIENTED_EDGE('',*,*,#683,.T.);
#317=ORIENTED_EDGE('',*,*,#649,.T.);
#318=ORIENTED_EDGE('',*,*,#653,.T.);
#319=ORIENTED_EDGE('',*,*,#656,.T.);
#320=ORIENTED_EDGE('',*,*,#659,.T.);
#321=ORIENTED_EDGE('',*,*,#733,.F.);
#322=ORIENTED_EDGE('',*,*,#726,.F.);
#323=ORIENTED_EDGE('',*,*,#741,.F.);
#324=ORIENTED_EDGE('',*,*,#776,.F.);
#325=ORIENTED_EDGE('',*,*,#735,.T.);
#326=ORIENTED_EDGE('',*,*,#775,.T.);
#327=ORIENTED_EDGE('',*,*,#748,.T.);
#328=ORIENTED_EDGE('',*,*,#645,.T.);
#329=ORIENTED_EDGE('',*,*,#739,.T.);
#330=ORIENTED_EDGE('',*,*,#738,.T.);
#331=ORIENTED_EDGE('',*,*,#737,.T.);
#332=ORIENTED_EDGE('',*,*,#736,.T.);
#333=ORIENTED_EDGE('',*,*,#777,.F.);
#334=ORIENTED_EDGE('',*,*,#778,.T.);
#335=ORIENTED_EDGE('',*,*,#779,.T.);
#336=ORIENTED_EDGE('',*,*,#780,.F.);
#337=ORIENTED_EDGE('',*,*,#781,.T.);
#338=ORIENTED_EDGE('',*,*,#782,.T.);
#339=ORIENTED_EDGE('',*,*,#783,.T.);
#340=ORIENTED_EDGE('',*,*,#784,.T.);
#341=ORIENTED_EDGE('',*,*,#785,.T.);
#342=ORIENTED_EDGE('',*,*,#786,.T.);
#343=ORIENTED_EDGE('',*,*,#787,.T.);
#344=ORIENTED_EDGE('',*,*,#788,.T.);
#345=ORIENTED_EDGE('',*,*,#789,.T.);
#346=ORIENTED_EDGE('',*,*,#790,.T.);
#347=ORIENTED_EDGE('',*,*,#791,.F.);
#348=ORIENTED_EDGE('',*,*,#792,.T.);
#349=ORIENTED_EDGE('',*,*,#793,.F.);
#350=ORIENTED_EDGE('',*,*,#794,.F.);
#351=ORIENTED_EDGE('',*,*,#795,.F.);
#352=ORIENTED_EDGE('',*,*,#796,.F.);
#353=ORIENTED_EDGE('',*,*,#797,.F.);
#354=ORIENTED_EDGE('',*,*,#798,.F.);
#355=ORIENTED_EDGE('',*,*,#799,.F.);
#356=ORIENTED_EDGE('',*,*,#800,.F.);
#357=ORIENTED_EDGE('',*,*,#801,.F.);
#358=ORIENTED_EDGE('',*,*,#802,.F.);
#359=ORIENTED_EDGE('',*,*,#803,.T.);
#360=ORIENTED_EDGE('',*,*,#804,.F.);
#361=ORIENTED_EDGE('',*,*,#805,.F.);
#362=ORIENTED_EDGE('',*,*,#806,.F.);
#363=ORIENTED_EDGE('',*,*,#779,.F.);
#364=ORIENTED_EDGE('',*,*,#807,.T.);
#365=ORIENTED_EDGE('',*,*,#804,.T.);
#366=ORIENTED_EDGE('',*,*,#808,.F.);
#367=ORIENTED_EDGE('',*,*,#809,.F.);
#368=ORIENTED_EDGE('',*,*,#810,.T.);
#369=ORIENTED_EDGE('',*,*,#811,.F.);
#370=ORIENTED_EDGE('',*,*,#812,.T.);
#371=ORIENTED_EDGE('',*,*,#813,.F.);
#372=ORIENTED_EDGE('',*,*,#814,.T.);
#373=ORIENTED_EDGE('',*,*,#796,.T.);
#374=ORIENTED_EDGE('',*,*,#815,.F.);
#375=ORIENTED_EDGE('',*,*,#787,.F.);
#376=ORIENTED_EDGE('',*,*,#816,.T.);
#377=ORIENTED_EDGE('',*,*,#806,.T.);
#378=ORIENTED_EDGE('',*,*,#817,.T.);
#379=ORIENTED_EDGE('',*,*,#818,.F.);
#380=ORIENTED_EDGE('',*,*,#780,.T.);
#381=ORIENTED_EDGE('',*,*,#819,.F.);
#382=ORIENTED_EDGE('',*,*,#820,.T.);
#383=ORIENTED_EDGE('',*,*,#808,.T.);
#384=ORIENTED_EDGE('',*,*,#803,.F.);
#385=ORIENTED_EDGE('',*,*,#821,.F.);
#386=ORIENTED_EDGE('',*,*,#822,.F.);
#387=ORIENTED_EDGE('',*,*,#781,.F.);
#388=ORIENTED_EDGE('',*,*,#818,.T.);
#389=ORIENTED_EDGE('',*,*,#823,.F.);
#390=ORIENTED_EDGE('',*,*,#819,.T.);
#391=ORIENTED_EDGE('',*,*,#802,.T.);
#392=ORIENTED_EDGE('',*,*,#824,.F.);
#393=ORIENTED_EDGE('',*,*,#825,.T.);
#394=ORIENTED_EDGE('',*,*,#826,.F.);
#395=ORIENTED_EDGE('',*,*,#782,.F.);
#396=ORIENTED_EDGE('',*,*,#822,.T.);
#397=ORIENTED_EDGE('',*,*,#827,.F.);
#398=ORIENTED_EDGE('',*,*,#824,.T.);
#399=ORIENTED_EDGE('',*,*,#801,.T.);
#400=ORIENTED_EDGE('',*,*,#828,.F.);
#401=ORIENTED_EDGE('',*,*,#829,.T.);
#402=ORIENTED_EDGE('',*,*,#830,.F.);
#403=ORIENTED_EDGE('',*,*,#783,.F.);
#404=ORIENTED_EDGE('',*,*,#826,.T.);
#405=ORIENTED_EDGE('',*,*,#831,.T.);
#406=ORIENTED_EDGE('',*,*,#828,.T.);
#407=ORIENTED_EDGE('',*,*,#800,.T.);
#408=ORIENTED_EDGE('',*,*,#832,.F.);
#409=ORIENTED_EDGE('',*,*,#833,.F.);
#410=ORIENTED_EDGE('',*,*,#834,.F.);
#411=ORIENTED_EDGE('',*,*,#784,.F.);
#412=ORIENTED_EDGE('',*,*,#830,.T.);
#413=ORIENTED_EDGE('',*,*,#835,.F.);
#414=ORIENTED_EDGE('',*,*,#832,.T.);
#415=ORIENTED_EDGE('',*,*,#799,.T.);
#416=ORIENTED_EDGE('',*,*,#836,.F.);
#417=ORIENTED_EDGE('',*,*,#837,.F.);
#418=ORIENTED_EDGE('',*,*,#838,.F.);
#419=ORIENTED_EDGE('',*,*,#785,.F.);
#420=ORIENTED_EDGE('',*,*,#834,.T.);
#421=ORIENTED_EDGE('',*,*,#839,.F.);
#422=ORIENTED_EDGE('',*,*,#836,.T.);
#423=ORIENTED_EDGE('',*,*,#798,.T.);
#424=ORIENTED_EDGE('',*,*,#840,.F.);
#425=ORIENTED_EDGE('',*,*,#841,.F.);
#426=ORIENTED_EDGE('',*,*,#816,.F.);
#427=ORIENTED_EDGE('',*,*,#786,.F.);
#428=ORIENTED_EDGE('',*,*,#838,.T.);
#429=ORIENTED_EDGE('',*,*,#842,.F.);
#430=ORIENTED_EDGE('',*,*,#840,.T.);
#431=ORIENTED_EDGE('',*,*,#797,.T.);
#432=ORIENTED_EDGE('',*,*,#814,.F.);
#433=ORIENTED_EDGE('',*,*,#843,.F.);
#434=ORIENTED_EDGE('',*,*,#844,.T.);
#435=ORIENTED_EDGE('',*,*,#845,.T.);
#436=ORIENTED_EDGE('',*,*,#846,.F.);
#437=ORIENTED_EDGE('',*,*,#846,.T.);
#438=ORIENTED_EDGE('',*,*,#847,.F.);
#439=ORIENTED_EDGE('',*,*,#848,.F.);
#440=ORIENTED_EDGE('',*,*,#849,.F.);
#441=ORIENTED_EDGE('',*,*,#848,.T.);
#442=ORIENTED_EDGE('',*,*,#850,.F.);
#443=ORIENTED_EDGE('',*,*,#851,.F.);
#444=ORIENTED_EDGE('',*,*,#852,.F.);
#445=ORIENTED_EDGE('',*,*,#851,.T.);
#446=ORIENTED_EDGE('',*,*,#853,.T.);
#447=ORIENTED_EDGE('',*,*,#854,.F.);
#448=ORIENTED_EDGE('',*,*,#855,.F.);
#449=ORIENTED_EDGE('',*,*,#856,.F.);
#450=ORIENTED_EDGE('',*,*,#857,.F.);
#451=ORIENTED_EDGE('',*,*,#858,.T.);
#452=ORIENTED_EDGE('',*,*,#854,.T.);
#453=ORIENTED_EDGE('',*,*,#859,.T.);
#454=ORIENTED_EDGE('',*,*,#860,.T.);
#455=ORIENTED_EDGE('',*,*,#861,.F.);
#456=ORIENTED_EDGE('',*,*,#862,.T.);
#457=ORIENTED_EDGE('',*,*,#778,.F.);
#458=ORIENTED_EDGE('',*,*,#863,.T.);
#459=ORIENTED_EDGE('',*,*,#864,.T.);
#460=ORIENTED_EDGE('',*,*,#865,.T.);
#461=ORIENTED_EDGE('',*,*,#866,.F.);
#462=ORIENTED_EDGE('',*,*,#867,.T.);
#463=ORIENTED_EDGE('',*,*,#868,.T.);
#464=ORIENTED_EDGE('',*,*,#869,.T.);
#465=ORIENTED_EDGE('',*,*,#870,.T.);
#466=ORIENTED_EDGE('',*,*,#871,.T.);
#467=ORIENTED_EDGE('',*,*,#791,.T.);
#468=ORIENTED_EDGE('',*,*,#807,.F.);
#469=ORIENTED_EDGE('',*,*,#872,.T.);
#470=ORIENTED_EDGE('',*,*,#873,.T.);
#471=ORIENTED_EDGE('',*,*,#790,.F.);
#472=ORIENTED_EDGE('',*,*,#874,.F.);
#473=ORIENTED_EDGE('',*,*,#793,.T.);
#474=ORIENTED_EDGE('',*,*,#875,.T.);
#475=ORIENTED_EDGE('',*,*,#876,.T.);
#476=ORIENTED_EDGE('',*,*,#877,.F.);
#477=ORIENTED_EDGE('',*,*,#878,.T.);
#478=ORIENTED_EDGE('',*,*,#879,.T.);
#479=ORIENTED_EDGE('',*,*,#880,.T.);
#480=ORIENTED_EDGE('',*,*,#881,.F.);
#481=ORIENTED_EDGE('',*,*,#882,.F.);
#482=ORIENTED_EDGE('',*,*,#883,.F.);
#483=ORIENTED_EDGE('',*,*,#881,.T.);
#484=ORIENTED_EDGE('',*,*,#884,.T.);
#485=ORIENTED_EDGE('',*,*,#885,.F.);
#486=ORIENTED_EDGE('',*,*,#886,.T.);
#487=ORIENTED_EDGE('',*,*,#882,.T.);
#488=ORIENTED_EDGE('',*,*,#887,.T.);
#489=ORIENTED_EDGE('',*,*,#888,.F.);
#490=ORIENTED_EDGE('',*,*,#889,.T.);
#491=ORIENTED_EDGE('',*,*,#885,.T.);
#492=ORIENTED_EDGE('',*,*,#890,.T.);
#493=ORIENTED_EDGE('',*,*,#891,.F.);
#494=ORIENTED_EDGE('',*,*,#888,.T.);
#495=ORIENTED_EDGE('',*,*,#892,.F.);
#496=ORIENTED_EDGE('',*,*,#893,.F.);
#497=ORIENTED_EDGE('',*,*,#857,.T.);
#498=ORIENTED_EDGE('',*,*,#894,.T.);
#499=ORIENTED_EDGE('',*,*,#895,.F.);
#500=ORIENTED_EDGE('',*,*,#896,.T.);
#501=ORIENTED_EDGE('',*,*,#893,.T.);
#502=ORIENTED_EDGE('',*,*,#897,.T.);
#503=ORIENTED_EDGE('',*,*,#867,.F.);
#504=ORIENTED_EDGE('',*,*,#898,.F.);
#505=ORIENTED_EDGE('',*,*,#899,.F.);
#506=ORIENTED_EDGE('',*,*,#900,.T.);
#507=ORIENTED_EDGE('',*,*,#877,.T.);
#508=ORIENTED_EDGE('',*,*,#901,.T.);
#509=ORIENTED_EDGE('',*,*,#902,.T.);
#510=ORIENTED_EDGE('',*,*,#903,.T.);
#511=ORIENTED_EDGE('',*,*,#899,.T.);
#512=ORIENTED_EDGE('',*,*,#904,.T.);
#513=ORIENTED_EDGE('',*,*,#905,.T.);
#514=ORIENTED_EDGE('',*,*,#906,.T.);
#515=ORIENTED_EDGE('',*,*,#907,.F.);
#516=ORIENTED_EDGE('',*,*,#908,.F.);
#517=ORIENTED_EDGE('',*,*,#909,.F.);
#518=ORIENTED_EDGE('',*,*,#910,.T.);
#519=ORIENTED_EDGE('',*,*,#862,.F.);
#520=ORIENTED_EDGE('',*,*,#911,.F.);
#521=ORIENTED_EDGE('',*,*,#907,.T.);
#522=ORIENTED_EDGE('',*,*,#912,.T.);
#523=ORIENTED_EDGE('',*,*,#913,.F.);
#524=ORIENTED_EDGE('',*,*,#914,.T.);
#525=ORIENTED_EDGE('',*,*,#915,.T.);
#526=ORIENTED_EDGE('',*,*,#916,.T.);
#527=ORIENTED_EDGE('',*,*,#917,.T.);
#528=ORIENTED_EDGE('',*,*,#913,.T.);
#529=ORIENTED_EDGE('',*,*,#918,.F.);
#530=ORIENTED_EDGE('',*,*,#843,.T.);
#531=ORIENTED_EDGE('',*,*,#849,.T.);
#532=ORIENTED_EDGE('',*,*,#852,.T.);
#533=ORIENTED_EDGE('',*,*,#855,.T.);
#534=ORIENTED_EDGE('',*,*,#858,.F.);
#535=ORIENTED_EDGE('',*,*,#898,.T.);
#536=ORIENTED_EDGE('',*,*,#866,.T.);
#537=ORIENTED_EDGE('',*,*,#919,.F.);
#538=ORIENTED_EDGE('',*,*,#908,.T.);
#539=ORIENTED_EDGE('',*,*,#911,.T.);
#540=ORIENTED_EDGE('',*,*,#861,.T.);
#541=ORIENTED_EDGE('',*,*,#880,.F.);
#542=ORIENTED_EDGE('',*,*,#920,.T.);
#543=ORIENTED_EDGE('',*,*,#915,.F.);
#544=ORIENTED_EDGE('',*,*,#912,.F.);
#545=ORIENTED_EDGE('',*,*,#906,.F.);
#546=ORIENTED_EDGE('',*,*,#921,.T.);
#547=ORIENTED_EDGE('',*,*,#868,.F.);
#548=ORIENTED_EDGE('',*,*,#897,.F.);
#549=ORIENTED_EDGE('',*,*,#892,.T.);
#550=ORIENTED_EDGE('',*,*,#890,.F.);
#551=ORIENTED_EDGE('',*,*,#887,.F.);
#552=ORIENTED_EDGE('',*,*,#884,.F.);
#553=ORIENTED_EDGE('',*,*,#794,.T.);
#554=ORIENTED_EDGE('',*,*,#874,.T.);
#555=ORIENTED_EDGE('',*,*,#789,.F.);
#556=ORIENTED_EDGE('',*,*,#922,.T.);
#557=ORIENTED_EDGE('',*,*,#795,.T.);
#558=ORIENTED_EDGE('',*,*,#922,.F.);
#559=ORIENTED_EDGE('',*,*,#788,.F.);
#560=ORIENTED_EDGE('',*,*,#815,.T.);
#561=ORIENTED_EDGE('',*,*,#845,.F.);
#562=ORIENTED_EDGE('',*,*,#923,.T.);
#563=ORIENTED_EDGE('',*,*,#859,.F.);
#564=ORIENTED_EDGE('',*,*,#910,.F.);
#565=ORIENTED_EDGE('',*,*,#924,.F.);
#566=ORIENTED_EDGE('',*,*,#894,.F.);
#567=ORIENTED_EDGE('',*,*,#856,.T.);
#568=ORIENTED_EDGE('',*,*,#853,.F.);
#569=ORIENTED_EDGE('',*,*,#850,.T.);
#570=ORIENTED_EDGE('',*,*,#847,.T.);
#571=ORIENTED_EDGE('',*,*,#917,.F.);
#572=ORIENTED_EDGE('',*,*,#925,.T.);
#573=ORIENTED_EDGE('',*,*,#878,.F.);
#574=ORIENTED_EDGE('',*,*,#883,.T.);
#575=ORIENTED_EDGE('',*,*,#886,.F.);
#576=ORIENTED_EDGE('',*,*,#889,.F.);
#577=ORIENTED_EDGE('',*,*,#891,.T.);
#578=ORIENTED_EDGE('',*,*,#896,.F.);
#579=ORIENTED_EDGE('',*,*,#926,.F.);
#580=ORIENTED_EDGE('',*,*,#914,.F.);
#581=ORIENTED_EDGE('',*,*,#895,.T.);
#582=ORIENTED_EDGE('',*,*,#924,.T.);
#583=ORIENTED_EDGE('',*,*,#909,.T.);
#584=ORIENTED_EDGE('',*,*,#926,.T.);
#585=ORIENTED_EDGE('',*,*,#927,.F.);
#586=ORIENTED_EDGE('',*,*,#812,.F.);
#587=ORIENTED_EDGE('',*,*,#928,.F.);
#588=ORIENTED_EDGE('',*,*,#810,.F.);
#589=ORIENTED_EDGE('',*,*,#805,.T.);
#590=ORIENTED_EDGE('',*,*,#928,.T.);
#591=ORIENTED_EDGE('',*,*,#811,.T.);
#592=ORIENTED_EDGE('',*,*,#841,.T.);
#593=ORIENTED_EDGE('',*,*,#837,.T.);
#594=ORIENTED_EDGE('',*,*,#833,.T.);
#595=ORIENTED_EDGE('',*,*,#829,.F.);
#596=ORIENTED_EDGE('',*,*,#825,.F.);
#597=ORIENTED_EDGE('',*,*,#821,.T.);
#598=ORIENTED_EDGE('',*,*,#817,.F.);
#599=ORIENTED_EDGE('',*,*,#809,.T.);
#600=ORIENTED_EDGE('',*,*,#820,.F.);
#601=ORIENTED_EDGE('',*,*,#823,.T.);
#602=ORIENTED_EDGE('',*,*,#827,.T.);
#603=ORIENTED_EDGE('',*,*,#831,.F.);
#604=ORIENTED_EDGE('',*,*,#835,.T.);
#605=ORIENTED_EDGE('',*,*,#839,.T.);
#606=ORIENTED_EDGE('',*,*,#842,.T.);
#607=ORIENTED_EDGE('',*,*,#813,.T.);
#608=ORIENTED_EDGE('',*,*,#927,.T.);
#609=ORIENTED_EDGE('',*,*,#879,.F.);
#610=ORIENTED_EDGE('',*,*,#925,.F.);
#611=ORIENTED_EDGE('',*,*,#916,.F.);
#612=ORIENTED_EDGE('',*,*,#920,.F.);
#613=ORIENTED_EDGE('',*,*,#929,.F.);
#614=ORIENTED_EDGE('',*,*,#870,.F.);
#615=ORIENTED_EDGE('',*,*,#930,.T.);
#616=ORIENTED_EDGE('',*,*,#904,.F.);
#617=ORIENTED_EDGE('',*,*,#901,.F.);
#618=ORIENTED_EDGE('',*,*,#876,.F.);
#619=ORIENTED_EDGE('',*,*,#792,.F.);
#620=ORIENTED_EDGE('',*,*,#871,.F.);
#621=ORIENTED_EDGE('',*,*,#929,.T.);
#622=ORIENTED_EDGE('',*,*,#875,.F.);
#623=ORIENTED_EDGE('',*,*,#930,.F.);
#624=ORIENTED_EDGE('',*,*,#869,.F.);
#625=ORIENTED_EDGE('',*,*,#921,.F.);
#626=ORIENTED_EDGE('',*,*,#905,.F.);
#627=ORIENTED_EDGE('',*,*,#918,.T.);
#628=ORIENTED_EDGE('',*,*,#860,.F.);
#629=ORIENTED_EDGE('',*,*,#923,.F.);
#630=ORIENTED_EDGE('',*,*,#844,.F.);
#631=ORIENTED_EDGE('',*,*,#900,.F.);
#632=ORIENTED_EDGE('',*,*,#903,.F.);
#633=ORIENTED_EDGE('',*,*,#931,.F.);
#634=ORIENTED_EDGE('',*,*,#864,.F.);
#635=ORIENTED_EDGE('',*,*,#932,.T.);
#636=ORIENTED_EDGE('',*,*,#872,.F.);
#637=ORIENTED_EDGE('',*,*,#932,.F.);
#638=ORIENTED_EDGE('',*,*,#863,.F.);
#639=ORIENTED_EDGE('',*,*,#777,.T.);
#640=ORIENTED_EDGE('',*,*,#873,.F.);
#641=ORIENTED_EDGE('',*,*,#919,.T.);
#642=ORIENTED_EDGE('',*,*,#865,.F.);
#643=ORIENTED_EDGE('',*,*,#931,.T.);
#644=ORIENTED_EDGE('',*,*,#902,.F.);
#645=EDGE_CURVE('',#933,#934,#1121,.T.);
#646=EDGE_CURVE('',#933,#935,#1122,.T.);
#647=EDGE_CURVE('',#936,#935,#1123,.T.);
#648=EDGE_CURVE('',#934,#936,#1124,.T.);
#649=EDGE_CURVE('',#937,#938,#1125,.T.);
#650=EDGE_CURVE('',#937,#939,#1126,.T.);
#651=EDGE_CURVE('',#939,#940,#1127,.T.);
#652=EDGE_CURVE('',#938,#940,#1128,.T.);
#653=EDGE_CURVE('',#938,#941,#1129,.T.);
#654=EDGE_CURVE('',#940,#942,#1130,.T.);
#655=EDGE_CURVE('',#941,#942,#1131,.T.);
#656=EDGE_CURVE('',#941,#943,#1132,.T.);
#657=EDGE_CURVE('',#942,#944,#1133,.T.);
#658=EDGE_CURVE('',#943,#944,#1134,.T.);
#659=EDGE_CURVE('',#943,#937,#1135,.T.);
#660=EDGE_CURVE('',#944,#939,#1136,.T.);
#661=EDGE_CURVE('',#945,#946,#1137,.T.);
#662=EDGE_CURVE('',#945,#947,#1138,.T.);
#663=EDGE_CURVE('',#947,#948,#1139,.T.);
#664=EDGE_CURVE('',#946,#948,#1140,.T.);
#665=EDGE_CURVE('',#946,#949,#1141,.T.);
#666=EDGE_CURVE('',#948,#950,#1142,.T.);
#667=EDGE_CURVE('',#949,#950,#1143,.T.);
#668=EDGE_CURVE('',#949,#951,#1144,.T.);
#669=EDGE_CURVE('',#950,#952,#1145,.T.);
#670=EDGE_CURVE('',#951,#952,#1146,.T.);
#671=EDGE_CURVE('',#951,#945,#1147,.T.);
#672=EDGE_CURVE('',#952,#947,#1148,.T.);
#673=EDGE_CURVE('',#953,#954,#1149,.T.);
#674=EDGE_CURVE('',#953,#955,#1150,.T.);
#675=EDGE_CURVE('',#955,#956,#1151,.T.);
#676=EDGE_CURVE('',#954,#956,#1152,.T.);
#677=EDGE_CURVE('',#954,#957,#1153,.T.);
#678=EDGE_CURVE('',#956,#958,#1154,.T.);
#679=EDGE_CURVE('',#957,#958,#1155,.T.);
#680=EDGE_CURVE('',#957,#959,#1156,.T.);
#681=EDGE_CURVE('',#958,#960,#1157,.T.);
#682=EDGE_CURVE('',#959,#960,#1158,.T.);
#683=EDGE_CURVE('',#959,#953,#1159,.T.);
#684=EDGE_CURVE('',#960,#955,#1160,.T.);
#685=EDGE_CURVE('',#961,#962,#1161,.T.);
#686=EDGE_CURVE('',#961,#963,#1162,.T.);
#687=EDGE_CURVE('',#963,#964,#1163,.T.);
#688=EDGE_CURVE('',#962,#964,#1164,.T.);
#689=EDGE_CURVE('',#962,#965,#1165,.T.);
#690=EDGE_CURVE('',#964,#966,#1166,.T.);
#691=EDGE_CURVE('',#965,#966,#1167,.T.);
#692=EDGE_CURVE('',#965,#967,#1168,.T.);
#693=EDGE_CURVE('',#966,#968,#1169,.T.);
#694=EDGE_CURVE('',#967,#968,#1170,.T.);
#695=EDGE_CURVE('',#967,#961,#1171,.T.);
#696=EDGE_CURVE('',#968,#963,#1172,.T.);
#697=EDGE_CURVE('',#969,#970,#1173,.T.);
#698=EDGE_CURVE('',#971,#969,#1174,.T.);
#699=EDGE_CURVE('',#972,#971,#1175,.T.);
#700=EDGE_CURVE('',#970,#972,#1176,.T.);
#701=EDGE_CURVE('',#973,#974,#1177,.T.);
#702=EDGE_CURVE('',#975,#973,#1178,.T.);
#703=EDGE_CURVE('',#976,#975,#1179,.T.);
#704=EDGE_CURVE('',#974,#976,#1180,.T.);
#705=EDGE_CURVE('',#977,#978,#1181,.T.);
#706=EDGE_CURVE('',#977,#979,#1182,.T.);
#707=EDGE_CURVE('',#979,#980,#1183,.T.);
#708=EDGE_CURVE('',#981,#980,#1184,.T.);
#709=EDGE_CURVE('',#982,#981,#1185,.T.);
#710=EDGE_CURVE('',#982,#983,#1186,.T.);
#711=EDGE_CURVE('',#983,#984,#1187,.T.);
#712=EDGE_CURVE('',#985,#984,#1188,.T.);
#713=EDGE_CURVE('',#986,#985,#1189,.T.);
#714=EDGE_CURVE('',#987,#986,#1190,.T.);
#715=EDGE_CURVE('',#988,#987,#1191,.T.);
#716=EDGE_CURVE('',#989,#988,#1192,.T.);
#717=EDGE_CURVE('',#990,#989,#1193,.T.);
#718=EDGE_CURVE('',#990,#991,#1194,.T.);
#719=EDGE_CURVE('',#991,#992,#1195,.T.);
#720=EDGE_CURVE('',#993,#992,#1196,.T.);
#721=EDGE_CURVE('',#994,#993,#1197,.T.);
#722=EDGE_CURVE('',#995,#994,#1198,.T.);
#723=EDGE_CURVE('',#996,#995,#1199,.T.);
#724=EDGE_CURVE('',#978,#996,#1200,.T.);
#725=EDGE_CURVE('',#997,#998,#1201,.T.);
#726=EDGE_CURVE('',#998,#999,#1202,.T.);
#727=EDGE_CURVE('',#1000,#999,#1203,.T.);
#728=EDGE_CURVE('',#1000,#997,#1204,.T.);
#729=EDGE_CURVE('',#935,#983,#1205,.T.);
#730=EDGE_CURVE('',#936,#982,#1206,.T.);
#731=EDGE_CURVE('',#980,#997,#1207,.T.);
#732=EDGE_CURVE('',#981,#1000,#1208,.T.);
#733=EDGE_CURVE('',#999,#1001,#1209,.T.);
#734=EDGE_CURVE('',#1001,#1002,#1210,.T.);
#735=EDGE_CURVE('',#934,#1002,#1211,.T.);
#736=EDGE_CURVE('',#1003,#1003,#49,.T.);
#737=EDGE_CURVE('',#1004,#1004,#50,.T.);
#738=EDGE_CURVE('',#1005,#1005,#51,.T.);
#739=EDGE_CURVE('',#1006,#1006,#52,.T.);
#740=EDGE_CURVE('',#1007,#1008,#1212,.T.);
#741=EDGE_CURVE('',#1007,#998,#1213,.T.);
#742=EDGE_CURVE('',#979,#1009,#1214,.T.);
#743=EDGE_CURVE('',#1009,#1010,#1215,.T.);
#744=EDGE_CURVE('',#992,#1010,#1216,.T.);
#745=EDGE_CURVE('',#991,#1011,#1217,.T.);
#746=EDGE_CURVE('',#1011,#1012,#1218,.T.);
#747=EDGE_CURVE('',#984,#1012,#1219,.T.);
#748=EDGE_CURVE('',#1008,#933,#1220,.T.);
#749=EDGE_CURVE('',#988,#939,#1221,.T.);
#750=EDGE_CURVE('',#987,#940,#1222,.T.);
#751=EDGE_CURVE('',#986,#942,#1223,.T.);
#752=EDGE_CURVE('',#985,#1013,#1224,.T.);
#753=EDGE_CURVE('',#1013,#1014,#1225,.T.);
#754=EDGE_CURVE('',#990,#1014,#1226,.T.);
#755=EDGE_CURVE('',#989,#944,#1227,.T.);
#756=EDGE_CURVE('',#973,#963,#1228,.T.);
#757=EDGE_CURVE('',#974,#964,#1229,.T.);
#758=EDGE_CURVE('',#976,#966,#1230,.T.);
#759=EDGE_CURVE('',#975,#968,#1231,.T.);
#760=EDGE_CURVE('',#969,#955,#1232,.T.);
#761=EDGE_CURVE('',#970,#956,#1233,.T.);
#762=EDGE_CURVE('',#972,#958,#1234,.T.);
#763=EDGE_CURVE('',#971,#960,#1235,.T.);
#764=EDGE_CURVE('',#996,#947,#1236,.T.);
#765=EDGE_CURVE('',#995,#948,#1237,.T.);
#766=EDGE_CURVE('',#994,#950,#1238,.T.);
#767=EDGE_CURVE('',#993,#1015,#1239,.T.);
#768=EDGE_CURVE('',#1015,#1016,#1240,.T.);
#769=EDGE_CURVE('',#977,#1016,#1241,.T.);
#770=EDGE_CURVE('',#978,#952,#1242,.T.);
#771=EDGE_CURVE('',#1012,#1013,#1243,.T.);
#772=EDGE_CURVE('',#1011,#1014,#1244,.T.);
#773=EDGE_CURVE('',#1010,#1015,#1245,.T.);
#774=EDGE_CURVE('',#1009,#1016,#1246,.T.);
#775=EDGE_CURVE('',#1002,#1008,#1247,.T.);
#776=EDGE_CURVE('',#1001,#1007,#1248,.T.);
#777=EDGE_CURVE('',#1017,#1018,#1249,.T.);
#778=EDGE_CURVE('',#1017,#1019,#1250,.T.);
#779=EDGE_CURVE('',#1019,#1020,#1251,.T.);
#780=EDGE_CURVE('',#1021,#1020,#53,.T.);
#781=EDGE_CURVE('',#1021,#1022,#1252,.T.);
#782=EDGE_CURVE('',#1022,#1023,#1253,.T.);
#783=EDGE_CURVE('',#1023,#1024,#1254,.T.);
#784=EDGE_CURVE('',#1024,#1025,#54,.T.);
#785=EDGE_CURVE('',#1025,#1026,#1255,.T.);
#786=EDGE_CURVE('',#1026,#1027,#1256,.T.);
#787=EDGE_CURVE('',#1027,#1028,#1257,.T.);
#788=EDGE_CURVE('',#1028,#1029,#1258,.T.);
#789=EDGE_CURVE('',#1029,#1030,#1259,.T.);
#790=EDGE_CURVE('',#1030,#1018,#1260,.T.);
#791=EDGE_CURVE('',#1031,#1032,#1261,.T.);
#792=EDGE_CURVE('',#1031,#1033,#1262,.T.);
#793=EDGE_CURVE('',#1034,#1033,#1263,.T.);
#794=EDGE_CURVE('',#1035,#1034,#1264,.T.);
#795=EDGE_CURVE('',#1036,#1035,#1265,.T.);
#796=EDGE_CURVE('',#1037,#1036,#1266,.T.);
#797=EDGE_CURVE('',#1038,#1037,#1267,.T.);
#798=EDGE_CURVE('',#1039,#1038,#1268,.T.);
#799=EDGE_CURVE('',#1040,#1039,#55,.T.);
#800=EDGE_CURVE('',#1041,#1040,#1269,.T.);
#801=EDGE_CURVE('',#1042,#1041,#1270,.T.);
#802=EDGE_CURVE('',#1043,#1042,#1271,.T.);
#803=EDGE_CURVE('',#1043,#1044,#56,.T.);
#804=EDGE_CURVE('',#1032,#1044,#1272,.T.);
#805=EDGE_CURVE('',#1045,#1046,#1273,.T.);
#806=EDGE_CURVE('',#1020,#1045,#1274,.T.);
#807=EDGE_CURVE('',#1019,#1032,#1275,.T.);
#808=EDGE_CURVE('',#1047,#1044,#1276,.T.);
#809=EDGE_CURVE('',#1048,#1047,#1277,.T.);
#810=EDGE_CURVE('',#1048,#1046,#1278,.T.);
#811=EDGE_CURVE('',#1049,#1050,#1279,.T.);
#812=EDGE_CURVE('',#1049,#1051,#1280,.T.);
#813=EDGE_CURVE('',#1052,#1051,#1281,.T.);
#814=EDGE_CURVE('',#1052,#1037,#1282,.T.);
#815=EDGE_CURVE('',#1028,#1036,#1283,.T.);
#816=EDGE_CURVE('',#1027,#1050,#1284,.T.);
#817=EDGE_CURVE('',#1045,#1053,#57,.T.);
#818=EDGE_CURVE('',#1021,#1053,#1285,.T.);
#819=EDGE_CURVE('',#1054,#1043,#1286,.T.);
#820=EDGE_CURVE('',#1054,#1047,#58,.T.);
#821=EDGE_CURVE('',#1055,#1053,#1287,.T.);
#822=EDGE_CURVE('',#1022,#1055,#1288,.T.);
#823=EDGE_CURVE('',#1054,#1056,#1289,.T.);
#824=EDGE_CURVE('',#1056,#1042,#1290,.T.);
#825=EDGE_CURVE('',#1055,#1057,#1291,.T.);
#826=EDGE_CURVE('',#1023,#1057,#1292,.T.);
#827=EDGE_CURVE('',#1056,#1058,#1293,.T.);
#828=EDGE_CURVE('',#1058,#1041,#1294,.T.);
#829=EDGE_CURVE('',#1057,#1059,#1295,.T.);
#830=EDGE_CURVE('',#1024,#1059,#1296,.T.);
#831=EDGE_CURVE('',#1060,#1058,#1297,.T.);
#832=EDGE_CURVE('',#1060,#1040,#1298,.T.);
#833=EDGE_CURVE('',#1061,#1059,#59,.T.);
#834=EDGE_CURVE('',#1025,#1061,#1299,.T.);
#835=EDGE_CURVE('',#1060,#1062,#60,.T.);
#836=EDGE_CURVE('',#1062,#1039,#1300,.T.);
#837=EDGE_CURVE('',#1063,#1061,#1301,.T.);
#838=EDGE_CURVE('',#1026,#1063,#1302,.T.);
#839=EDGE_CURVE('',#1062,#1064,#1303,.T.);
#840=EDGE_CURVE('',#1064,#1038,#1304,.T.);
#841=EDGE_CURVE('',#1050,#1063,#1305,.T.);
#842=EDGE_CURVE('',#1064,#1052,#1306,.T.);
#843=EDGE_CURVE('',#1065,#1066,#61,.T.);
#844=EDGE_CURVE('',#1065,#1067,#1307,.T.);
#845=EDGE_CURVE('',#1067,#1068,#62,.T.);
#846=EDGE_CURVE('',#1066,#1068,#1308,.T.);
#847=EDGE_CURVE('',#1069,#1068,#1309,.T.);
#848=EDGE_CURVE('',#1070,#1069,#1310,.T.);
#849=EDGE_CURVE('',#1066,#1070,#1311,.T.);
#850=EDGE_CURVE('',#1071,#1069,#1312,.T.);
#851=EDGE_CURVE('',#1072,#1071,#1313,.T.);
#852=EDGE_CURVE('',#1070,#1072,#1314,.T.);
#853=EDGE_CURVE('',#1071,#1073,#1315,.T.);
#854=EDGE_CURVE('',#1074,#1073,#1316,.T.);
#855=EDGE_CURVE('',#1072,#1074,#1317,.T.);
#856=EDGE_CURVE('',#1075,#1073,#63,.T.);
#857=EDGE_CURVE('',#1076,#1075,#1318,.T.);
#858=EDGE_CURVE('',#1076,#1074,#64,.T.);
#859=EDGE_CURVE('',#1077,#1078,#1319,.T.);
#860=EDGE_CURVE('',#1078,#1079,#1320,.T.);
#861=EDGE_CURVE('',#1080,#1079,#1321,.T.);
#862=EDGE_CURVE('',#1080,#1077,#1322,.T.);
#863=EDGE_CURVE('',#1017,#1081,#1323,.T.);
#864=EDGE_CURVE('',#1081,#1082,#1324,.T.);
#865=EDGE_CURVE('',#1082,#1083,#1325,.T.);
#866=EDGE_CURVE('',#1084,#1083,#1326,.T.);
#867=EDGE_CURVE('',#1084,#1085,#1327,.T.);
#868=EDGE_CURVE('',#1085,#1086,#1328,.T.);
#869=EDGE_CURVE('',#1086,#1087,#1329,.T.);
#870=EDGE_CURVE('',#1087,#1088,#1330,.T.);
#871=EDGE_CURVE('',#1088,#1031,#1331,.T.);
#872=EDGE_CURVE('',#1089,#1090,#1332,.T.);
#873=EDGE_CURVE('',#1090,#1018,#1333,.T.);
#874=EDGE_CURVE('',#1034,#1030,#1334,.T.);
#875=EDGE_CURVE('',#1033,#1091,#1335,.T.);
#876=EDGE_CURVE('',#1091,#1092,#1336,.T.);
#877=EDGE_CURVE('',#1089,#1092,#1337,.T.);
#878=EDGE_CURVE('',#1093,#1094,#65,.T.);
#879=EDGE_CURVE('',#1094,#1095,#1338,.T.);
#880=EDGE_CURVE('',#1095,#1096,#66,.T.);
#881=EDGE_CURVE('',#1093,#1096,#1339,.T.);
#882=EDGE_CURVE('',#1097,#1098,#1340,.T.);
#883=EDGE_CURVE('',#1093,#1097,#1341,.T.);
#884=EDGE_CURVE('',#1096,#1098,#1342,.T.);
#885=EDGE_CURVE('',#1099,#1100,#1343,.T.);
#886=EDGE_CURVE('',#1099,#1097,#1344,.T.);
#887=EDGE_CURVE('',#1098,#1100,#1345,.T.);
#888=EDGE_CURVE('',#1101,#1102,#1346,.T.);
#889=EDGE_CURVE('',#1101,#1099,#1347,.T.);
#890=EDGE_CURVE('',#1100,#1102,#1348,.T.);
#891=EDGE_CURVE('',#1101,#1103,#67,.T.);
#892=EDGE_CURVE('',#1104,#1102,#68,.T.);
#893=EDGE_CURVE('',#1103,#1104,#1349,.T.);
#894=EDGE_CURVE('',#1075,#1105,#1350,.T.);
#895=EDGE_CURVE('',#1106,#1105,#1351,.T.);
#896=EDGE_CURVE('',#1106,#1103,#1352,.T.);
#897=EDGE_CURVE('',#1104,#1085,#1353,.T.);
#898=EDGE_CURVE('',#1076,#1084,#1354,.T.);
#899=EDGE_CURVE('',#1107,#1108,#1355,.T.);
#900=EDGE_CURVE('',#1107,#1089,#1356,.T.);
#901=EDGE_CURVE('',#1092,#1108,#1357,.T.);
#902=EDGE_CURVE('',#1109,#1110,#1358,.T.);
#903=EDGE_CURVE('',#1110,#1107,#1359,.T.);
#904=EDGE_CURVE('',#1108,#1111,#1360,.T.);
#905=EDGE_CURVE('',#1111,#1112,#1361,.T.);
#906=EDGE_CURVE('',#1112,#1113,#1362,.T.);
#907=EDGE_CURVE('',#1114,#1113,#1363,.T.);
#908=EDGE_CURVE('',#1109,#1114,#1364,.T.);
#909=EDGE_CURVE('',#1115,#1116,#1365,.T.);
#910=EDGE_CURVE('',#1115,#1077,#1366,.T.);
#911=EDGE_CURVE('',#1114,#1080,#1367,.T.);
#912=EDGE_CURVE('',#1113,#1117,#1368,.T.);
#913=EDGE_CURVE('',#1118,#1117,#1369,.T.);
#914=EDGE_CURVE('',#1118,#1116,#1370,.T.);
#915=EDGE_CURVE('',#1117,#1119,#1371,.T.);
#916=EDGE_CURVE('',#1119,#1120,#1372,.T.);
#917=EDGE_CURVE('',#1120,#1118,#1373,.T.);
#918=EDGE_CURVE('',#1065,#1079,#1374,.T.);
#919=EDGE_CURVE('',#1109,#1083,#1375,.T.);
#920=EDGE_CURVE('',#1095,#1119,#1376,.T.);
#921=EDGE_CURVE('',#1112,#1086,#1377,.T.);
#922=EDGE_CURVE('',#1029,#1035,#1378,.T.);
#923=EDGE_CURVE('',#1067,#1078,#1379,.T.);
#924=EDGE_CURVE('',#1105,#1115,#1380,.T.);
#925=EDGE_CURVE('',#1120,#1094,#1381,.T.);
#926=EDGE_CURVE('',#1116,#1106,#1382,.T.);
#927=EDGE_CURVE('',#1051,#1048,#1383,.T.);
#928=EDGE_CURVE('',#1046,#1049,#1384,.T.);
#929=EDGE_CURVE('',#1088,#1091,#1385,.T.);
#930=EDGE_CURVE('',#1087,#1111,#1386,.T.);
#931=EDGE_CURVE('',#1082,#1110,#1387,.T.);
#932=EDGE_CURVE('',#1081,#1090,#1388,.T.);
#933=VERTEX_POINT('',#2778);
#934=VERTEX_POINT('',#2779);
#935=VERTEX_POINT('',#2781);
#936=VERTEX_POINT('',#2783);
#937=VERTEX_POINT('',#2787);
#938=VERTEX_POINT('',#2788);
#939=VERTEX_POINT('',#2790);
#940=VERTEX_POINT('',#2792);
#941=VERTEX_POINT('',#2796);
#942=VERTEX_POINT('',#2798);
#943=VERTEX_POINT('',#2802);
#944=VERTEX_POINT('',#2804);
#945=VERTEX_POINT('',#2811);
#946=VERTEX_POINT('',#2812);
#947=VERTEX_POINT('',#2814);
#948=VERTEX_POINT('',#2816);
#949=VERTEX_POINT('',#2820);
#950=VERTEX_POINT('',#2822);
#951=VERTEX_POINT('',#2826);
#952=VERTEX_POINT('',#2828);
#953=VERTEX_POINT('',#2835);
#954=VERTEX_POINT('',#2836);
#955=VERTEX_POINT('',#2838);
#956=VERTEX_POINT('',#2840);
#957=VERTEX_POINT('',#2844);
#958=VERTEX_POINT('',#2846);
#959=VERTEX_POINT('',#2850);
#960=VERTEX_POINT('',#2852);
#961=VERTEX_POINT('',#2859);
#962=VERTEX_POINT('',#2860);
#963=VERTEX_POINT('',#2862);
#964=VERTEX_POINT('',#2864);
#965=VERTEX_POINT('',#2868);
#966=VERTEX_POINT('',#2870);
#967=VERTEX_POINT('',#2874);
#968=VERTEX_POINT('',#2876);
#969=VERTEX_POINT('',#2883);
#970=VERTEX_POINT('',#2884);
#971=VERTEX_POINT('',#2886);
#972=VERTEX_POINT('',#2888);
#973=VERTEX_POINT('',#2891);
#974=VERTEX_POINT('',#2892);
#975=VERTEX_POINT('',#2894);
#976=VERTEX_POINT('',#2896);
#977=VERTEX_POINT('',#2899);
#978=VERTEX_POINT('',#2900);
#979=VERTEX_POINT('',#2902);
#980=VERTEX_POINT('',#2904);
#981=VERTEX_POINT('',#2906);
#982=VERTEX_POINT('',#2908);
#983=VERTEX_POINT('',#2910);
#984=VERTEX_POINT('',#2912);
#985=VERTEX_POINT('',#2914);
#986=VERTEX_POINT('',#2916);
#987=VERTEX_POINT('',#2918);
#988=VERTEX_POINT('',#2920);
#989=VERTEX_POINT('',#2922);
#990=VERTEX_POINT('',#2924);
#991=VERTEX_POINT('',#2926);
#992=VERTEX_POINT('',#2928);
#993=VERTEX_POINT('',#2930);
#994=VERTEX_POINT('',#2932);
#995=VERTEX_POINT('',#2934);
#996=VERTEX_POINT('',#2936);
#997=VERTEX_POINT('',#2940);
#998=VERTEX_POINT('',#2941);
#999=VERTEX_POINT('',#2943);
#1000=VERTEX_POINT('',#2945);
#1001=VERTEX_POINT('',#2955);
#1002=VERTEX_POINT('',#2957);
#1003=VERTEX_POINT('',#2961);
#1004=VERTEX_POINT('',#2963);
#1005=VERTEX_POINT('',#2965);
#1006=VERTEX_POINT('',#2967);
#1007=VERTEX_POINT('',#2969);
#1008=VERTEX_POINT('',#2970);
#1009=VERTEX_POINT('',#2973);
#1010=VERTEX_POINT('',#2975);
#1011=VERTEX_POINT('',#2978);
#1012=VERTEX_POINT('',#2980);
#1013=VERTEX_POINT('',#2990);
#1014=VERTEX_POINT('',#2992);
#1015=VERTEX_POINT('',#3019);
#1016=VERTEX_POINT('',#3021);
#1017=VERTEX_POINT('',#3049);
#1018=VERTEX_POINT('',#3050);
#1019=VERTEX_POINT('',#3052);
#1020=VERTEX_POINT('',#3054);
#1021=VERTEX_POINT('',#3056);
#1022=VERTEX_POINT('',#3058);
#1023=VERTEX_POINT('',#3060);
#1024=VERTEX_POINT('',#3062);
#1025=VERTEX_POINT('',#3064);
#1026=VERTEX_POINT('',#3066);
#1027=VERTEX_POINT('',#3068);
#1028=VERTEX_POINT('',#3070);
#1029=VERTEX_POINT('',#3072);
#1030=VERTEX_POINT('',#3074);
#1031=VERTEX_POINT('',#3078);
#1032=VERTEX_POINT('',#3079);
#1033=VERTEX_POINT('',#3081);
#1034=VERTEX_POINT('',#3083);
#1035=VERTEX_POINT('',#3085);
#1036=VERTEX_POINT('',#3087);
#1037=VERTEX_POINT('',#3089);
#1038=VERTEX_POINT('',#3091);
#1039=VERTEX_POINT('',#3093);
#1040=VERTEX_POINT('',#3095);
#1041=VERTEX_POINT('',#3097);
#1042=VERTEX_POINT('',#3099);
#1043=VERTEX_POINT('',#3101);
#1044=VERTEX_POINT('',#3103);
#1045=VERTEX_POINT('',#3107);
#1046=VERTEX_POINT('',#3108);
#1047=VERTEX_POINT('',#3112);
#1048=VERTEX_POINT('',#3114);
#1049=VERTEX_POINT('',#3118);
#1050=VERTEX_POINT('',#3119);
#1051=VERTEX_POINT('',#3121);
#1052=VERTEX_POINT('',#3123);
#1053=VERTEX_POINT('',#3129);
#1054=VERTEX_POINT('',#3133);
#1055=VERTEX_POINT('',#3137);
#1056=VERTEX_POINT('',#3141);
#1057=VERTEX_POINT('',#3145);
#1058=VERTEX_POINT('',#3149);
#1059=VERTEX_POINT('',#3153);
#1060=VERTEX_POINT('',#3157);
#1061=VERTEX_POINT('',#3161);
#1062=VERTEX_POINT('',#3165);
#1063=VERTEX_POINT('',#3169);
#1064=VERTEX_POINT('',#3173);
#1065=VERTEX_POINT('',#3181);
#1066=VERTEX_POINT('',#3182);
#1067=VERTEX_POINT('',#3184);
#1068=VERTEX_POINT('',#3186);
#1069=VERTEX_POINT('',#3190);
#1070=VERTEX_POINT('',#3192);
#1071=VERTEX_POINT('',#3196);
#1072=VERTEX_POINT('',#3198);
#1073=VERTEX_POINT('',#3202);
#1074=VERTEX_POINT('',#3204);
#1075=VERTEX_POINT('',#3208);
#1076=VERTEX_POINT('',#3210);
#1077=VERTEX_POINT('',#3214);
#1078=VERTEX_POINT('',#3215);
#1079=VERTEX_POINT('',#3217);
#1080=VERTEX_POINT('',#3219);
#1081=VERTEX_POINT('',#3223);
#1082=VERTEX_POINT('',#3225);
#1083=VERTEX_POINT('',#3227);
#1084=VERTEX_POINT('',#3229);
#1085=VERTEX_POINT('',#3231);
#1086=VERTEX_POINT('',#3233);
#1087=VERTEX_POINT('',#3235);
#1088=VERTEX_POINT('',#3237);
#1089=VERTEX_POINT('',#3241);
#1090=VERTEX_POINT('',#3242);
#1091=VERTEX_POINT('',#3246);
#1092=VERTEX_POINT('',#3248);
#1093=VERTEX_POINT('',#3252);
#1094=VERTEX_POINT('',#3253);
#1095=VERTEX_POINT('',#3255);
#1096=VERTEX_POINT('',#3257);
#1097=VERTEX_POINT('',#3261);
#1098=VERTEX_POINT('',#3262);
#1099=VERTEX_POINT('',#3267);
#1100=VERTEX_POINT('',#3268);
#1101=VERTEX_POINT('',#3273);
#1102=VERTEX_POINT('',#3274);
#1103=VERTEX_POINT('',#3279);
#1104=VERTEX_POINT('',#3281);
#1105=VERTEX_POINT('',#3285);
#1106=VERTEX_POINT('',#3287);
#1107=VERTEX_POINT('',#3293);
#1108=VERTEX_POINT('',#3294);
#1109=VERTEX_POINT('',#3299);
#1110=VERTEX_POINT('',#3300);
#1111=VERTEX_POINT('',#3303);
#1112=VERTEX_POINT('',#3305);
#1113=VERTEX_POINT('',#3307);
#1114=VERTEX_POINT('',#3309);
#1115=VERTEX_POINT('',#3313);
#1116=VERTEX_POINT('',#3314);
#1117=VERTEX_POINT('',#3318);
#1118=VERTEX_POINT('',#3320);
#1119=VERTEX_POINT('',#3324);
#1120=VERTEX_POINT('',#3326);
#1121=LINE('',#2777,#1389);
#1122=LINE('',#2780,#1390);
#1123=LINE('',#2782,#1391);
#1124=LINE('',#2784,#1392);
#1125=LINE('',#2786,#1393);
#1126=LINE('',#2789,#1394);
#1127=LINE('',#2791,#1395);
#1128=LINE('',#2793,#1396);
#1129=LINE('',#2795,#1397);
#1130=LINE('',#2797,#1398);
#1131=LINE('',#2799,#1399);
#1132=LINE('',#2801,#1400);
#1133=LINE('',#2803,#1401);
#1134=LINE('',#2805,#1402);
#1135=LINE('',#2807,#1403);
#1136=LINE('',#2808,#1404);
#1137=LINE('',#2810,#1405);
#1138=LINE('',#2813,#1406);
#1139=LINE('',#2815,#1407);
#1140=LINE('',#2817,#1408);
#1141=LINE('',#2819,#1409);
#1142=LINE('',#2821,#1410);
#1143=LINE('',#2823,#1411);
#1144=LINE('',#2825,#1412);
#1145=LINE('',#2827,#1413);
#1146=LINE('',#2829,#1414);
#1147=LINE('',#2831,#1415);
#1148=LINE('',#2832,#1416);
#1149=LINE('',#2834,#1417);
#1150=LINE('',#2837,#1418);
#1151=LINE('',#2839,#1419);
#1152=LINE('',#2841,#1420);
#1153=LINE('',#2843,#1421);
#1154=LINE('',#2845,#1422);
#1155=LINE('',#2847,#1423);
#1156=LINE('',#2849,#1424);
#1157=LINE('',#2851,#1425);
#1158=LINE('',#2853,#1426);
#1159=LINE('',#2855,#1427);
#1160=LINE('',#2856,#1428);
#1161=LINE('',#2858,#1429);
#1162=LINE('',#2861,#1430);
#1163=LINE('',#2863,#1431);
#1164=LINE('',#2865,#1432);
#1165=LINE('',#2867,#1433);
#1166=LINE('',#2869,#1434);
#1167=LINE('',#2871,#1435);
#1168=LINE('',#2873,#1436);
#1169=LINE('',#2875,#1437);
#1170=LINE('',#2877,#1438);
#1171=LINE('',#2879,#1439);
#1172=LINE('',#2880,#1440);
#1173=LINE('',#2882,#1441);
#1174=LINE('',#2885,#1442);
#1175=LINE('',#2887,#1443);
#1176=LINE('',#2889,#1444);
#1177=LINE('',#2890,#1445);
#1178=LINE('',#2893,#1446);
#1179=LINE('',#2895,#1447);
#1180=LINE('',#2897,#1448);
#1181=LINE('',#2898,#1449);
#1182=LINE('',#2901,#1450);
#1183=LINE('',#2903,#1451);
#1184=LINE('',#2905,#1452);
#1185=LINE('',#2907,#1453);
#1186=LINE('',#2909,#1454);
#1187=LINE('',#2911,#1455);
#1188=LINE('',#2913,#1456);
#1189=LINE('',#2915,#1457);
#1190=LINE('',#2917,#1458);
#1191=LINE('',#2919,#1459);
#1192=LINE('',#2921,#1460);
#1193=LINE('',#2923,#1461);
#1194=LINE('',#2925,#1462);
#1195=LINE('',#2927,#1463);
#1196=LINE('',#2929,#1464);
#1197=LINE('',#2931,#1465);
#1198=LINE('',#2933,#1466);
#1199=LINE('',#2935,#1467);
#1200=LINE('',#2937,#1468);
#1201=LINE('',#2939,#1469);
#1202=LINE('',#2942,#1470);
#1203=LINE('',#2944,#1471);
#1204=LINE('',#2946,#1472);
#1205=LINE('',#2948,#1473);
#1206=LINE('',#2949,#1474);
#1207=LINE('',#2951,#1475);
#1208=LINE('',#2952,#1476);
#1209=LINE('',#2954,#1477);
#1210=LINE('',#2956,#1478);
#1211=LINE('',#2958,#1479);
#1212=LINE('',#2968,#1480);
#1213=LINE('',#2971,#1481);
#1214=LINE('',#2972,#1482);
#1215=LINE('',#2974,#1483);
#1216=LINE('',#2976,#1484);
#1217=LINE('',#2977,#1485);
#1218=LINE('',#2979,#1486);
#1219=LINE('',#2981,#1487);
#1220=LINE('',#2982,#1488);
#1221=LINE('',#2984,#1489);
#1222=LINE('',#2985,#1490);
#1223=LINE('',#2987,#1491);
#1224=LINE('',#2989,#1492);
#1225=LINE('',#2991,#1493);
#1226=LINE('',#2993,#1494);
#1227=LINE('',#2994,#1495);
#1228=LINE('',#2997,#1496);
#1229=LINE('',#2998,#1497);
#1230=LINE('',#3000,#1498);
#1231=LINE('',#3002,#1499);
#1232=LINE('',#3005,#1500);
#1233=LINE('',#3006,#1501);
#1234=LINE('',#3008,#1502);
#1235=LINE('',#3010,#1503);
#1236=LINE('',#3013,#1504);
#1237=LINE('',#3014,#1505);
#1238=LINE('',#3016,#1506);
#1239=LINE('',#3018,#1507);
#1240=LINE('',#3020,#1508);
#1241=LINE('',#3022,#1509);
#1242=LINE('',#3023,#1510);
#1243=LINE('',#3026,#1511);
#1244=LINE('',#3027,#1512);
#1245=LINE('',#3031,#1513);
#1246=LINE('',#3032,#1514);
#1247=LINE('',#3036,#1515);
#1248=LINE('',#3037,#1516);
#1249=LINE('',#3048,#1517);
#1250=LINE('',#3051,#1518);
#1251=LINE('',#3053,#1519);
#1252=LINE('',#3057,#1520);
#1253=LINE('',#3059,#1521);
#1254=LINE('',#3061,#1522);
#1255=LINE('',#3065,#1523);
#1256=LINE('',#3067,#1524);
#1257=LINE('',#3069,#1525);
#1258=LINE('',#3071,#1526);
#1259=LINE('',#3073,#1527);
#1260=LINE('',#3075,#1528);
#1261=LINE('',#3077,#1529);
#1262=LINE('',#3080,#1530);
#1263=LINE('',#3082,#1531);
#1264=LINE('',#3084,#1532);
#1265=LINE('',#3086,#1533);
#1266=LINE('',#3088,#1534);
#1267=LINE('',#3090,#1535);
#1268=LINE('',#3092,#1536);
#1269=LINE('',#3096,#1537);
#1270=LINE('',#3098,#1538);
#1271=LINE('',#3100,#1539);
#1272=LINE('',#3104,#1540);
#1273=LINE('',#3106,#1541);
#1274=LINE('',#3109,#1542);
#1275=LINE('',#3110,#1543);
#1276=LINE('',#3111,#1544);
#1277=LINE('',#3113,#1545);
#1278=LINE('',#3115,#1546);
#1279=LINE('',#3117,#1547);
#1280=LINE('',#3120,#1548);
#1281=LINE('',#3122,#1549);
#1282=LINE('',#3124,#1550);
#1283=LINE('',#3125,#1551);
#1284=LINE('',#3126,#1552);
#1285=LINE('',#3130,#1553);
#1286=LINE('',#3132,#1554);
#1287=LINE('',#3136,#1555);
#1288=LINE('',#3138,#1556);
#1289=LINE('',#3140,#1557);
#1290=LINE('',#3142,#1558);
#1291=LINE('',#3144,#1559);
#1292=LINE('',#3146,#1560);
#1293=LINE('',#3148,#1561);
#1294=LINE('',#3150,#1562);
#1295=LINE('',#3152,#1563);
#1296=LINE('',#3154,#1564);
#1297=LINE('',#3156,#1565);
#1298=LINE('',#3158,#1566);
#1299=LINE('',#3162,#1567);
#1300=LINE('',#3166,#1568);
#1301=LINE('',#3168,#1569);
#1302=LINE('',#3170,#1570);
#1303=LINE('',#3172,#1571);
#1304=LINE('',#3174,#1572);
#1305=LINE('',#3176,#1573);
#1306=LINE('',#3178,#1574);
#1307=LINE('',#3183,#1575);
#1308=LINE('',#3187,#1576);
#1309=LINE('',#3189,#1577);
#1310=LINE('',#3191,#1578);
#1311=LINE('',#3193,#1579);
#1312=LINE('',#3195,#1580);
#1313=LINE('',#3197,#1581);
#1314=LINE('',#3199,#1582);
#1315=LINE('',#3201,#1583);
#1316=LINE('',#3203,#1584);
#1317=LINE('',#3205,#1585);
#1318=LINE('',#3209,#1586);
#1319=LINE('',#3213,#1587);
#1320=LINE('',#3216,#1588);
#1321=LINE('',#3218,#1589);
#1322=LINE('',#3220,#1590);
#1323=LINE('',#3222,#1591);
#1324=LINE('',#3224,#1592);
#1325=LINE('',#3226,#1593);
#1326=LINE('',#3228,#1594);
#1327=LINE('',#3230,#1595);
#1328=LINE('',#3232,#1596);
#1329=LINE('',#3234,#1597);
#1330=LINE('',#3236,#1598);
#1331=LINE('',#3238,#1599);
#1332=LINE('',#3240,#1600);
#1333=LINE('',#3243,#1601);
#1334=LINE('',#3244,#1602);
#1335=LINE('',#3245,#1603);
#1336=LINE('',#3247,#1604);
#1337=LINE('',#3249,#1605);
#1338=LINE('',#3254,#1606);
#1339=LINE('',#3258,#1607);
#1340=LINE('',#3260,#1608);
#1341=LINE('',#3263,#1609);
#1342=LINE('',#3264,#1610);
#1343=LINE('',#3266,#1611);
#1344=LINE('',#3269,#1612);
#1345=LINE('',#3270,#1613);
#1346=LINE('',#3272,#1614);
#1347=LINE('',#3275,#1615);
#1348=LINE('',#3276,#1616);
#1349=LINE('',#3282,#1617);
#1350=LINE('',#3284,#1618);
#1351=LINE('',#3286,#1619);
#1352=LINE('',#3288,#1620);
#1353=LINE('',#3289,#1621);
#1354=LINE('',#3290,#1622);
#1355=LINE('',#3292,#1623);
#1356=LINE('',#3295,#1624);
#1357=LINE('',#3296,#1625);
#1358=LINE('',#3298,#1626);
#1359=LINE('',#3301,#1627);
#1360=LINE('',#3302,#1628);
#1361=LINE('',#3304,#1629);
#1362=LINE('',#3306,#1630);
#1363=LINE('',#3308,#1631);
#1364=LINE('',#3310,#1632);
#1365=LINE('',#3312,#1633);
#1366=LINE('',#3315,#1634);
#1367=LINE('',#3316,#1635);
#1368=LINE('',#3317,#1636);
#1369=LINE('',#3319,#1637);
#1370=LINE('',#3321,#1638);
#1371=LINE('',#3323,#1639);
#1372=LINE('',#3325,#1640);
#1373=LINE('',#3327,#1641);
#1374=LINE('',#3329,#1642);
#1375=LINE('',#3330,#1643);
#1376=LINE('',#3332,#1644);
#1377=LINE('',#3333,#1645);
#1378=LINE('',#3335,#1646);
#1379=LINE('',#3338,#1647);
#1380=LINE('',#3339,#1648);
#1381=LINE('',#3341,#1649);
#1382=LINE('',#3342,#1650);
#1383=LINE('',#3345,#1651);
#1384=LINE('',#3346,#1652);
#1385=LINE('',#3351,#1653);
#1386=LINE('',#3352,#1654);
#1387=LINE('',#3357,#1655);
#1388=LINE('',#3358,#1656);
#1389=VECTOR('',#2251,39.3700787401575);
#1390=VECTOR('',#2252,39.3700787401575);
#1391=VECTOR('',#2253,39.3700787401575);
#1392=VECTOR('',#2254,39.3700787401575);
#1393=VECTOR('',#2257,39.3700787401575);
#1394=VECTOR('',#2258,39.3700787401575);
#1395=VECTOR('',#2259,39.3700787401575);
#1396=VECTOR('',#2260,39.3700787401575);
#1397=VECTOR('',#2263,39.3700787401575);
#1398=VECTOR('',#2264,39.3700787401575);
#1399=VECTOR('',#2265,39.3700787401575);
#1400=VECTOR('',#2268,39.3700787401575);
#1401=VECTOR('',#2269,39.3700787401575);
#1402=VECTOR('',#2270,39.3700787401575);
#1403=VECTOR('',#2273,39.3700787401575);
#1404=VECTOR('',#2274,39.3700787401575);
#1405=VECTOR('',#2277,39.3700787401575);
#1406=VECTOR('',#2278,39.3700787401575);
#1407=VECTOR('',#2279,39.3700787401575);
#1408=VECTOR('',#2280,39.3700787401575);
#1409=VECTOR('',#2283,39.3700787401575);
#1410=VECTOR('',#2284,39.3700787401575);
#1411=VECTOR('',#2285,39.3700787401575);
#1412=VECTOR('',#2288,39.3700787401575);
#1413=VECTOR('',#2289,39.3700787401575);
#1414=VECTOR('',#2290,39.3700787401575);
#1415=VECTOR('',#2293,39.3700787401575);
#1416=VECTOR('',#2294,39.3700787401575);
#1417=VECTOR('',#2297,39.3700787401575);
#1418=VECTOR('',#2298,39.3700787401575);
#1419=VECTOR('',#2299,39.3700787401575);
#1420=VECTOR('',#2300,39.3700787401575);
#1421=VECTOR('',#2303,39.3700787401575);
#1422=VECTOR('',#2304,39.3700787401575);
#1423=VECTOR('',#2305,39.3700787401575);
#1424=VECTOR('',#2308,39.3700787401575);
#1425=VECTOR('',#2309,39.3700787401575);
#1426=VECTOR('',#2310,39.3700787401575);
#1427=VECTOR('',#2313,39.3700787401575);
#1428=VECTOR('',#2314,39.3700787401575);
#1429=VECTOR('',#2317,39.3700787401575);
#1430=VECTOR('',#2318,39.3700787401575);
#1431=VECTOR('',#2319,39.3700787401575);
#1432=VECTOR('',#2320,39.3700787401575);
#1433=VECTOR('',#2323,39.3700787401575);
#1434=VECTOR('',#2324,39.3700787401575);
#1435=VECTOR('',#2325,39.3700787401575);
#1436=VECTOR('',#2328,39.3700787401575);
#1437=VECTOR('',#2329,39.3700787401575);
#1438=VECTOR('',#2330,39.3700787401575);
#1439=VECTOR('',#2333,39.3700787401575);
#1440=VECTOR('',#2334,39.3700787401575);
#1441=VECTOR('',#2337,39.3700787401575);
#1442=VECTOR('',#2338,39.3700787401575);
#1443=VECTOR('',#2339,39.3700787401575);
#1444=VECTOR('',#2340,39.3700787401575);
#1445=VECTOR('',#2341,39.3700787401575);
#1446=VECTOR('',#2342,39.3700787401575);
#1447=VECTOR('',#2343,39.3700787401575);
#1448=VECTOR('',#2344,39.3700787401575);
#1449=VECTOR('',#2345,39.3700787401575);
#1450=VECTOR('',#2346,39.3700787401575);
#1451=VECTOR('',#2347,39.3700787401575);
#1452=VECTOR('',#2348,39.3700787401575);
#1453=VECTOR('',#2349,39.3700787401575);
#1454=VECTOR('',#2350,39.3700787401575);
#1455=VECTOR('',#2351,39.3700787401575);
#1456=VECTOR('',#2352,39.3700787401575);
#1457=VECTOR('',#2353,39.3700787401575);
#1458=VECTOR('',#2354,39.3700787401575);
#1459=VECTOR('',#2355,39.3700787401575);
#1460=VECTOR('',#2356,39.3700787401575);
#1461=VECTOR('',#2357,39.3700787401575);
#1462=VECTOR('',#2358,39.3700787401575);
#1463=VECTOR('',#2359,39.3700787401575);
#1464=VECTOR('',#2360,39.3700787401575);
#1465=VECTOR('',#2361,39.3700787401575);
#1466=VECTOR('',#2362,39.3700787401575);
#1467=VECTOR('',#2363,39.3700787401575);
#1468=VECTOR('',#2364,39.3700787401575);
#1469=VECTOR('',#2367,39.3700787401575);
#1470=VECTOR('',#2368,39.3700787401575);
#1471=VECTOR('',#2369,39.3700787401575);
#1472=VECTOR('',#2370,39.3700787401575);
#1473=VECTOR('',#2373,39.3700787401575);
#1474=VECTOR('',#2374,39.3700787401575);
#1475=VECTOR('',#2377,39.3700787401575);
#1476=VECTOR('',#2378,39.3700787401575);
#1477=VECTOR('',#2381,39.3700787401575);
#1478=VECTOR('',#2382,39.3700787401575);
#1479=VECTOR('',#2383,39.3700787401575);
#1480=VECTOR('',#2394,39.3700787401575);
#1481=VECTOR('',#2395,39.3700787401575);
#1482=VECTOR('',#2396,39.3700787401575);
#1483=VECTOR('',#2397,39.3700787401575);
#1484=VECTOR('',#2398,39.3700787401575);
#1485=VECTOR('',#2399,39.3700787401575);
#1486=VECTOR('',#2400,39.3700787401575);
#1487=VECTOR('',#2401,39.3700787401575);
#1488=VECTOR('',#2402,39.3700787401575);
#1489=VECTOR('',#2405,39.3700787401575);
#1490=VECTOR('',#2406,39.3700787401575);
#1491=VECTOR('',#2409,39.3700787401575);
#1492=VECTOR('',#2412,39.3700787401575);
#1493=VECTOR('',#2413,39.3700787401575);
#1494=VECTOR('',#2414,39.3700787401575);
#1495=VECTOR('',#2415,39.3700787401575);
#1496=VECTOR('',#2420,39.3700787401575);
#1497=VECTOR('',#2421,39.3700787401575);
#1498=VECTOR('',#2424,39.3700787401575);
#1499=VECTOR('',#2427,39.3700787401575);
#1500=VECTOR('',#2432,39.3700787401575);
#1501=VECTOR('',#2433,39.3700787401575);
#1502=VECTOR('',#2436,39.3700787401575);
#1503=VECTOR('',#2439,39.3700787401575);
#1504=VECTOR('',#2444,39.3700787401575);
#1505=VECTOR('',#2445,39.3700787401575);
#1506=VECTOR('',#2448,39.3700787401575);
#1507=VECTOR('',#2451,39.3700787401575);
#1508=VECTOR('',#2452,39.3700787401575);
#1509=VECTOR('',#2453,39.3700787401575);
#1510=VECTOR('',#2454,39.3700787401575);
#1511=VECTOR('',#2459,39.3700787401575);
#1512=VECTOR('',#2460,39.3700787401575);
#1513=VECTOR('',#2467,39.3700787401575);
#1514=VECTOR('',#2468,39.3700787401575);
#1515=VECTOR('',#2475,39.3700787401575);
#1516=VECTOR('',#2476,39.3700787401575);
#1517=VECTOR('',#2495,39.3700787401575);
#1518=VECTOR('',#2496,39.3700787401575);
#1519=VECTOR('',#2497,39.3700787401575);
#1520=VECTOR('',#2500,39.3700787401575);
#1521=VECTOR('',#2501,39.3700787401575);
#1522=VECTOR('',#2502,39.3700787401575);
#1523=VECTOR('',#2505,39.3700787401575);
#1524=VECTOR('',#2506,39.3700787401575);
#1525=VECTOR('',#2507,39.3700787401575);
#1526=VECTOR('',#2508,39.3700787401575);
#1527=VECTOR('',#2509,39.3700787401575);
#1528=VECTOR('',#2510,39.3700787401575);
#1529=VECTOR('',#2513,39.3700787401575);
#1530=VECTOR('',#2514,39.3700787401575);
#1531=VECTOR('',#2515,39.3700787401575);
#1532=VECTOR('',#2516,39.3700787401575);
#1533=VECTOR('',#2517,39.3700787401575);
#1534=VECTOR('',#2518,39.3700787401575);
#1535=VECTOR('',#2519,39.3700787401575);
#1536=VECTOR('',#2520,39.3700787401575);
#1537=VECTOR('',#2523,39.3700787401575);
#1538=VECTOR('',#2524,39.3700787401575);
#1539=VECTOR('',#2525,39.3700787401575);
#1540=VECTOR('',#2528,39.3700787401575);
#1541=VECTOR('',#2531,39.3700787401575);
#1542=VECTOR('',#2532,39.3700787401575);
#1543=VECTOR('',#2533,39.3700787401575);
#1544=VECTOR('',#2534,39.3700787401575);
#1545=VECTOR('',#2535,39.3700787401575);
#1546=VECTOR('',#2536,39.3700787401575);
#1547=VECTOR('',#2539,39.3700787401575);
#1548=VECTOR('',#2540,39.3700787401575);
#1549=VECTOR('',#2541,39.3700787401575);
#1550=VECTOR('',#2542,39.3700787401575);
#1551=VECTOR('',#2543,39.3700787401575);
#1552=VECTOR('',#2544,39.3700787401575);
#1553=VECTOR('',#2549,39.3700787401575);
#1554=VECTOR('',#2552,39.3700787401575);
#1555=VECTOR('',#2557,39.3700787401575);
#1556=VECTOR('',#2558,39.3700787401575);
#1557=VECTOR('',#2561,39.3700787401575);
#1558=VECTOR('',#2562,39.3700787401575);
#1559=VECTOR('',#2565,39.3700787401575);
#1560=VECTOR('',#2566,39.3700787401575);
#1561=VECTOR('',#2569,39.3700787401575);
#1562=VECTOR('',#2570,39.3700787401575);
#1563=VECTOR('',#2573,39.3700787401575);
#1564=VECTOR('',#2574,39.3700787401575);
#1565=VECTOR('',#2577,39.3700787401575);
#1566=VECTOR('',#2578,39.3700787401575);
#1567=VECTOR('',#2583,39.3700787401575);
#1568=VECTOR('',#2588,39.3700787401575);
#1569=VECTOR('',#2591,39.3700787401575);
#1570=VECTOR('',#2592,39.3700787401575);
#1571=VECTOR('',#2595,39.3700787401575);
#1572=VECTOR('',#2596,39.3700787401575);
#1573=VECTOR('',#2599,39.3700787401575);
#1574=VECTOR('',#2602,39.3700787401575);
#1575=VECTOR('',#2607,39.3700787401575);
#1576=VECTOR('',#2610,39.3700787401575);
#1577=VECTOR('',#2613,39.3700787401575);
#1578=VECTOR('',#2614,39.3700787401575);
#1579=VECTOR('',#2615,39.3700787401575);
#1580=VECTOR('',#2618,39.3700787401575);
#1581=VECTOR('',#2619,39.3700787401575);
#1582=VECTOR('',#2620,39.3700787401575);
#1583=VECTOR('',#2623,39.3700787401575);
#1584=VECTOR('',#2624,39.3700787401575);
#1585=VECTOR('',#2625,39.3700787401575);
#1586=VECTOR('',#2630,39.3700787401575);
#1587=VECTOR('',#2635,39.3700787401575);
#1588=VECTOR('',#2636,39.3700787401575);
#1589=VECTOR('',#2637,39.3700787401575);
#1590=VECTOR('',#2638,39.3700787401575);
#1591=VECTOR('',#2641,39.3700787401575);
#1592=VECTOR('',#2642,39.3700787401575);
#1593=VECTOR('',#2643,39.3700787401575);
#1594=VECTOR('',#2644,39.3700787401575);
#1595=VECTOR('',#2645,39.3700787401575);
#1596=VECTOR('',#2646,39.3700787401575);
#1597=VECTOR('',#2647,39.3700787401575);
#1598=VECTOR('',#2648,39.3700787401575);
#1599=VECTOR('',#2649,39.3700787401575);
#1600=VECTOR('',#2652,39.3700787401575);
#1601=VECTOR('',#2653,39.3700787401575);
#1602=VECTOR('',#2654,39.3700787401575);
#1603=VECTOR('',#2655,39.3700787401575);
#1604=VECTOR('',#2656,39.3700787401575);
#1605=VECTOR('',#2657,39.3700787401575);
#1606=VECTOR('',#2662,39.3700787401575);
#1607=VECTOR('',#2665,39.3700787401575);
#1608=VECTOR('',#2668,39.3700787401575);
#1609=VECTOR('',#2669,39.3700787401575);
#1610=VECTOR('',#2670,39.3700787401575);
#1611=VECTOR('',#2673,39.3700787401575);
#1612=VECTOR('',#2674,39.3700787401575);
#1613=VECTOR('',#2675,39.3700787401575);
#1614=VECTOR('',#2678,39.3700787401575);
#1615=VECTOR('',#2679,39.3700787401575);
#1616=VECTOR('',#2680,39.3700787401575);
#1617=VECTOR('',#2687,39.3700787401575);
#1618=VECTOR('',#2690,39.3700787401575);
#1619=VECTOR('',#2691,39.3700787401575);
#1620=VECTOR('',#2692,39.3700787401575);
#1621=VECTOR('',#2693,39.3700787401575);
#1622=VECTOR('',#2694,39.3700787401575);
#1623=VECTOR('',#2697,39.3700787401575);
#1624=VECTOR('',#2698,39.3700787401575);
#1625=VECTOR('',#2699,39.3700787401575);
#1626=VECTOR('',#2702,39.3700787401575);
#1627=VECTOR('',#2703,39.3700787401575);
#1628=VECTOR('',#2704,39.3700787401575);
#1629=VECTOR('',#2705,39.3700787401575);
#1630=VECTOR('',#2706,39.3700787401575);
#1631=VECTOR('',#2707,39.3700787401575);
#1632=VECTOR('',#2708,39.3700787401575);
#1633=VECTOR('',#2711,39.3700787401575);
#1634=VECTOR('',#2712,39.3700787401575);
#1635=VECTOR('',#2713,39.3700787401575);
#1636=VECTOR('',#2714,39.3700787401575);
#1637=VECTOR('',#2715,39.3700787401575);
#1638=VECTOR('',#2716,39.3700787401575);
#1639=VECTOR('',#2719,39.3700787401575);
#1640=VECTOR('',#2720,39.3700787401575);
#1641=VECTOR('',#2721,39.3700787401575);
#1642=VECTOR('',#2724,39.3700787401575);
#1643=VECTOR('',#2725,39.3700787401575);
#1644=VECTOR('',#2728,39.3700787401575);
#1645=VECTOR('',#2729,39.3700787401575);
#1646=VECTOR('',#2732,39.3700787401575);
#1647=VECTOR('',#2737,39.3700787401575);
#1648=VECTOR('',#2738,39.3700787401575);
#1649=VECTOR('',#2741,39.3700787401575);
#1650=VECTOR('',#2742,39.3700787401575);
#1651=VECTOR('',#2747,39.3700787401575);
#1652=VECTOR('',#2748,39.3700787401575);
#1653=VECTOR('',#2757,39.3700787401575);
#1654=VECTOR('',#2758,39.3700787401575);
#1655=VECTOR('',#2767,39.3700787401575);
#1656=VECTOR('',#2768,39.3700787401575);
#1657=EDGE_LOOP('',(#69,#70,#71,#72));
#1658=EDGE_LOOP('',(#73,#74,#75,#76));
#1659=EDGE_LOOP('',(#77,#78,#79,#80));
#1660=EDGE_LOOP('',(#81,#82,#83,#84));
#1661=EDGE_LOOP('',(#85,#86,#87,#88));
#1662=EDGE_LOOP('',(#89,#90,#91,#92));
#1663=EDGE_LOOP('',(#93,#94,#95,#96));
#1664=EDGE_LOOP('',(#97,#98,#99,#100));
#1665=EDGE_LOOP('',(#101,#102,#103,#104));
#1666=EDGE_LOOP('',(#105,#106,#107,#108));
#1667=EDGE_LOOP('',(#109,#110,#111,#112));
#1668=EDGE_LOOP('',(#113,#114,#115,#116));
#1669=EDGE_LOOP('',(#117,#118,#119,#120));
#1670=EDGE_LOOP('',(#121,#122,#123,#124));
#1671=EDGE_LOOP('',(#125,#126,#127,#128));
#1672=EDGE_LOOP('',(#129,#130,#131,#132));
#1673=EDGE_LOOP('',(#133,#134,#135,#136));
#1674=EDGE_LOOP('',(#137,#138,#139,#140));
#1675=EDGE_LOOP('',(#141,#142,#143,#144));
#1676=EDGE_LOOP('',(#145,#146,#147,#148,#149,#150,#151,#152,#153,#154,#155,
#156,#157,#158,#159,#160,#161,#162,#163,#164));
#1677=EDGE_LOOP('',(#165,#166,#167,#168));
#1678=EDGE_LOOP('',(#169,#170,#171,#172));
#1679=EDGE_LOOP('',(#173,#174,#175,#176));
#1680=EDGE_LOOP('',(#177,#178,#179,#180,#181,#182,#183,#184));
#1681=EDGE_LOOP('',(#185));
#1682=EDGE_LOOP('',(#186));
#1683=EDGE_LOOP('',(#187));
#1684=EDGE_LOOP('',(#188));
#1685=EDGE_LOOP('',(#189,#190,#191,#192,#193,#194,#195,#196,#197,#198,#199,
#200,#201,#202,#203,#204));
#1686=EDGE_LOOP('',(#205,#206,#207,#208));
#1687=EDGE_LOOP('',(#209,#210,#211,#212));
#1688=EDGE_LOOP('',(#213,#214,#215,#216,#217,#218,#219,#220));
#1689=EDGE_LOOP('',(#221,#222,#223,#224));
#1690=EDGE_LOOP('',(#225,#226,#227,#228));
#1691=EDGE_LOOP('',(#229,#230,#231,#232));
#1692=EDGE_LOOP('',(#233,#234,#235,#236));
#1693=EDGE_LOOP('',(#237,#238,#239,#240));
#1694=EDGE_LOOP('',(#241,#242,#243,#244));
#1695=EDGE_LOOP('',(#245,#246,#247,#248));
#1696=EDGE_LOOP('',(#249,#250,#251,#252));
#1697=EDGE_LOOP('',(#253,#254,#255,#256));
#1698=EDGE_LOOP('',(#257,#258,#259,#260));
#1699=EDGE_LOOP('',(#261,#262,#263,#264));
#1700=EDGE_LOOP('',(#265,#266,#267,#268,#269,#270,#271,#272));
#1701=EDGE_LOOP('',(#273,#274,#275,#276));
#1702=EDGE_LOOP('',(#277,#278,#279,#280));
#1703=EDGE_LOOP('',(#281,#282,#283,#284));
#1704=EDGE_LOOP('',(#285,#286,#287,#288));
#1705=EDGE_LOOP('',(#289,#290,#291,#292));
#1706=EDGE_LOOP('',(#293,#294,#295,#296));
#1707=EDGE_LOOP('',(#297,#298,#299,#300));
#1708=EDGE_LOOP('',(#301,#302,#303,#304));
#1709=EDGE_LOOP('',(#305,#306,#307,#308));
#1710=EDGE_LOOP('',(#309,#310,#311,#312));
#1711=EDGE_LOOP('',(#313,#314,#315,#316));
#1712=EDGE_LOOP('',(#317,#318,#319,#320));
#1713=EDGE_LOOP('',(#321,#322,#323,#324));
#1714=EDGE_LOOP('',(#325,#326,#327,#328));
#1715=EDGE_LOOP('',(#329));
#1716=EDGE_LOOP('',(#330));
#1717=EDGE_LOOP('',(#331));
#1718=EDGE_LOOP('',(#332));
#1719=EDGE_LOOP('',(#333,#334,#335,#336,#337,#338,#339,#340,#341,#342,#343,
#344,#345,#346));
#1720=EDGE_LOOP('',(#347,#348,#349,#350,#351,#352,#353,#354,#355,#356,#357,
#358,#359,#360));
#1721=EDGE_LOOP('',(#361,#362,#363,#364,#365,#366,#367,#368));
#1722=EDGE_LOOP('',(#369,#370,#371,#372,#373,#374,#375,#376));
#1723=EDGE_LOOP('',(#377,#378,#379,#380));
#1724=EDGE_LOOP('',(#381,#382,#383,#384));
#1725=EDGE_LOOP('',(#385,#386,#387,#388));
#1726=EDGE_LOOP('',(#389,#390,#391,#392));
#1727=EDGE_LOOP('',(#393,#394,#395,#396));
#1728=EDGE_LOOP('',(#397,#398,#399,#400));
#1729=EDGE_LOOP('',(#401,#402,#403,#404));
#1730=EDGE_LOOP('',(#405,#406,#407,#408));
#1731=EDGE_LOOP('',(#409,#410,#411,#412));
#1732=EDGE_LOOP('',(#413,#414,#415,#416));
#1733=EDGE_LOOP('',(#417,#418,#419,#420));
#1734=EDGE_LOOP('',(#421,#422,#423,#424));
#1735=EDGE_LOOP('',(#425,#426,#427,#428));
#1736=EDGE_LOOP('',(#429,#430,#431,#432));
#1737=EDGE_LOOP('',(#433,#434,#435,#436));
#1738=EDGE_LOOP('',(#437,#438,#439,#440));
#1739=EDGE_LOOP('',(#441,#442,#443,#444));
#1740=EDGE_LOOP('',(#445,#446,#447,#448));
#1741=EDGE_LOOP('',(#449,#450,#451,#452));
#1742=EDGE_LOOP('',(#453,#454,#455,#456));
#1743=EDGE_LOOP('',(#457,#458,#459,#460,#461,#462,#463,#464,#465,#466,#467,
#468));
#1744=EDGE_LOOP('',(#469,#470,#471,#472,#473,#474,#475,#476));
#1745=EDGE_LOOP('',(#477,#478,#479,#480));
#1746=EDGE_LOOP('',(#481,#482,#483,#484));
#1747=EDGE_LOOP('',(#485,#486,#487,#488));
#1748=EDGE_LOOP('',(#489,#490,#491,#492));
#1749=EDGE_LOOP('',(#493,#494,#495,#496));
#1750=EDGE_LOOP('',(#497,#498,#499,#500,#501,#502,#503,#504));
#1751=EDGE_LOOP('',(#505,#506,#507,#508));
#1752=EDGE_LOOP('',(#509,#510,#511,#512,#513,#514,#515,#516));
#1753=EDGE_LOOP('',(#517,#518,#519,#520,#521,#522,#523,#524));
#1754=EDGE_LOOP('',(#525,#526,#527,#528));
#1755=EDGE_LOOP('',(#529,#530,#531,#532,#533,#534,#535,#536,#537,#538,#539,
#540));
#1756=EDGE_LOOP('',(#541,#542,#543,#544,#545,#546,#547,#548,#549,#550,#551,
#552));
#1757=EDGE_LOOP('',(#553,#554,#555,#556));
#1758=EDGE_LOOP('',(#557,#558,#559,#560));
#1759=EDGE_LOOP('',(#561,#562,#563,#564,#565,#566,#567,#568,#569,#570));
#1760=EDGE_LOOP('',(#571,#572,#573,#574,#575,#576,#577,#578,#579,#580));
#1761=EDGE_LOOP('',(#581,#582,#583,#584));
#1762=EDGE_LOOP('',(#585,#586,#587,#588));
#1763=EDGE_LOOP('',(#589,#590,#591,#592,#593,#594,#595,#596,#597,#598));
#1764=EDGE_LOOP('',(#599,#600,#601,#602,#603,#604,#605,#606,#607,#608));
#1765=EDGE_LOOP('',(#609,#610,#611,#612));
#1766=EDGE_LOOP('',(#613,#614,#615,#616,#617,#618));
#1767=EDGE_LOOP('',(#619,#620,#621,#622));
#1768=EDGE_LOOP('',(#623,#624,#625,#626));
#1769=EDGE_LOOP('',(#627,#628,#629,#630));
#1770=EDGE_LOOP('',(#631,#632,#633,#634,#635,#636));
#1771=EDGE_LOOP('',(#637,#638,#639,#640));
#1772=EDGE_LOOP('',(#641,#642,#643,#644));
#1773=FACE_BOUND('',#1657,.T.);
#1774=FACE_BOUND('',#1658,.T.);
#1775=FACE_BOUND('',#1659,.T.);
#1776=FACE_BOUND('',#1660,.T.);
#1777=FACE_BOUND('',#1661,.T.);
#1778=FACE_BOUND('',#1662,.T.);
#1779=FACE_BOUND('',#1663,.T.);
#1780=FACE_BOUND('',#1664,.T.);
#1781=FACE_BOUND('',#1665,.T.);
#1782=FACE_BOUND('',#1666,.T.);
#1783=FACE_BOUND('',#1667,.T.);
#1784=FACE_BOUND('',#1668,.T.);
#1785=FACE_BOUND('',#1669,.T.);
#1786=FACE_BOUND('',#1670,.T.);
#1787=FACE_BOUND('',#1671,.T.);
#1788=FACE_BOUND('',#1672,.T.);
#1789=FACE_BOUND('',#1673,.T.);
#1790=FACE_BOUND('',#1674,.T.);
#1791=FACE_BOUND('',#1675,.T.);
#1792=FACE_BOUND('',#1676,.T.);
#1793=FACE_BOUND('',#1677,.T.);
#1794=FACE_BOUND('',#1678,.T.);
#1795=FACE_BOUND('',#1679,.T.);
#1796=FACE_BOUND('',#1680,.T.);
#1797=FACE_BOUND('',#1681,.T.);
#1798=FACE_BOUND('',#1682,.T.);
#1799=FACE_BOUND('',#1683,.T.);
#1800=FACE_BOUND('',#1684,.T.);
#1801=FACE_BOUND('',#1685,.T.);
#1802=FACE_BOUND('',#1686,.T.);
#1803=FACE_BOUND('',#1687,.T.);
#1804=FACE_BOUND('',#1688,.T.);
#1805=FACE_BOUND('',#1689,.T.);
#1806=FACE_BOUND('',#1690,.T.);
#1807=FACE_BOUND('',#1691,.T.);
#1808=FACE_BOUND('',#1692,.T.);
#1809=FACE_BOUND('',#1693,.T.);
#1810=FACE_BOUND('',#1694,.T.);
#1811=FACE_BOUND('',#1695,.T.);
#1812=FACE_BOUND('',#1696,.T.);
#1813=FACE_BOUND('',#1697,.T.);
#1814=FACE_BOUND('',#1698,.T.);
#1815=FACE_BOUND('',#1699,.T.);
#1816=FACE_BOUND('',#1700,.T.);
#1817=FACE_BOUND('',#1701,.T.);
#1818=FACE_BOUND('',#1702,.T.);
#1819=FACE_BOUND('',#1703,.T.);
#1820=FACE_BOUND('',#1704,.T.);
#1821=FACE_BOUND('',#1705,.T.);
#1822=FACE_BOUND('',#1706,.T.);
#1823=FACE_BOUND('',#1707,.T.);
#1824=FACE_BOUND('',#1708,.T.);
#1825=FACE_BOUND('',#1709,.T.);
#1826=FACE_BOUND('',#1710,.T.);
#1827=FACE_BOUND('',#1711,.T.);
#1828=FACE_BOUND('',#1712,.T.);
#1829=FACE_BOUND('',#1713,.T.);
#1830=FACE_BOUND('',#1714,.T.);
#1831=FACE_BOUND('',#1715,.T.);
#1832=FACE_BOUND('',#1716,.T.);
#1833=FACE_BOUND('',#1717,.T.);
#1834=FACE_BOUND('',#1718,.T.);
#1835=FACE_BOUND('',#1719,.T.);
#1836=FACE_BOUND('',#1720,.T.);
#1837=FACE_BOUND('',#1721,.T.);
#1838=FACE_BOUND('',#1722,.T.);
#1839=FACE_BOUND('',#1723,.T.);
#1840=FACE_BOUND('',#1724,.T.);
#1841=FACE_BOUND('',#1725,.T.);
#1842=FACE_BOUND('',#1726,.T.);
#1843=FACE_BOUND('',#1727,.T.);
#1844=FACE_BOUND('',#1728,.T.);
#1845=FACE_BOUND('',#1729,.T.);
#1846=FACE_BOUND('',#1730,.T.);
#1847=FACE_BOUND('',#1731,.T.);
#1848=FACE_BOUND('',#1732,.T.);
#1849=FACE_BOUND('',#1733,.T.);
#1850=FACE_BOUND('',#1734,.T.);
#1851=FACE_BOUND('',#1735,.T.);
#1852=FACE_BOUND('',#1736,.T.);
#1853=FACE_BOUND('',#1737,.T.);
#1854=FACE_BOUND('',#1738,.T.);
#1855=FACE_BOUND('',#1739,.T.);
#1856=FACE_BOUND('',#1740,.T.);
#1857=FACE_BOUND('',#1741,.T.);
#1858=FACE_BOUND('',#1742,.T.);
#1859=FACE_BOUND('',#1743,.T.);
#1860=FACE_BOUND('',#1744,.T.);
#1861=FACE_BOUND('',#1745,.T.);
#1862=FACE_BOUND('',#1746,.T.);
#1863=FACE_BOUND('',#1747,.T.);
#1864=FACE_BOUND('',#1748,.T.);
#1865=FACE_BOUND('',#1749,.T.);
#1866=FACE_BOUND('',#1750,.T.);
#1867=FACE_BOUND('',#1751,.T.);
#1868=FACE_BOUND('',#1752,.T.);
#1869=FACE_BOUND('',#1753,.T.);
#1870=FACE_BOUND('',#1754,.T.);
#1871=FACE_BOUND('',#1755,.T.);
#1872=FACE_BOUND('',#1756,.T.);
#1873=FACE_BOUND('',#1757,.T.);
#1874=FACE_BOUND('',#1758,.T.);
#1875=FACE_BOUND('',#1759,.T.);
#1876=FACE_BOUND('',#1760,.T.);
#1877=FACE_BOUND('',#1761,.T.);
#1878=FACE_BOUND('',#1762,.T.);
#1879=FACE_BOUND('',#1763,.T.);
#1880=FACE_BOUND('',#1764,.T.);
#1881=FACE_BOUND('',#1765,.T.);
#1882=FACE_BOUND('',#1766,.T.);
#1883=FACE_BOUND('',#1767,.T.);
#1884=FACE_BOUND('',#1768,.T.);
#1885=FACE_BOUND('',#1769,.T.);
#1886=FACE_BOUND('',#1770,.T.);
#1887=FACE_BOUND('',#1771,.T.);
#1888=FACE_BOUND('',#1772,.T.);
#1889=PLANE('',#2118);
#1890=PLANE('',#2119);
#1891=PLANE('',#2120);
#1892=PLANE('',#2121);
#1893=PLANE('',#2122);
#1894=PLANE('',#2123);
#1895=PLANE('',#2124);
#1896=PLANE('',#2125);
#1897=PLANE('',#2126);
#1898=PLANE('',#2127);
#1899=PLANE('',#2128);
#1900=PLANE('',#2129);
#1901=PLANE('',#2130);
#1902=PLANE('',#2131);
#1903=PLANE('',#2132);
#1904=PLANE('',#2133);
#1905=PLANE('',#2134);
#1906=PLANE('',#2135);
#1907=PLANE('',#2136);
#1908=PLANE('',#2137);
#1909=PLANE('',#2138);
#1910=PLANE('',#2139);
#1911=PLANE('',#2140);
#1912=PLANE('',#2145);
#1913=PLANE('',#2146);
#1914=PLANE('',#2147);
#1915=PLANE('',#2148);
#1916=PLANE('',#2149);
#1917=PLANE('',#2150);
#1918=PLANE('',#2151);
#1919=PLANE('',#2152);
#1920=PLANE('',#2153);
#1921=PLANE('',#2154);
#1922=PLANE('',#2155);
#1923=PLANE('',#2156);
#1924=PLANE('',#2157);
#1925=PLANE('',#2158);
#1926=PLANE('',#2159);
#1927=PLANE('',#2160);
#1928=PLANE('',#2161);
#1929=PLANE('',#2162);
#1930=PLANE('',#2163);
#1931=PLANE('',#2164);
#1932=PLANE('',#2165);
#1933=PLANE('',#2166);
#1934=PLANE('',#2167);
#1935=PLANE('',#2168);
#1936=PLANE('',#2169);
#1937=PLANE('',#2176);
#1938=PLANE('',#2179);
#1939=PLANE('',#2182);
#1940=PLANE('',#2183);
#1941=PLANE('',#2188);
#1942=PLANE('',#2189);
#1943=PLANE('',#2190);
#1944=PLANE('',#2191);
#1945=PLANE('',#2192);
#1946=PLANE('',#2193);
#1947=PLANE('',#2198);
#1948=PLANE('',#2199);
#1949=PLANE('',#2200);
#1950=PLANE('',#2201);
#1951=PLANE('',#2205);
#1952=PLANE('',#2206);
#1953=PLANE('',#2207);
#1954=PLANE('',#2211);
#1955=PLANE('',#2212);
#1956=PLANE('',#2213);
#1957=PLANE('',#2217);
#1958=PLANE('',#2218);
#1959=PLANE('',#2219);
#1960=PLANE('',#2223);
#1961=PLANE('',#2224);
#1962=PLANE('',#2225);
#1963=PLANE('',#2226);
#1964=PLANE('',#2227);
#1965=PLANE('',#2228);
#1966=PLANE('',#2229);
#1967=PLANE('',#2230);
#1968=PLANE('',#2231);
#1969=PLANE('',#2232);
#1970=PLANE('',#2233);
#1971=PLANE('',#2234);
#1972=PLANE('',#2235);
#1973=PLANE('',#2236);
#1974=PLANE('',#2237);
#1975=PLANE('',#2238);
#1976=PLANE('',#2239);
#1977=PLANE('',#2240);
#1978=PLANE('',#2241);
#1979=PLANE('',#2242);
#1980=PLANE('',#2243);
#1981=PLANE('',#2244);
#1982=PLANE('',#2245);
#1983=ADVANCED_FACE('',(#1773),#1889,.F.);
#1984=ADVANCED_FACE('',(#1774),#1890,.F.);
#1985=ADVANCED_FACE('',(#1775),#1891,.F.);
#1986=ADVANCED_FACE('',(#1776),#1892,.F.);
#1987=ADVANCED_FACE('',(#1777),#1893,.F.);
#1988=ADVANCED_FACE('',(#1778),#1894,.F.);
#1989=ADVANCED_FACE('',(#1779),#1895,.F.);
#1990=ADVANCED_FACE('',(#1780),#1896,.F.);
#1991=ADVANCED_FACE('',(#1781),#1897,.F.);
#1992=ADVANCED_FACE('',(#1782),#1898,.F.);
#1993=ADVANCED_FACE('',(#1783),#1899,.F.);
#1994=ADVANCED_FACE('',(#1784),#1900,.F.);
#1995=ADVANCED_FACE('',(#1785),#1901,.F.);
#1996=ADVANCED_FACE('',(#1786),#1902,.F.);
#1997=ADVANCED_FACE('',(#1787),#1903,.F.);
#1998=ADVANCED_FACE('',(#1788),#1904,.F.);
#1999=ADVANCED_FACE('',(#1789),#1905,.F.);
#2000=ADVANCED_FACE('',(#1790,#1791,#1792),#1906,.F.);
#2001=ADVANCED_FACE('',(#1793),#1907,.F.);
#2002=ADVANCED_FACE('',(#1794),#1908,.F.);
#2003=ADVANCED_FACE('',(#1795),#1909,.F.);
#2004=ADVANCED_FACE('',(#1796),#1910,.T.);
#2005=ADVANCED_FACE('',(#1797,#1798,#1799,#1800,#1801),#1911,.F.);
#2006=ADVANCED_FACE('',(#1802),#1912,.T.);
#2007=ADVANCED_FACE('',(#1803),#1913,.T.);
#2008=ADVANCED_FACE('',(#1804),#1914,.T.);
#2009=ADVANCED_FACE('',(#1805),#1915,.T.);
#2010=ADVANCED_FACE('',(#1806),#1916,.T.);
#2011=ADVANCED_FACE('',(#1807),#1917,.T.);
#2012=ADVANCED_FACE('',(#1808),#1918,.T.);
#2013=ADVANCED_FACE('',(#1809),#1919,.T.);
#2014=ADVANCED_FACE('',(#1810),#1920,.T.);
#2015=ADVANCED_FACE('',(#1811),#1921,.T.);
#2016=ADVANCED_FACE('',(#1812),#1922,.T.);
#2017=ADVANCED_FACE('',(#1813),#1923,.T.);
#2018=ADVANCED_FACE('',(#1814),#1924,.T.);
#2019=ADVANCED_FACE('',(#1815),#1925,.T.);
#2020=ADVANCED_FACE('',(#1816),#1926,.T.);
#2021=ADVANCED_FACE('',(#1817),#1927,.T.);
#2022=ADVANCED_FACE('',(#1818),#1928,.T.);
#2023=ADVANCED_FACE('',(#1819),#1929,.F.);
#2024=ADVANCED_FACE('',(#1820),#1930,.T.);
#2025=ADVANCED_FACE('',(#1821),#1931,.T.);
#2026=ADVANCED_FACE('',(#1822),#1932,.F.);
#2027=ADVANCED_FACE('',(#1823),#1933,.T.);
#2028=ADVANCED_FACE('',(#1824,#1825,#1826,#1827,#1828),#1934,.T.);
#2029=ADVANCED_FACE('',(#1829),#1935,.F.);
#2030=ADVANCED_FACE('',(#1830),#1936,.T.);
#2031=ADVANCED_FACE('',(#1831),#45,.T.);
#2032=ADVANCED_FACE('',(#1832),#46,.T.);
#2033=ADVANCED_FACE('',(#1833),#47,.T.);
#2034=ADVANCED_FACE('',(#1834),#48,.T.);
#2035=ADVANCED_FACE('',(#1835),#1937,.T.);
#2036=ADVANCED_FACE('',(#1836),#1938,.F.);
#2037=ADVANCED_FACE('',(#1837),#1939,.F.);
#2038=ADVANCED_FACE('',(#1838),#1940,.F.);
#2039=ADVANCED_FACE('',(#1839),#18,.F.);
#2040=ADVANCED_FACE('',(#1840),#19,.F.);
#2041=ADVANCED_FACE('',(#1841),#1941,.F.);
#2042=ADVANCED_FACE('',(#1842),#1942,.F.);
#2043=ADVANCED_FACE('',(#1843),#1943,.F.);
#2044=ADVANCED_FACE('',(#1844),#1944,.F.);
#2045=ADVANCED_FACE('',(#1845),#1945,.F.);
#2046=ADVANCED_FACE('',(#1846),#1946,.F.);
#2047=ADVANCED_FACE('',(#1847),#20,.T.);
#2048=ADVANCED_FACE('',(#1848),#21,.T.);
#2049=ADVANCED_FACE('',(#1849),#1947,.F.);
#2050=ADVANCED_FACE('',(#1850),#1948,.F.);
#2051=ADVANCED_FACE('',(#1851),#1949,.F.);
#2052=ADVANCED_FACE('',(#1852),#1950,.F.);
#2053=ADVANCED_FACE('',(#1853),#22,.T.);
#2054=ADVANCED_FACE('',(#1854),#1951,.F.);
#2055=ADVANCED_FACE('',(#1855),#1952,.F.);
#2056=ADVANCED_FACE('',(#1856),#1953,.F.);
#2057=ADVANCED_FACE('',(#1857),#23,.F.);
#2058=ADVANCED_FACE('',(#1858),#1954,.F.);
#2059=ADVANCED_FACE('',(#1859),#1955,.F.);
#2060=ADVANCED_FACE('',(#1860),#1956,.F.);
#2061=ADVANCED_FACE('',(#1861),#24,.T.);
#2062=ADVANCED_FACE('',(#1862),#1957,.F.);
#2063=ADVANCED_FACE('',(#1863),#1958,.F.);
#2064=ADVANCED_FACE('',(#1864),#1959,.F.);
#2065=ADVANCED_FACE('',(#1865),#25,.F.);
#2066=ADVANCED_FACE('',(#1866),#1960,.F.);
#2067=ADVANCED_FACE('',(#1867),#1961,.F.);
#2068=ADVANCED_FACE('',(#1868),#1962,.F.);
#2069=ADVANCED_FACE('',(#1869),#1963,.F.);
#2070=ADVANCED_FACE('',(#1870),#1964,.F.);
#2071=ADVANCED_FACE('',(#1871),#1965,.T.);
#2072=ADVANCED_FACE('',(#1872),#1966,.F.);
#2073=ADVANCED_FACE('',(#1873),#1967,.F.);
#2074=ADVANCED_FACE('',(#1874),#1968,.F.);
#2075=ADVANCED_FACE('',(#1875),#1969,.F.);
#2076=ADVANCED_FACE('',(#1876),#1970,.F.);
#2077=ADVANCED_FACE('',(#1877),#1971,.T.);
#2078=ADVANCED_FACE('',(#1878),#1972,.F.);
#2079=ADVANCED_FACE('',(#1879),#1973,.T.);
#2080=ADVANCED_FACE('',(#1880),#1974,.T.);
#2081=ADVANCED_FACE('',(#1881),#1975,.F.);
#2082=ADVANCED_FACE('',(#1882),#1976,.F.);
#2083=ADVANCED_FACE('',(#1883),#1977,.F.);
#2084=ADVANCED_FACE('',(#1884),#1978,.F.);
#2085=ADVANCED_FACE('',(#1885),#1979,.F.);
#2086=ADVANCED_FACE('',(#1886),#1980,.F.);
#2087=ADVANCED_FACE('',(#1887),#1981,.F.);
#2088=ADVANCED_FACE('',(#1888),#1982,.F.);
#2089=CLOSED_SHELL('',(#1983,#1984,#1985,#1986,#1987,#1988,#1989,#1990,
#1991,#1992,#1993,#1994,#1995,#1996,#1997,#1998,#1999,#2000,#2001,#2002,
#2003,#2004,#2005,#2006,#2007,#2008,#2009,#2010,#2011,#2012,#2013,#2014,
#2015,#2016,#2017,#2018,#2019,#2020,#2021,#2022,#2023,#2024,#2025,#2026,
#2027,#2028,#2029,#2030,#2031,#2032,#2033,#2034));
#2090=CLOSED_SHELL('',(#2035,#2036,#2037,#2038,#2039,#2040,#2041,#2042,
#2043,#2044,#2045,#2046,#2047,#2048,#2049,#2050,#2051,#2052,#2053,#2054,
#2055,#2056,#2057,#2058,#2059,#2060,#2061,#2062,#2063,#2064,#2065,#2066,
#2067,#2068,#2069,#2070,#2071,#2072,#2073,#2074,#2075,#2076,#2077,#2078,
#2079,#2080,#2081,#2082,#2083,#2084,#2085,#2086,#2087,#2088));
#2091=STYLED_ITEM('',(#2093),#2107);
#2092=STYLED_ITEM('',(#2094),#2108);
#2093=PRESENTATION_STYLE_ASSIGNMENT((#2095));
#2094=PRESENTATION_STYLE_ASSIGNMENT((#2096));
#2095=SURFACE_STYLE_USAGE(.BOTH.,#2097);
#2096=SURFACE_STYLE_USAGE(.BOTH.,#2098);
#2097=SURFACE_SIDE_STYLE('',(#2099));
#2098=SURFACE_SIDE_STYLE('',(#2100));
#2099=SURFACE_STYLE_FILL_AREA(#2101);
#2100=SURFACE_STYLE_FILL_AREA(#2102);
#2101=FILL_AREA_STYLE('',(#2103));
#2102=FILL_AREA_STYLE('',(#2104));
#2103=FILL_AREA_STYLE_COLOUR('',#2105);
#2104=FILL_AREA_STYLE_COLOUR('',#2106);
#2105=COLOUR_RGB('',0.689999997615814,0.689999997615814,0.689999997615814);
#2106=COLOUR_RGB('',0.769999980926514,0.769999980926514,0.769999980926514);
#2107=MANIFOLD_SOLID_BREP('BCS-102-D-HE_socket',#2089);
#2108=MANIFOLD_SOLID_BREP('C-95-01-02-L-D-HE2',#2090);
#2109=SHAPE_DEFINITION_REPRESENTATION(#3377,#2113);
#2110=SHAPE_DEFINITION_REPRESENTATION(#3378,#2114);
#2111=SHAPE_DEFINITION_REPRESENTATION(#3380,#2115);
#2112=SHAPE_DEFINITION_REPRESENTATION(#3382,#2116);
#2113=SHAPE_REPRESENTATION('BCS-102-L-D-HE',(#2117,#2174,#2175,#2246),#3363);
#2114=SHAPE_REPRESENTATION('BCS-102-D-HE_socket',(#2117),#3364);
#2115=SHAPE_REPRESENTATION('C-95-01-02-L-D-HE',(#2117),#3365);
#2116=SHAPE_REPRESENTATION('C-95-01-02-L-D-HE2',(#2117),#3366);
#2117=AXIS2_PLACEMENT_3D('',#2775,#2247,#2248);
#2118=AXIS2_PLACEMENT_3D('',#2776,#2249,#2250);
#2119=AXIS2_PLACEMENT_3D('',#2785,#2255,#2256);
#2120=AXIS2_PLACEMENT_3D('',#2794,#2261,#2262);
#2121=AXIS2_PLACEMENT_3D('',#2800,#2266,#2267);
#2122=AXIS2_PLACEMENT_3D('',#2806,#2271,#2272);
#2123=AXIS2_PLACEMENT_3D('',#2809,#2275,#2276);
#2124=AXIS2_PLACEMENT_3D('',#2818,#2281,#2282);
#2125=AXIS2_PLACEMENT_3D('',#2824,#2286,#2287);
#2126=AXIS2_PLACEMENT_3D('',#2830,#2291,#2292);
#2127=AXIS2_PLACEMENT_3D('',#2833,#2295,#2296);
#2128=AXIS2_PLACEMENT_3D('',#2842,#2301,#2302);
#2129=AXIS2_PLACEMENT_3D('',#2848,#2306,#2307);
#2130=AXIS2_PLACEMENT_3D('',#2854,#2311,#2312);
#2131=AXIS2_PLACEMENT_3D('',#2857,#2315,#2316);
#2132=AXIS2_PLACEMENT_3D('',#2866,#2321,#2322);
#2133=AXIS2_PLACEMENT_3D('',#2872,#2326,#2327);
#2134=AXIS2_PLACEMENT_3D('',#2878,#2331,#2332);
#2135=AXIS2_PLACEMENT_3D('',#2881,#2335,#2336);
#2136=AXIS2_PLACEMENT_3D('',#2938,#2365,#2366);
#2137=AXIS2_PLACEMENT_3D('',#2947,#2371,#2372);
#2138=AXIS2_PLACEMENT_3D('',#2950,#2375,#2376);
#2139=AXIS2_PLACEMENT_3D('',#2953,#2379,#2380);
#2140=AXIS2_PLACEMENT_3D('',#2959,#2384,#2385);
#2141=AXIS2_PLACEMENT_3D('',#2960,#2386,#2387);
#2142=AXIS2_PLACEMENT_3D('',#2962,#2388,#2389);
#2143=AXIS2_PLACEMENT_3D('',#2964,#2390,#2391);
#2144=AXIS2_PLACEMENT_3D('',#2966,#2392,#2393);
#2145=AXIS2_PLACEMENT_3D('',#2983,#2403,#2404);
#2146=AXIS2_PLACEMENT_3D('',#2986,#2407,#2408);
#2147=AXIS2_PLACEMENT_3D('',#2988,#2410,#2411);
#2148=AXIS2_PLACEMENT_3D('',#2995,#2416,#2417);
#2149=AXIS2_PLACEMENT_3D('',#2996,#2418,#2419);
#2150=AXIS2_PLACEMENT_3D('',#2999,#2422,#2423);
#2151=AXIS2_PLACEMENT_3D('',#3001,#2425,#2426);
#2152=AXIS2_PLACEMENT_3D('',#3003,#2428,#2429);
#2153=AXIS2_PLACEMENT_3D('',#3004,#2430,#2431);
#2154=AXIS2_PLACEMENT_3D('',#3007,#2434,#2435);
#2155=AXIS2_PLACEMENT_3D('',#3009,#2437,#2438);
#2156=AXIS2_PLACEMENT_3D('',#3011,#2440,#2441);
#2157=AXIS2_PLACEMENT_3D('',#3012,#2442,#2443);
#2158=AXIS2_PLACEMENT_3D('',#3015,#2446,#2447);
#2159=AXIS2_PLACEMENT_3D('',#3017,#2449,#2450);
#2160=AXIS2_PLACEMENT_3D('',#3024,#2455,#2456);
#2161=AXIS2_PLACEMENT_3D('',#3025,#2457,#2458);
#2162=AXIS2_PLACEMENT_3D('',#3028,#2461,#2462);
#2163=AXIS2_PLACEMENT_3D('',#3029,#2463,#2464);
#2164=AXIS2_PLACEMENT_3D('',#3030,#2465,#2466);
#2165=AXIS2_PLACEMENT_3D('',#3033,#2469,#2470);
#2166=AXIS2_PLACEMENT_3D('',#3034,#2471,#2472);
#2167=AXIS2_PLACEMENT_3D('',#3035,#2473,#2474);
#2168=AXIS2_PLACEMENT_3D('',#3038,#2477,#2478);
#2169=AXIS2_PLACEMENT_3D('',#3039,#2479,#2480);
#2170=AXIS2_PLACEMENT_3D('',#3040,#2481,#2482);
#2171=AXIS2_PLACEMENT_3D('',#3041,#2483,#2484);
#2172=AXIS2_PLACEMENT_3D('',#3042,#2485,#2486);
#2173=AXIS2_PLACEMENT_3D('',#3043,#2487,#2488);
#2174=AXIS2_PLACEMENT_3D('',#3044,#2489,#2490);
#2175=AXIS2_PLACEMENT_3D('',#3046,#2491,#2492);
#2176=AXIS2_PLACEMENT_3D('',#3047,#2493,#2494);
#2177=AXIS2_PLACEMENT_3D('',#3055,#2498,#2499);
#2178=AXIS2_PLACEMENT_3D('',#3063,#2503,#2504);
#2179=AXIS2_PLACEMENT_3D('',#3076,#2511,#2512);
#2180=AXIS2_PLACEMENT_3D('',#3094,#2521,#2522);
#2181=AXIS2_PLACEMENT_3D('',#3102,#2526,#2527);
#2182=AXIS2_PLACEMENT_3D('',#3105,#2529,#2530);
#2183=AXIS2_PLACEMENT_3D('',#3116,#2537,#2538);
#2184=AXIS2_PLACEMENT_3D('',#3127,#2545,#2546);
#2185=AXIS2_PLACEMENT_3D('',#3128,#2547,#2548);
#2186=AXIS2_PLACEMENT_3D('',#3131,#2550,#2551);
#2187=AXIS2_PLACEMENT_3D('',#3134,#2553,#2554);
#2188=AXIS2_PLACEMENT_3D('',#3135,#2555,#2556);
#2189=AXIS2_PLACEMENT_3D('',#3139,#2559,#2560);
#2190=AXIS2_PLACEMENT_3D('',#3143,#2563,#2564);
#2191=AXIS2_PLACEMENT_3D('',#3147,#2567,#2568);
#2192=AXIS2_PLACEMENT_3D('',#3151,#2571,#2572);
#2193=AXIS2_PLACEMENT_3D('',#3155,#2575,#2576);
#2194=AXIS2_PLACEMENT_3D('',#3159,#2579,#2580);
#2195=AXIS2_PLACEMENT_3D('',#3160,#2581,#2582);
#2196=AXIS2_PLACEMENT_3D('',#3163,#2584,#2585);
#2197=AXIS2_PLACEMENT_3D('',#3164,#2586,#2587);
#2198=AXIS2_PLACEMENT_3D('',#3167,#2589,#2590);
#2199=AXIS2_PLACEMENT_3D('',#3171,#2593,#2594);
#2200=AXIS2_PLACEMENT_3D('',#3175,#2597,#2598);
#2201=AXIS2_PLACEMENT_3D('',#3177,#2600,#2601);
#2202=AXIS2_PLACEMENT_3D('',#3179,#2603,#2604);
#2203=AXIS2_PLACEMENT_3D('',#3180,#2605,#2606);
#2204=AXIS2_PLACEMENT_3D('',#3185,#2608,#2609);
#2205=AXIS2_PLACEMENT_3D('',#3188,#2611,#2612);
#2206=AXIS2_PLACEMENT_3D('',#3194,#2616,#2617);
#2207=AXIS2_PLACEMENT_3D('',#3200,#2621,#2622);
#2208=AXIS2_PLACEMENT_3D('',#3206,#2626,#2627);
#2209=AXIS2_PLACEMENT_3D('',#3207,#2628,#2629);
#2210=AXIS2_PLACEMENT_3D('',#3211,#2631,#2632);
#2211=AXIS2_PLACEMENT_3D('',#3212,#2633,#2634);
#2212=AXIS2_PLACEMENT_3D('',#3221,#2639,#2640);
#2213=AXIS2_PLACEMENT_3D('',#3239,#2650,#2651);
#2214=AXIS2_PLACEMENT_3D('',#3250,#2658,#2659);
#2215=AXIS2_PLACEMENT_3D('',#3251,#2660,#2661);
#2216=AXIS2_PLACEMENT_3D('',#3256,#2663,#2664);
#2217=AXIS2_PLACEMENT_3D('',#3259,#2666,#2667);
#2218=AXIS2_PLACEMENT_3D('',#3265,#2671,#2672);
#2219=AXIS2_PLACEMENT_3D('',#3271,#2676,#2677);
#2220=AXIS2_PLACEMENT_3D('',#3277,#2681,#2682);
#2221=AXIS2_PLACEMENT_3D('',#3278,#2683,#2684);
#2222=AXIS2_PLACEMENT_3D('',#3280,#2685,#2686);
#2223=AXIS2_PLACEMENT_3D('',#3283,#2688,#2689);
#2224=AXIS2_PLACEMENT_3D('',#3291,#2695,#2696);
#2225=AXIS2_PLACEMENT_3D('',#3297,#2700,#2701);
#2226=AXIS2_PLACEMENT_3D('',#3311,#2709,#2710);
#2227=AXIS2_PLACEMENT_3D('',#3322,#2717,#2718);
#2228=AXIS2_PLACEMENT_3D('',#3328,#2722,#2723);
#2229=AXIS2_PLACEMENT_3D('',#3331,#2726,#2727);
#2230=AXIS2_PLACEMENT_3D('',#3334,#2730,#2731);
#2231=AXIS2_PLACEMENT_3D('',#3336,#2733,#2734);
#2232=AXIS2_PLACEMENT_3D('',#3337,#2735,#2736);
#2233=AXIS2_PLACEMENT_3D('',#3340,#2739,#2740);
#2234=AXIS2_PLACEMENT_3D('',#3343,#2743,#2744);
#2235=AXIS2_PLACEMENT_3D('',#3344,#2745,#2746);
#2236=AXIS2_PLACEMENT_3D('',#3347,#2749,#2750);
#2237=AXIS2_PLACEMENT_3D('',#3348,#2751,#2752);
#2238=AXIS2_PLACEMENT_3D('',#3349,#2753,#2754);
#2239=AXIS2_PLACEMENT_3D('',#3350,#2755,#2756);
#2240=AXIS2_PLACEMENT_3D('',#3353,#2759,#2760);
#2241=AXIS2_PLACEMENT_3D('',#3354,#2761,#2762);
#2242=AXIS2_PLACEMENT_3D('',#3355,#2763,#2764);
#2243=AXIS2_PLACEMENT_3D('',#3356,#2765,#2766);
#2244=AXIS2_PLACEMENT_3D('',#3359,#2769,#2770);
#2245=AXIS2_PLACEMENT_3D('',#3360,#2771,#2772);
#2246=AXIS2_PLACEMENT_3D('',#3361,#2773,#2774);
#2247=DIRECTION('',(0.,0.,1.));
#2248=DIRECTION('',(1.,0.,0.));
#2249=DIRECTION('',(0.,0.,1.));
#2250=DIRECTION('',(1.,0.,0.));
#2251=DIRECTION('',(0.,1.,0.));
#2252=DIRECTION('',(-1.,0.,0.));
#2253=DIRECTION('',(0.,-1.,0.));
#2254=DIRECTION('',(-1.,0.,0.));
#2255=DIRECTION('',(0.,1.,0.));
#2256=DIRECTION('',(0.,0.,1.));
#2257=DIRECTION('',(-1.,0.,0.));
#2258=DIRECTION('',(0.,0.,1.));
#2259=DIRECTION('',(-1.,0.,0.));
#2260=DIRECTION('',(0.,0.,1.));
#2261=DIRECTION('',(-1.,0.,0.));
#2262=DIRECTION('',(0.,0.,1.));
#2263=DIRECTION('',(0.,-1.,0.));
#2264=DIRECTION('',(0.,-1.,0.));
#2265=DIRECTION('',(0.,0.,1.));
#2266=DIRECTION('',(0.,-1.,0.));
#2267=DIRECTION('',(0.,0.,-1.));
#2268=DIRECTION('',(1.,0.,0.));
#2269=DIRECTION('',(1.,0.,0.));
#2270=DIRECTION('',(0.,0.,1.));
#2271=DIRECTION('',(1.,0.,0.));
#2272=DIRECTION('',(0.,0.,-1.));
#2273=DIRECTION('',(0.,1.,0.));
#2274=DIRECTION('',(0.,1.,0.));
#2275=DIRECTION('',(0.,1.,0.));
#2276=DIRECTION('',(0.,0.,1.));
#2277=DIRECTION('',(-1.,0.,0.));
#2278=DIRECTION('',(0.,0.,1.));
#2279=DIRECTION('',(-1.,0.,0.));
#2280=DIRECTION('',(0.,0.,1.));
#2281=DIRECTION('',(-1.,0.,0.));
#2282=DIRECTION('',(0.,0.,1.));
#2283=DIRECTION('',(0.,-1.,0.));
#2284=DIRECTION('',(0.,-1.,0.));
#2285=DIRECTION('',(0.,0.,1.));
#2286=DIRECTION('',(0.,-1.,0.));
#2287=DIRECTION('',(0.,0.,-1.));
#2288=DIRECTION('',(1.,0.,0.));
#2289=DIRECTION('',(1.,0.,0.));
#2290=DIRECTION('',(0.,0.,1.));
#2291=DIRECTION('',(1.,0.,0.));
#2292=DIRECTION('',(0.,0.,-1.));
#2293=DIRECTION('',(0.,1.,0.));
#2294=DIRECTION('',(0.,1.,0.));
#2295=DIRECTION('',(0.,1.,0.));
#2296=DIRECTION('',(0.,0.,1.));
#2297=DIRECTION('',(-1.,0.,0.));
#2298=DIRECTION('',(0.,0.,1.));
#2299=DIRECTION('',(-1.,0.,0.));
#2300=DIRECTION('',(0.,0.,1.));
#2301=DIRECTION('',(-1.,0.,0.));
#2302=DIRECTION('',(0.,0.,1.));
#2303=DIRECTION('',(0.,-1.,0.));
#2304=DIRECTION('',(0.,-1.,0.));
#2305=DIRECTION('',(0.,0.,1.));
#2306=DIRECTION('',(0.,-1.,0.));
#2307=DIRECTION('',(0.,0.,-1.));
#2308=DIRECTION('',(1.,0.,0.));
#2309=DIRECTION('',(1.,0.,0.));
#2310=DIRECTION('',(0.,0.,1.));
#2311=DIRECTION('',(1.,0.,0.));
#2312=DIRECTION('',(0.,0.,-1.));
#2313=DIRECTION('',(0.,1.,0.));
#2314=DIRECTION('',(0.,1.,0.));
#2315=DIRECTION('',(0.,1.,0.));
#2316=DIRECTION('',(0.,0.,1.));
#2317=DIRECTION('',(-1.,0.,0.));
#2318=DIRECTION('',(0.,0.,1.));
#2319=DIRECTION('',(-1.,0.,0.));
#2320=DIRECTION('',(0.,0.,1.));
#2321=DIRECTION('',(-1.,0.,0.));
#2322=DIRECTION('',(0.,0.,1.));
#2323=DIRECTION('',(0.,-1.,0.));
#2324=DIRECTION('',(0.,-1.,0.));
#2325=DIRECTION('',(0.,0.,1.));
#2326=DIRECTION('',(0.,-1.,0.));
#2327=DIRECTION('',(0.,0.,-1.));
#2328=DIRECTION('',(1.,0.,0.));
#2329=DIRECTION('',(1.,0.,0.));
#2330=DIRECTION('',(0.,0.,1.));
#2331=DIRECTION('',(1.,0.,0.));
#2332=DIRECTION('',(0.,0.,-1.));
#2333=DIRECTION('',(0.,1.,0.));
#2334=DIRECTION('',(0.,1.,0.));
#2335=DIRECTION('',(0.,0.,-1.));
#2336=DIRECTION('',(-1.,0.,0.));
#2337=DIRECTION('',(-1.,0.,0.));
#2338=DIRECTION('',(0.,1.,0.));
#2339=DIRECTION('',(1.,0.,0.));
#2340=DIRECTION('',(0.,-1.,0.));
#2341=DIRECTION('',(-1.,0.,0.));
#2342=DIRECTION('',(0.,1.,0.));
#2343=DIRECTION('',(1.,0.,0.));
#2344=DIRECTION('',(0.,-1.,0.));
#2345=DIRECTION('',(1.,0.,0.));
#2346=DIRECTION('',(0.,-1.,0.));
#2347=DIRECTION('',(1.,0.,0.));
#2348=DIRECTION('',(0.,-1.,0.));
#2349=DIRECTION('',(1.,0.,0.));
#2350=DIRECTION('',(0.,-1.,0.));
#2351=DIRECTION('',(1.,0.,0.));
#2352=DIRECTION('',(0.,-1.,0.));
#2353=DIRECTION('',(1.,0.,0.));
#2354=DIRECTION('',(0.,-1.,0.));
#2355=DIRECTION('',(-1.,0.,0.));
#2356=DIRECTION('',(0.,1.,0.));
#2357=DIRECTION('',(1.,0.,0.));
#2358=DIRECTION('',(0.,-1.,0.));
#2359=DIRECTION('',(1.,0.,0.));
#2360=DIRECTION('',(0.,-1.,0.));
#2361=DIRECTION('',(1.,0.,0.));
#2362=DIRECTION('',(0.,-1.,0.));
#2363=DIRECTION('',(-1.,0.,0.));
#2364=DIRECTION('',(0.,1.,0.));
#2365=DIRECTION('',(0.,0.,1.));
#2366=DIRECTION('',(1.,0.,0.));
#2367=DIRECTION('',(-1.,0.,0.));
#2368=DIRECTION('',(0.,1.,0.));
#2369=DIRECTION('',(-1.,0.,0.));
#2370=DIRECTION('',(0.,-1.,0.));
#2371=DIRECTION('',(1.,0.,0.));
#2372=DIRECTION('',(0.,0.,-1.));
#2373=DIRECTION('',(0.,0.,1.));
#2374=DIRECTION('',(0.,0.,1.));
#2375=DIRECTION('',(-1.,0.,0.));
#2376=DIRECTION('',(0.,0.,1.));
#2377=DIRECTION('',(0.,0.,-1.));
#2378=DIRECTION('',(0.,0.,-1.));
#2379=DIRECTION('',(0.,1.,0.));
#2380=DIRECTION('',(0.,0.,1.));
#2381=DIRECTION('',(0.,0.,1.));
#2382=DIRECTION('',(-1.,0.,0.));
#2383=DIRECTION('',(0.,0.,1.));
#2384=DIRECTION('',(0.,1.,0.));
#2385=DIRECTION('',(0.,0.,1.));
#2386=DIRECTION('',(0.,-1.,0.));
#2387=DIRECTION('',(0.,0.,-1.));
#2388=DIRECTION('',(0.,-1.,0.));
#2389=DIRECTION('',(0.,0.,-1.));
#2390=DIRECTION('',(0.,-1.,0.));
#2391=DIRECTION('',(0.,0.,-1.));
#2392=DIRECTION('',(0.,-1.,0.));
#2393=DIRECTION('',(0.,0.,-1.));
#2394=DIRECTION('',(-1.,0.,0.));
#2395=DIRECTION('',(0.,0.,-1.));
#2396=DIRECTION('',(0.,0.,-1.));
#2397=DIRECTION('',(-1.,0.,0.));
#2398=DIRECTION('',(0.,0.,-1.));
#2399=DIRECTION('',(0.,0.,-1.));
#2400=DIRECTION('',(-1.,0.,0.));
#2401=DIRECTION('',(0.,0.,-1.));
#2402=DIRECTION('',(0.,0.,-1.));
#2403=DIRECTION('',(0.,-0.707106781186547,0.707106781186548));
#2404=DIRECTION('',(0.,-0.707106781186548,-0.707106781186547));
#2405=DIRECTION('',(-0.577350269189626,-0.577350269189626,-0.577350269189626));
#2406=DIRECTION('',(0.577350269189626,-0.577350269189626,-0.577350269189626));
#2407=DIRECTION('',(0.707106781186547,0.,0.707106781186548));
#2408=DIRECTION('',(0.707106781186548,0.,-0.707106781186547));
#2409=DIRECTION('',(0.577350269189626,0.577350269189626,-0.577350269189626));
#2410=DIRECTION('',(0.,0.707106781186547,0.707106781186548));
#2411=DIRECTION('',(0.,-0.707106781186548,0.707106781186547));
#2412=DIRECTION('',(0.,0.707106781186548,-0.707106781186547));
#2413=DIRECTION('',(1.,0.,0.));
#2414=DIRECTION('',(0.,0.707106781186548,-0.707106781186547));
#2415=DIRECTION('',(-0.577350269189626,0.577350269189626,-0.577350269189626));
#2416=DIRECTION('',(-0.707106781186547,0.,0.707106781186548));
#2417=DIRECTION('',(0.707106781186548,0.,0.707106781186547));
#2418=DIRECTION('',(0.,-0.707106781186547,0.707106781186548));
#2419=DIRECTION('',(0.,-0.707106781186548,-0.707106781186547));
#2420=DIRECTION('',(-0.577350269189626,-0.577350269189626,-0.577350269189626));
#2421=DIRECTION('',(0.577350269189626,-0.577350269189626,-0.577350269189626));
#2422=DIRECTION('',(0.707106781186547,0.,0.707106781186548));
#2423=DIRECTION('',(0.707106781186548,0.,-0.707106781186547));
#2424=DIRECTION('',(0.577350269189626,0.577350269189626,-0.577350269189626));
#2425=DIRECTION('',(0.,0.707106781186547,0.707106781186548));
#2426=DIRECTION('',(0.,-0.707106781186548,0.707106781186547));
#2427=DIRECTION('',(-0.577350269189626,0.577350269189626,-0.577350269189626));
#2428=DIRECTION('',(-0.707106781186547,0.,0.707106781186548));
#2429=DIRECTION('',(0.707106781186548,0.,0.707106781186547));
#2430=DIRECTION('',(0.,-0.707106781186547,0.707106781186548));
#2431=DIRECTION('',(0.,-0.707106781186548,-0.707106781186547));
#2432=DIRECTION('',(-0.577350269189626,-0.577350269189626,-0.577350269189626));
#2433=DIRECTION('',(0.577350269189626,-0.577350269189626,-0.577350269189626));
#2434=DIRECTION('',(0.707106781186547,0.,0.707106781186548));
#2435=DIRECTION('',(0.707106781186548,0.,-0.707106781186547));
#2436=DIRECTION('',(0.577350269189626,0.577350269189626,-0.577350269189626));
#2437=DIRECTION('',(0.,0.707106781186547,0.707106781186548));
#2438=DIRECTION('',(0.,-0.707106781186548,0.707106781186547));
#2439=DIRECTION('',(-0.577350269189626,0.577350269189626,-0.577350269189626));
#2440=DIRECTION('',(-0.707106781186547,0.,0.707106781186548));
#2441=DIRECTION('',(0.707106781186548,0.,0.707106781186547));
#2442=DIRECTION('',(0.,-0.707106781186547,0.707106781186548));
#2443=DIRECTION('',(0.,-0.707106781186548,-0.707106781186547));
#2444=DIRECTION('',(-0.577350269189626,-0.577350269189626,-0.577350269189626));
#2445=DIRECTION('',(0.577350269189626,-0.577350269189626,-0.577350269189626));
#2446=DIRECTION('',(0.707106781186547,0.,0.707106781186548));
#2447=DIRECTION('',(0.707106781186548,0.,-0.707106781186547));
#2448=DIRECTION('',(0.577350269189626,0.577350269189626,-0.577350269189626));
#2449=DIRECTION('',(0.,0.707106781186547,0.707106781186548));
#2450=DIRECTION('',(0.,-0.707106781186548,0.707106781186547));
#2451=DIRECTION('',(0.,0.707106781186548,-0.707106781186547));
#2452=DIRECTION('',(1.,0.,0.));
#2453=DIRECTION('',(0.,0.707106781186548,-0.707106781186547));
#2454=DIRECTION('',(-0.577350269189626,0.577350269189626,-0.577350269189626));
#2455=DIRECTION('',(-0.707106781186547,0.,0.707106781186548));
#2456=DIRECTION('',(0.707106781186548,0.,0.707106781186547));
#2457=DIRECTION('',(0.,0.,1.));
#2458=DIRECTION('',(1.,0.,0.));
#2459=DIRECTION('',(0.,1.,0.));
#2460=DIRECTION('',(0.,1.,0.));
#2461=DIRECTION('',(1.,0.,0.));
#2462=DIRECTION('',(0.,0.,-1.));
#2463=DIRECTION('',(1.,0.,0.));
#2464=DIRECTION('',(0.,0.,-1.));
#2465=DIRECTION('',(0.,0.,1.));
#2466=DIRECTION('',(1.,0.,0.));
#2467=DIRECTION('',(0.,1.,0.));
#2468=DIRECTION('',(0.,1.,0.));
#2469=DIRECTION('',(1.,0.,0.));
#2470=DIRECTION('',(0.,0.,-1.));
#2471=DIRECTION('',(1.,0.,0.));
#2472=DIRECTION('',(0.,0.,-1.));
#2473=DIRECTION('',(0.,0.,-1.));
#2474=DIRECTION('',(-1.,0.,0.));
#2475=DIRECTION('',(0.,-1.,0.));
#2476=DIRECTION('',(0.,-1.,0.));
#2477=DIRECTION('',(1.,0.,0.));
#2478=DIRECTION('',(0.,0.,-1.));
#2479=DIRECTION('',(1.,0.,0.));
#2480=DIRECTION('',(0.,0.,-1.));
#2481=DIRECTION('',(0.,-1.,0.));
#2482=DIRECTION('',(0.,0.,1.));
#2483=DIRECTION('',(0.,-1.,0.));
#2484=DIRECTION('',(0.,0.,1.));
#2485=DIRECTION('',(0.,-1.,0.));
#2486=DIRECTION('',(0.,0.,1.));
#2487=DIRECTION('',(0.,-1.,0.));
#2488=DIRECTION('',(0.,0.,1.));
#2489=DIRECTION('',(0.,0.,1.));
#2490=DIRECTION('',(1.,0.,0.));
#2491=DIRECTION('',(0.,0.,1.));
#2492=DIRECTION('',(1.,0.,0.));
#2493=DIRECTION('',(1.,0.,0.));
#2494=DIRECTION('',(0.,0.,-1.));
#2495=DIRECTION('',(0.,0.,1.));
#2496=DIRECTION('',(0.,1.,3.25219999245746E-16));
#2497=DIRECTION('',(0.,0.,-1.));
#2498=DIRECTION('',(1.,0.,0.));
#2499=DIRECTION('',(0.,0.,-1.));
#2500=DIRECTION('',(0.,-1.,0.));
#2501=DIRECTION('',(0.,0.,-1.));
#2502=DIRECTION('',(0.,1.,0.));
#2503=DIRECTION('',(1.,0.,0.));
#2504=DIRECTION('',(0.,0.,-1.));
#2505=DIRECTION('',(0.,0.,1.));
#2506=DIRECTION('',(0.,-1.,0.));
#2507=DIRECTION('',(0.,0.,1.));
#2508=DIRECTION('',(0.,-1.,-1.13826999736011E-14));
#2509=DIRECTION('',(0.,0.,-1.));
#2510=DIRECTION('',(0.,-1.,0.));
#2511=DIRECTION('',(1.,0.,0.));
#2512=DIRECTION('',(0.,0.,-1.));
#2513=DIRECTION('',(0.,1.,3.25219999245746E-16));
#2514=DIRECTION('',(0.,0.,1.));
#2515=DIRECTION('',(0.,-1.,0.));
#2516=DIRECTION('',(0.,0.,-1.));
#2517=DIRECTION('',(0.,-1.,-1.13826999736011E-14));
#2518=DIRECTION('',(0.,0.,1.));
#2519=DIRECTION('',(0.,-1.,0.));
#2520=DIRECTION('',(0.,0.,1.));
#2521=DIRECTION('',(1.,0.,0.));
#2522=DIRECTION('',(0.,0.,-1.));
#2523=DIRECTION('',(0.,1.,0.));
#2524=DIRECTION('',(0.,0.,-1.));
#2525=DIRECTION('',(0.,-1.,0.));
#2526=DIRECTION('',(1.,0.,0.));
#2527=DIRECTION('',(0.,0.,-1.));
#2528=DIRECTION('',(0.,0.,-1.));
#2529=DIRECTION('',(0.,1.,0.));
#2530=DIRECTION('',(0.,0.,1.));
#2531=DIRECTION('',(0.,0.,1.));
#2532=DIRECTION('',(-1.,0.,0.));
#2533=DIRECTION('',(-1.,0.,0.));
#2534=DIRECTION('',(-1.,0.,0.));
#2535=DIRECTION('',(0.,0.,-1.));
#2536=DIRECTION('',(1.,0.,0.));
#2537=DIRECTION('',(0.,-1.,0.));
#2538=DIRECTION('',(0.,0.,-1.));
#2539=DIRECTION('',(0.,0.,-1.));
#2540=DIRECTION('',(-1.,0.,0.));
#2541=DIRECTION('',(0.,0.,1.));
#2542=DIRECTION('',(-1.,0.,0.));
#2543=DIRECTION('',(-1.,0.,0.));
#2544=DIRECTION('',(-1.,0.,0.));
#2545=DIRECTION('',(-1.,0.,0.));
#2546=DIRECTION('',(0.,0.,1.));
#2547=DIRECTION('',(-1.,0.,0.));
#2548=DIRECTION('',(0.,0.,1.));
#2549=DIRECTION('',(-1.,0.,0.));
#2550=DIRECTION('',(-1.,0.,0.));
#2551=DIRECTION('',(0.,0.,1.));
#2552=DIRECTION('',(-1.,0.,0.));
#2553=DIRECTION('',(1.,0.,0.));
#2554=DIRECTION('',(0.,0.,-1.));
#2555=DIRECTION('',(0.,0.,-1.));
#2556=DIRECTION('',(-1.,0.,0.));
#2557=DIRECTION('',(0.,1.,0.));
#2558=DIRECTION('',(-1.,0.,0.));
#2559=DIRECTION('',(0.,0.,-1.));
#2560=DIRECTION('',(-1.,0.,0.));
#2561=DIRECTION('',(0.,-1.,0.));
#2562=DIRECTION('',(-1.,0.,0.));
#2563=DIRECTION('',(0.,1.,0.));
#2564=DIRECTION('',(0.,0.,1.));
#2565=DIRECTION('',(0.,0.,-1.));
#2566=DIRECTION('',(-1.,0.,0.));
#2567=DIRECTION('',(0.,1.,0.));
#2568=DIRECTION('',(0.,0.,1.));
#2569=DIRECTION('',(0.,0.,-1.));
#2570=DIRECTION('',(-1.,0.,0.));
#2571=DIRECTION('',(0.,0.,1.));
#2572=DIRECTION('',(1.,0.,0.));
#2573=DIRECTION('',(0.,1.,0.));
#2574=DIRECTION('',(-1.,0.,0.));
#2575=DIRECTION('',(0.,0.,1.));
#2576=DIRECTION('',(1.,0.,0.));
#2577=DIRECTION('',(0.,-1.,0.));
#2578=DIRECTION('',(-1.,0.,0.));
#2579=DIRECTION('',(-1.,0.,0.));
#2580=DIRECTION('',(0.,0.,1.));
#2581=DIRECTION('',(-1.,0.,0.));
#2582=DIRECTION('',(0.,0.,1.));
#2583=DIRECTION('',(-1.,0.,0.));
#2584=DIRECTION('',(-1.,0.,0.));
#2585=DIRECTION('',(0.,0.,1.));
#2586=DIRECTION('',(1.,0.,0.));
#2587=DIRECTION('',(0.,0.,-1.));
#2588=DIRECTION('',(-1.,0.,0.));
#2589=DIRECTION('',(0.,-1.,0.));
#2590=DIRECTION('',(0.,0.,-1.));
#2591=DIRECTION('',(0.,0.,-1.));
#2592=DIRECTION('',(-1.,0.,0.));
#2593=DIRECTION('',(0.,-1.,0.));
#2594=DIRECTION('',(0.,0.,-1.));
#2595=DIRECTION('',(0.,0.,1.));
#2596=DIRECTION('',(-1.,0.,0.));
#2597=DIRECTION('',(0.,0.,-1.));
#2598=DIRECTION('',(-1.,0.,0.));
#2599=DIRECTION('',(0.,1.,0.));
#2600=DIRECTION('',(0.,0.,-1.));
#2601=DIRECTION('',(-1.,0.,0.));
#2602=DIRECTION('',(0.,-1.,0.));
#2603=DIRECTION('',(-1.,0.,0.));
#2604=DIRECTION('',(0.,0.,1.));
#2605=DIRECTION('',(1.,0.,0.));
#2606=DIRECTION('',(0.,0.,-1.));
#2607=DIRECTION('',(-1.,0.,0.));
#2608=DIRECTION('',(1.,0.,0.));
#2609=DIRECTION('',(0.,0.,-1.));
#2610=DIRECTION('',(-1.,0.,0.));
#2611=DIRECTION('',(0.,0.,-1.));
#2612=DIRECTION('',(-1.,0.,0.));
#2613=DIRECTION('',(0.,1.,0.));
#2614=DIRECTION('',(-1.,0.,0.));
#2615=DIRECTION('',(0.,-1.,0.));
#2616=DIRECTION('',(0.,1.,0.));
#2617=DIRECTION('',(0.,0.,1.));
#2618=DIRECTION('',(0.,0.,1.));
#2619=DIRECTION('',(-1.,0.,0.));
#2620=DIRECTION('',(0.,0.,-1.));
#2621=DIRECTION('',(0.,-1.32975466981321E-17,1.));
#2622=DIRECTION('',(0.,-1.,-1.32975466981321E-17));
#2623=DIRECTION('',(0.,1.,1.32975466981321E-17));
#2624=DIRECTION('',(-1.,0.,0.));
#2625=DIRECTION('',(0.,1.,1.32975466981321E-17));
#2626=DIRECTION('',(-1.,0.,0.));
#2627=DIRECTION('',(0.,0.,1.));
#2628=DIRECTION('',(1.,0.,0.));
#2629=DIRECTION('',(0.,0.,-1.));
#2630=DIRECTION('',(-1.,0.,0.));
#2631=DIRECTION('',(1.,0.,0.));
#2632=DIRECTION('',(0.,0.,-1.));
#2633=DIRECTION('',(0.,0.,1.));
#2634=DIRECTION('',(1.,0.,0.));
#2635=DIRECTION('',(0.,1.,0.));
#2636=DIRECTION('',(1.,0.,0.));
#2637=DIRECTION('',(0.,1.,0.));
#2638=DIRECTION('',(-1.,0.,0.));
#2639=DIRECTION('',(0.,-3.25219999245746E-16,1.));
#2640=DIRECTION('',(0.,-1.,-3.25219999245746E-16));
#2641=DIRECTION('',(-1.,0.,0.));
#2642=DIRECTION('',(0.,-1.,0.));
#2643=DIRECTION('',(1.,0.,0.));
#2644=DIRECTION('',(0.,1.,3.25219999245746E-16));
#2645=DIRECTION('',(-1.,0.,0.));
#2646=DIRECTION('',(0.,1.,3.25219999245746E-16));
#2647=DIRECTION('',(1.,0.,0.));
#2648=DIRECTION('',(0.,1.,0.));
#2649=DIRECTION('',(-1.,0.,0.));
#2650=DIRECTION('',(0.,0.,-1.));
#2651=DIRECTION('',(-1.,0.,0.));
#2652=DIRECTION('',(0.,1.,0.));
#2653=DIRECTION('',(1.,0.,0.));
#2654=DIRECTION('',(1.,0.,0.));
#2655=DIRECTION('',(1.,0.,0.));
#2656=DIRECTION('',(0.,-1.,0.));
#2657=DIRECTION('',(-1.,0.,0.));
#2658=DIRECTION('',(-1.,0.,0.));
#2659=DIRECTION('',(0.,0.,1.));
#2660=DIRECTION('',(-1.,0.,0.));
#2661=DIRECTION('',(0.,0.,1.));
#2662=DIRECTION('',(-1.,0.,0.));
#2663=DIRECTION('',(1.,0.,0.));
#2664=DIRECTION('',(0.,0.,-1.));
#2665=DIRECTION('',(-1.,0.,0.));
#2666=DIRECTION('',(0.,0.,-1.));
#2667=DIRECTION('',(-1.,0.,0.));
#2668=DIRECTION('',(-1.,0.,0.));
#2669=DIRECTION('',(0.,-1.,0.));
#2670=DIRECTION('',(0.,-1.,0.));
#2671=DIRECTION('',(0.,1.,0.));
#2672=DIRECTION('',(0.,0.,1.));
#2673=DIRECTION('',(-1.,0.,0.));
#2674=DIRECTION('',(0.,0.,1.));
#2675=DIRECTION('',(0.,0.,-1.));
#2676=DIRECTION('',(0.,-1.32975466981321E-17,1.));
#2677=DIRECTION('',(0.,-1.,-1.32975466981321E-17));
#2678=DIRECTION('',(-1.,0.,0.));
#2679=DIRECTION('',(0.,-1.,-1.32975466981321E-17));
#2680=DIRECTION('',(0.,1.,1.32975466981321E-17));
#2681=DIRECTION('',(-1.,0.,0.));
#2682=DIRECTION('',(0.,0.,1.));
#2683=DIRECTION('',(-1.,0.,0.));
#2684=DIRECTION('',(0.,0.,1.));
#2685=DIRECTION('',(1.,0.,0.));
#2686=DIRECTION('',(0.,0.,-1.));
#2687=DIRECTION('',(-1.,0.,0.));
#2688=DIRECTION('',(0.,1.,2.16518749497847E-16));
#2689=DIRECTION('',(0.,-2.16518749497847E-16,1.));
#2690=DIRECTION('',(0.,2.16518749497847E-16,-1.));
#2691=DIRECTION('',(1.,0.,0.));
#2692=DIRECTION('',(0.,-2.16518749497847E-16,1.));
#2693=DIRECTION('',(0.,2.16518749497847E-16,-1.));
#2694=DIRECTION('',(0.,2.16518749497847E-16,-1.));
#2695=DIRECTION('',(0.,-1.,-8.53702498020084E-16));
#2696=DIRECTION('',(0.,8.53702498020084E-16,-1.));
#2697=DIRECTION('',(-1.,0.,0.));
#2698=DIRECTION('',(0.,8.53702498020084E-16,-1.));
#2699=DIRECTION('',(0.,-8.53702498020084E-16,1.));
#2700=DIRECTION('',(0.,0.,-1.));
#2701=DIRECTION('',(-1.,0.,0.));
#2702=DIRECTION('',(-1.,0.,0.));
#2703=DIRECTION('',(0.,1.,0.));
#2704=DIRECTION('',(0.,-1.,0.));
#2705=DIRECTION('',(-1.,0.,0.));
#2706=DIRECTION('',(0.,-1.,0.));
#2707=DIRECTION('',(-1.,0.,0.));
#2708=DIRECTION('',(0.,-1.,0.));
#2709=DIRECTION('',(0.,-1.,0.));
#2710=DIRECTION('',(0.,0.,-1.));
#2711=DIRECTION('',(-1.,0.,0.));
#2712=DIRECTION('',(0.,0.,1.));
#2713=DIRECTION('',(0.,0.,1.));
#2714=DIRECTION('',(0.,0.,1.));
#2715=DIRECTION('',(-1.,0.,0.));
#2716=DIRECTION('',(0.,0.,-1.));
#2717=DIRECTION('',(0.,0.,1.));
#2718=DIRECTION('',(1.,0.,0.));
#2719=DIRECTION('',(0.,1.,0.));
#2720=DIRECTION('',(1.,0.,0.));
#2721=DIRECTION('',(0.,-1.,0.));
#2722=DIRECTION('',(1.,0.,0.));
#2723=DIRECTION('',(0.,0.,-1.));
#2724=DIRECTION('',(0.,0.,-1.));
#2725=DIRECTION('',(0.,0.,-1.));
#2726=DIRECTION('',(1.,0.,0.));
#2727=DIRECTION('',(0.,0.,-1.));
#2728=DIRECTION('',(0.,0.,-1.));
#2729=DIRECTION('',(0.,0.,-1.));
#2730=DIRECTION('',(0.,1.,0.));
#2731=DIRECTION('',(0.,0.,1.));
#2732=DIRECTION('',(-1.,0.,0.));
#2733=DIRECTION('',(0.,1.13826999736011E-14,-1.));
#2734=DIRECTION('',(0.,1.,1.13826999736011E-14));
#2735=DIRECTION('',(1.,0.,0.));
#2736=DIRECTION('',(0.,0.,-1.));
#2737=DIRECTION('',(0.,0.,-1.));
#2738=DIRECTION('',(0.,1.,0.));
#2739=DIRECTION('',(-1.,0.,0.));
#2740=DIRECTION('',(0.,0.,1.));
#2741=DIRECTION('',(0.,0.,1.));
#2742=DIRECTION('',(0.,-1.,0.));
#2743=DIRECTION('',(0.,0.,1.));
#2744=DIRECTION('',(1.,0.,0.));
#2745=DIRECTION('',(0.,0.,1.));
#2746=DIRECTION('',(1.,0.,0.));
#2747=DIRECTION('',(0.,-1.,0.));
#2748=DIRECTION('',(0.,1.,0.));
#2749=DIRECTION('',(-1.,0.,0.));
#2750=DIRECTION('',(0.,0.,1.));
#2751=DIRECTION('',(1.,0.,0.));
#2752=DIRECTION('',(0.,0.,-1.));
#2753=DIRECTION('',(0.,-1.,0.));
#2754=DIRECTION('',(0.,0.,-1.));
#2755=DIRECTION('',(1.,0.,0.));
#2756=DIRECTION('',(0.,0.,-1.));
#2757=DIRECTION('',(0.,0.,1.));
#2758=DIRECTION('',(0.,0.,1.));
#2759=DIRECTION('',(0.,1.,0.));
#2760=DIRECTION('',(0.,0.,1.));
#2761=DIRECTION('',(0.,-1.,0.));
#2762=DIRECTION('',(0.,0.,-1.));
#2763=DIRECTION('',(0.,-1.,0.));
#2764=DIRECTION('',(0.,0.,-1.));
#2765=DIRECTION('',(-1.,0.,0.));
#2766=DIRECTION('',(0.,0.,1.));
#2767=DIRECTION('',(0.,0.,1.));
#2768=DIRECTION('',(0.,0.,1.));
#2769=DIRECTION('',(0.,1.,0.));
#2770=DIRECTION('',(0.,0.,1.));
#2771=DIRECTION('',(0.,-1.,0.));
#2772=DIRECTION('',(0.,0.,-1.));
#2773=DIRECTION('',(0.,0.,1.));
#2774=DIRECTION('',(1.,0.,0.));
#2775=CARTESIAN_POINT('',(0.,0.,0.));
#2776=CARTESIAN_POINT('',(0.1,0.21,-0.32));
#2777=CARTESIAN_POINT('',(-0.08,0.,-0.32));
#2778=CARTESIAN_POINT('',(-0.08,0.,-0.32));
#2779=CARTESIAN_POINT('',(-0.08,0.21,-0.32));
#2780=CARTESIAN_POINT('',(0.1,0.,-0.32));
#2781=CARTESIAN_POINT('',(-0.1,0.,-0.32));
#2782=CARTESIAN_POINT('',(-0.1,0.21,-0.32));
#2783=CARTESIAN_POINT('',(-0.1,0.21,-0.32));
#2784=CARTESIAN_POINT('',(0.1,0.21,-0.32));
#2785=CARTESIAN_POINT('',(-0.0325,0.0725,-0.32));
#2786=CARTESIAN_POINT('',(-0.0325,0.0725,-0.31));
#2787=CARTESIAN_POINT('',(-0.0325,0.0725,-0.31));
#2788=CARTESIAN_POINT('',(-0.0675,0.0725,-0.31));
#2789=CARTESIAN_POINT('',(-0.0325,0.0725,-0.32));
#2790=CARTESIAN_POINT('',(-0.0325,0.0725,-0.0165));
#2791=CARTESIAN_POINT('',(-0.036,0.0725,-0.0165));
#2792=CARTESIAN_POINT('',(-0.0675,0.0725,-0.0165));
#2793=CARTESIAN_POINT('',(-0.0675,0.0725,-0.32));
#2794=CARTESIAN_POINT('',(-0.0675,0.0725,-0.32));
#2795=CARTESIAN_POINT('',(-0.0675,0.0725,-0.31));
#2796=CARTESIAN_POINT('',(-0.0675,0.0375,-0.31));
#2797=CARTESIAN_POINT('',(-0.0675,0.069,-0.0165));
#2798=CARTESIAN_POINT('',(-0.0675,0.0375,-0.0165));
#2799=CARTESIAN_POINT('',(-0.0675,0.0375,-0.32));
#2800=CARTESIAN_POINT('',(-0.0675,0.0375,-0.32));
#2801=CARTESIAN_POINT('',(-0.0675,0.0375,-0.31));
#2802=CARTESIAN_POINT('',(-0.0325,0.0375,-0.31));
#2803=CARTESIAN_POINT('',(-0.064,0.0375,-0.0165));
#2804=CARTESIAN_POINT('',(-0.0325,0.0375,-0.0165));
#2805=CARTESIAN_POINT('',(-0.0325,0.0375,-0.32));
#2806=CARTESIAN_POINT('',(-0.0325,0.0375,-0.32));
#2807=CARTESIAN_POINT('',(-0.0325,0.0375,-0.31));
#2808=CARTESIAN_POINT('',(-0.0325,0.041,-0.0165));
#2809=CARTESIAN_POINT('',(0.0675,0.0725,-0.32));
#2810=CARTESIAN_POINT('',(0.0675,0.0725,-0.31));
#2811=CARTESIAN_POINT('',(0.0675,0.0725,-0.31));
#2812=CARTESIAN_POINT('',(0.0325,0.0725,-0.31));
#2813=CARTESIAN_POINT('',(0.0675,0.0725,-0.32));
#2814=CARTESIAN_POINT('',(0.0675,0.0725,-0.0165));
#2815=CARTESIAN_POINT('',(0.064,0.0725,-0.0165));
#2816=CARTESIAN_POINT('',(0.0325,0.0725,-0.0165));
#2817=CARTESIAN_POINT('',(0.0325,0.0725,-0.32));
#2818=CARTESIAN_POINT('',(0.0325,0.0725,-0.32));
#2819=CARTESIAN_POINT('',(0.0325,0.0725,-0.31));
#2820=CARTESIAN_POINT('',(0.0325,0.0375,-0.31));
#2821=CARTESIAN_POINT('',(0.0325,0.069,-0.0165));
#2822=CARTESIAN_POINT('',(0.0325,0.0375,-0.0165));
#2823=CARTESIAN_POINT('',(0.0325,0.0375,-0.32));
#2824=CARTESIAN_POINT('',(0.0325,0.0375,-0.32));
#2825=CARTESIAN_POINT('',(0.0325,0.0375,-0.31));
#2826=CARTESIAN_POINT('',(0.0675,0.0375,-0.31));
#2827=CARTESIAN_POINT('',(0.036,0.0375,-0.0165));
#2828=CARTESIAN_POINT('',(0.0675,0.0375,-0.0165));
#2829=CARTESIAN_POINT('',(0.0675,0.0375,-0.32));
#2830=CARTESIAN_POINT('',(0.0675,0.0375,-0.32));
#2831=CARTESIAN_POINT('',(0.0675,0.0375,-0.31));
#2832=CARTESIAN_POINT('',(0.0675,0.041,-0.0165));
#2833=CARTESIAN_POINT('',(-0.0325,0.1725,-0.32));
#2834=CARTESIAN_POINT('',(-0.0325,0.1725,-0.31));
#2835=CARTESIAN_POINT('',(-0.0325,0.1725,-0.31));
#2836=CARTESIAN_POINT('',(-0.0675,0.1725,-0.31));
#2837=CARTESIAN_POINT('',(-0.0325,0.1725,-0.32));
#2838=CARTESIAN_POINT('',(-0.0325,0.1725,-0.0165));
#2839=CARTESIAN_POINT('',(-0.036,0.1725,-0.0165));
#2840=CARTESIAN_POINT('',(-0.0675,0.1725,-0.0165));
#2841=CARTESIAN_POINT('',(-0.0675,0.1725,-0.32));
#2842=CARTESIAN_POINT('',(-0.0675,0.1725,-0.32));
#2843=CARTESIAN_POINT('',(-0.0675,0.1725,-0.31));
#2844=CARTESIAN_POINT('',(-0.0675,0.1375,-0.31));
#2845=CARTESIAN_POINT('',(-0.0675,0.169,-0.0165));
#2846=CARTESIAN_POINT('',(-0.0675,0.1375,-0.0165));
#2847=CARTESIAN_POINT('',(-0.0675,0.1375,-0.32));
#2848=CARTESIAN_POINT('',(-0.0675,0.1375,-0.32));
#2849=CARTESIAN_POINT('',(-0.0675,0.1375,-0.31));
#2850=CARTESIAN_POINT('',(-0.0325,0.1375,-0.31));
#2851=CARTESIAN_POINT('',(-0.064,0.1375,-0.0165));
#2852=CARTESIAN_POINT('',(-0.0325,0.1375,-0.0165));
#2853=CARTESIAN_POINT('',(-0.0325,0.1375,-0.32));
#2854=CARTESIAN_POINT('',(-0.0325,0.1375,-0.32));
#2855=CARTESIAN_POINT('',(-0.0325,0.1375,-0.31));
#2856=CARTESIAN_POINT('',(-0.0325,0.141,-0.0165));
#2857=CARTESIAN_POINT('',(0.0675,0.1725,-0.32));
#2858=CARTESIAN_POINT('',(0.0675,0.1725,-0.31));
#2859=CARTESIAN_POINT('',(0.0675,0.1725,-0.31));
#2860=CARTESIAN_POINT('',(0.0325,0.1725,-0.31));
#2861=CARTESIAN_POINT('',(0.0675,0.1725,-0.32));
#2862=CARTESIAN_POINT('',(0.0675,0.1725,-0.0165));
#2863=CARTESIAN_POINT('',(0.064,0.1725,-0.0165));
#2864=CARTESIAN_POINT('',(0.0325,0.1725,-0.0165));
#2865=CARTESIAN_POINT('',(0.0325,0.1725,-0.32));
#2866=CARTESIAN_POINT('',(0.0325,0.1725,-0.32));
#2867=CARTESIAN_POINT('',(0.0325,0.1725,-0.31));
#2868=CARTESIAN_POINT('',(0.0325,0.1375,-0.31));
#2869=CARTESIAN_POINT('',(0.0325,0.169,-0.0165));
#2870=CARTESIAN_POINT('',(0.0325,0.1375,-0.0165));
#2871=CARTESIAN_POINT('',(0.0325,0.1375,-0.32));
#2872=CARTESIAN_POINT('',(0.0325,0.1375,-0.32));
#2873=CARTESIAN_POINT('',(0.0325,0.1375,-0.31));
#2874=CARTESIAN_POINT('',(0.0675,0.1375,-0.31));
#2875=CARTESIAN_POINT('',(0.036,0.1375,-0.0165));
#2876=CARTESIAN_POINT('',(0.0675,0.1375,-0.0165));
#2877=CARTESIAN_POINT('',(0.0675,0.1375,-0.32));
#2878=CARTESIAN_POINT('',(0.0675,0.1375,-0.32));
#2879=CARTESIAN_POINT('',(0.0675,0.1375,-0.31));
#2880=CARTESIAN_POINT('',(0.0675,0.141,-0.0165));
#2881=CARTESIAN_POINT('',(-0.1,0.21,0.));
#2882=CARTESIAN_POINT('',(-0.036,0.189,0.));
#2883=CARTESIAN_POINT('',(-0.016,0.189,0.));
#2884=CARTESIAN_POINT('',(-0.084,0.189,0.));
#2885=CARTESIAN_POINT('',(-0.016,0.141,0.));
#2886=CARTESIAN_POINT('',(-0.016,0.121,0.));
#2887=CARTESIAN_POINT('',(-0.064,0.121,0.));
#2888=CARTESIAN_POINT('',(-0.084,0.121,0.));
#2889=CARTESIAN_POINT('',(-0.084,0.169,0.));
#2890=CARTESIAN_POINT('',(0.064,0.189,0.));
#2891=CARTESIAN_POINT('',(0.084,0.189,0.));
#2892=CARTESIAN_POINT('',(0.016,0.189,0.));
#2893=CARTESIAN_POINT('',(0.084,0.141,0.));
#2894=CARTESIAN_POINT('',(0.084,0.121,0.));
#2895=CARTESIAN_POINT('',(0.036,0.121,0.));
#2896=CARTESIAN_POINT('',(0.016,0.121,0.));
#2897=CARTESIAN_POINT('',(0.016,0.169,0.));
#2898=CARTESIAN_POINT('',(0.036,0.021,0.));
#2899=CARTESIAN_POINT('',(0.06,0.021,0.));
#2900=CARTESIAN_POINT('',(0.084,0.021,0.));
#2901=CARTESIAN_POINT('',(0.06,0.05,0.));
#2902=CARTESIAN_POINT('',(0.06,0.,0.));
#2903=CARTESIAN_POINT('',(-0.1,0.,0.));
#2904=CARTESIAN_POINT('',(0.1,0.,0.));
#2905=CARTESIAN_POINT('',(0.1,0.21,0.));
#2906=CARTESIAN_POINT('',(0.1,0.21,0.));
#2907=CARTESIAN_POINT('',(-0.1,0.21,0.));
#2908=CARTESIAN_POINT('',(-0.1,0.21,0.));
#2909=CARTESIAN_POINT('',(-0.1,0.21,0.));
#2910=CARTESIAN_POINT('',(-0.1,0.,0.));
#2911=CARTESIAN_POINT('',(-0.1,0.,0.));
#2912=CARTESIAN_POINT('',(-0.06,0.,0.));
#2913=CARTESIAN_POINT('',(-0.06,0.05,0.));
#2914=CARTESIAN_POINT('',(-0.06,0.021,0.));
#2915=CARTESIAN_POINT('',(-0.064,0.021,0.));
#2916=CARTESIAN_POINT('',(-0.084,0.021,0.));
#2917=CARTESIAN_POINT('',(-0.084,0.069,0.));
#2918=CARTESIAN_POINT('',(-0.084,0.089,0.));
#2919=CARTESIAN_POINT('',(-0.036,0.089,0.));
#2920=CARTESIAN_POINT('',(-0.016,0.089,0.));
#2921=CARTESIAN_POINT('',(-0.016,0.041,0.));
#2922=CARTESIAN_POINT('',(-0.016,0.021,0.));
#2923=CARTESIAN_POINT('',(-0.064,0.021,0.));
#2924=CARTESIAN_POINT('',(-0.04,0.021,0.));
#2925=CARTESIAN_POINT('',(-0.04,0.05,0.));
#2926=CARTESIAN_POINT('',(-0.04,0.,0.));
#2927=CARTESIAN_POINT('',(-0.1,0.,0.));
#2928=CARTESIAN_POINT('',(0.04,0.,0.));
#2929=CARTESIAN_POINT('',(0.04,0.05,0.));
#2930=CARTESIAN_POINT('',(0.04,0.021,0.));
#2931=CARTESIAN_POINT('',(0.036,0.021,0.));
#2932=CARTESIAN_POINT('',(0.016,0.021,0.));
#2933=CARTESIAN_POINT('',(0.016,0.069,0.));
#2934=CARTESIAN_POINT('',(0.016,0.089,0.));
#2935=CARTESIAN_POINT('',(0.064,0.089,0.));
#2936=CARTESIAN_POINT('',(0.084,0.089,0.));
#2937=CARTESIAN_POINT('',(0.084,0.041,0.));
#2938=CARTESIAN_POINT('',(0.1,0.21,-0.32));
#2939=CARTESIAN_POINT('',(0.1,0.,-0.32));
#2940=CARTESIAN_POINT('',(0.1,0.,-0.32));
#2941=CARTESIAN_POINT('',(0.08,0.,-0.32));
#2942=CARTESIAN_POINT('',(0.08,0.,-0.32));
#2943=CARTESIAN_POINT('',(0.08,0.21,-0.32));
#2944=CARTESIAN_POINT('',(0.1,0.21,-0.32));
#2945=CARTESIAN_POINT('',(0.1,0.21,-0.32));
#2946=CARTESIAN_POINT('',(0.1,0.21,-0.32));
#2947=CARTESIAN_POINT('',(-0.1,0.21,-0.32));
#2948=CARTESIAN_POINT('',(-0.1,0.,-0.32));
#2949=CARTESIAN_POINT('',(-0.1,0.21,-0.32));
#2950=CARTESIAN_POINT('',(0.1,0.21,0.));
#2951=CARTESIAN_POINT('',(0.1,0.,0.));
#2952=CARTESIAN_POINT('',(0.1,0.21,0.));
#2953=CARTESIAN_POINT('',(0.,0.21,0.));
#2954=CARTESIAN_POINT('',(0.08,0.21,-0.32));
#2955=CARTESIAN_POINT('',(0.08,0.21,-0.31));
#2956=CARTESIAN_POINT('',(0.08,0.21,-0.31));
#2957=CARTESIAN_POINT('',(-0.08,0.21,-0.31));
#2958=CARTESIAN_POINT('',(-0.08,0.21,-0.32));
#2959=CARTESIAN_POINT('',(0.,0.,0.));
#2960=CARTESIAN_POINT('',(0.05,0.,-0.24));
#2961=CARTESIAN_POINT('',(0.05,0.,-0.255));
#2962=CARTESIAN_POINT('',(-0.05,0.,-0.24));
#2963=CARTESIAN_POINT('',(-0.05,0.,-0.255));
#2964=CARTESIAN_POINT('',(0.05,0.,-0.08));
#2965=CARTESIAN_POINT('',(0.05,0.,-0.095));
#2966=CARTESIAN_POINT('',(-0.05,0.,-0.08));
#2967=CARTESIAN_POINT('',(-0.05,0.,-0.095));
#2968=CARTESIAN_POINT('',(0.08,0.,-0.31));
#2969=CARTESIAN_POINT('',(0.08,0.,-0.31));
#2970=CARTESIAN_POINT('',(-0.08,0.,-0.31));
#2971=CARTESIAN_POINT('',(0.08,0.,-0.31));
#2972=CARTESIAN_POINT('',(0.06,0.,0.));
#2973=CARTESIAN_POINT('',(0.06,0.,-0.009));
#2974=CARTESIAN_POINT('',(0.06,0.,-0.009));
#2975=CARTESIAN_POINT('',(0.04,0.,-0.009));
#2976=CARTESIAN_POINT('',(0.04,0.,0.));
#2977=CARTESIAN_POINT('',(-0.04,0.,0.));
#2978=CARTESIAN_POINT('',(-0.04,0.,-0.009));
#2979=CARTESIAN_POINT('',(-0.04,0.,-0.009));
#2980=CARTESIAN_POINT('',(-0.06,0.,-0.009));
#2981=CARTESIAN_POINT('',(-0.06,0.,0.));
#2982=CARTESIAN_POINT('',(-0.08,0.,-0.31));
#2983=CARTESIAN_POINT('',(-0.036,0.069,-0.02));
#2984=CARTESIAN_POINT('',(-0.036,0.069,-0.02));
#2985=CARTESIAN_POINT('',(-0.064,0.069,-0.02));
#2986=CARTESIAN_POINT('',(-0.064,0.069,-0.02));
#2987=CARTESIAN_POINT('',(-0.064,0.041,-0.02));
#2988=CARTESIAN_POINT('',(-0.064,0.041,-0.02));
#2989=CARTESIAN_POINT('',(-0.06,0.041,-0.02));
#2990=CARTESIAN_POINT('',(-0.06,0.03,-0.009));
#2991=CARTESIAN_POINT('',(-0.064,0.03,-0.009));
#2992=CARTESIAN_POINT('',(-0.04,0.03,-0.009));
#2993=CARTESIAN_POINT('',(-0.04,0.041,-0.02));
#2994=CARTESIAN_POINT('',(-0.036,0.041,-0.02));
#2995=CARTESIAN_POINT('',(-0.036,0.041,-0.02));
#2996=CARTESIAN_POINT('',(0.064,0.169,-0.02));
#2997=CARTESIAN_POINT('',(0.064,0.169,-0.02));
#2998=CARTESIAN_POINT('',(0.036,0.169,-0.02));
#2999=CARTESIAN_POINT('',(0.036,0.169,-0.02));
#3000=CARTESIAN_POINT('',(0.036,0.141,-0.02));
#3001=CARTESIAN_POINT('',(0.036,0.141,-0.02));
#3002=CARTESIAN_POINT('',(0.064,0.141,-0.02));
#3003=CARTESIAN_POINT('',(0.064,0.141,-0.02));
#3004=CARTESIAN_POINT('',(-0.036,0.169,-0.02));
#3005=CARTESIAN_POINT('',(-0.036,0.169,-0.02));
#3006=CARTESIAN_POINT('',(-0.064,0.169,-0.02));
#3007=CARTESIAN_POINT('',(-0.064,0.169,-0.02));
#3008=CARTESIAN_POINT('',(-0.064,0.141,-0.02));
#3009=CARTESIAN_POINT('',(-0.064,0.141,-0.02));
#3010=CARTESIAN_POINT('',(-0.036,0.141,-0.02));
#3011=CARTESIAN_POINT('',(-0.036,0.141,-0.02));
#3012=CARTESIAN_POINT('',(0.064,0.069,-0.02));
#3013=CARTESIAN_POINT('',(0.064,0.069,-0.02));
#3014=CARTESIAN_POINT('',(0.036,0.069,-0.02));
#3015=CARTESIAN_POINT('',(0.036,0.069,-0.02));
#3016=CARTESIAN_POINT('',(0.036,0.041,-0.02));
#3017=CARTESIAN_POINT('',(0.036,0.041,-0.02));
#3018=CARTESIAN_POINT('',(0.04,0.041,-0.02));
#3019=CARTESIAN_POINT('',(0.04,0.03,-0.009));
#3020=CARTESIAN_POINT('',(0.036,0.03,-0.009));
#3021=CARTESIAN_POINT('',(0.06,0.03,-0.009));
#3022=CARTESIAN_POINT('',(0.06,0.041,-0.02));
#3023=CARTESIAN_POINT('',(0.064,0.041,-0.02));
#3024=CARTESIAN_POINT('',(0.064,0.041,-0.02));
#3025=CARTESIAN_POINT('',(-0.04,0.,-0.009));
#3026=CARTESIAN_POINT('',(-0.06,0.,-0.009));
#3027=CARTESIAN_POINT('',(-0.04,0.,-0.009));
#3028=CARTESIAN_POINT('',(-0.04,0.,0.));
#3029=CARTESIAN_POINT('',(-0.06,0.,0.));
#3030=CARTESIAN_POINT('',(0.06,0.,-0.009));
#3031=CARTESIAN_POINT('',(0.04,0.,-0.009));
#3032=CARTESIAN_POINT('',(0.06,0.,-0.009));
#3033=CARTESIAN_POINT('',(0.06,0.,0.));
#3034=CARTESIAN_POINT('',(0.04,0.,0.));
#3035=CARTESIAN_POINT('',(0.08,0.21,-0.31));
#3036=CARTESIAN_POINT('',(-0.08,0.21,-0.31));
#3037=CARTESIAN_POINT('',(0.08,0.21,-0.31));
#3038=CARTESIAN_POINT('',(0.08,0.,0.));
#3039=CARTESIAN_POINT('',(-0.08,0.,0.));
#3040=CARTESIAN_POINT('',(-0.05,-2.56110749406025E-17,-0.08));
#3041=CARTESIAN_POINT('',(0.05,-2.56110749406025E-17,-0.08));
#3042=CARTESIAN_POINT('',(-0.05,-2.56110749406025E-17,-0.24));
#3043=CARTESIAN_POINT('',(0.05,-2.56110749406025E-17,-0.24));
#3044=CARTESIAN_POINT('',(0.,0.,0.));
#3045=CARTESIAN_POINT('',(0.,0.,0.));
#3046=CARTESIAN_POINT('',(0.,0.,0.));
#3047=CARTESIAN_POINT('',(0.06,0.0225,-0.015));
#3048=CARTESIAN_POINT('',(0.06,0.07425,-0.015));
#3049=CARTESIAN_POINT('',(0.06,0.07425,-0.155));
#3050=CARTESIAN_POINT('',(0.06,0.07425,-0.145));
#3051=CARTESIAN_POINT('',(0.06,0.0275,-0.155));
#3052=CARTESIAN_POINT('',(0.06,0.1275,-0.155));
#3053=CARTESIAN_POINT('',(0.06,0.1275,-0.14));
#3054=CARTESIAN_POINT('',(0.06,0.1275,-0.308));
#3055=CARTESIAN_POINT('',(0.06,0.1255,-0.308));
#3056=CARTESIAN_POINT('',(0.06,0.1255,-0.31));
#3057=CARTESIAN_POINT('',(0.06,0.1255,-0.31));
#3058=CARTESIAN_POINT('',(0.06,-0.14,-0.31));
#3059=CARTESIAN_POINT('',(0.06,-0.14,-0.31));
#3060=CARTESIAN_POINT('',(0.06,-0.14,-0.32));
#3061=CARTESIAN_POINT('',(0.06,-0.14,-0.32));
#3062=CARTESIAN_POINT('',(0.06,0.1285,-0.32));
#3063=CARTESIAN_POINT('',(0.06,0.1285,-0.311));
#3064=CARTESIAN_POINT('',(0.06,0.1375,-0.311));
#3065=CARTESIAN_POINT('',(0.06,0.1375,-0.311));
#3066=CARTESIAN_POINT('',(0.06,0.1375,-0.309));
#3067=CARTESIAN_POINT('',(0.06,0.1375,-0.309));
#3068=CARTESIAN_POINT('',(0.06,0.135,-0.309));
#3069=CARTESIAN_POINT('',(0.06,0.135,-0.309));
#3070=CARTESIAN_POINT('',(0.06,0.135,-0.14));
#3071=CARTESIAN_POINT('',(0.06,0.135,-0.14));
#3072=CARTESIAN_POINT('',(0.06,0.1275,-0.14));
#3073=CARTESIAN_POINT('',(0.06,0.1275,-0.14));
#3074=CARTESIAN_POINT('',(0.06,0.1275,-0.145));
#3075=CARTESIAN_POINT('',(0.06,0.1325,-0.145));
#3076=CARTESIAN_POINT('',(-0.06,0.0225,-0.015));
#3077=CARTESIAN_POINT('',(-0.06,0.0275,-0.155));
#3078=CARTESIAN_POINT('',(-0.06,0.07425,-0.155));
#3079=CARTESIAN_POINT('',(-0.06,0.1275,-0.155));
#3080=CARTESIAN_POINT('',(-0.06,0.07425,-0.015));
#3081=CARTESIAN_POINT('',(-0.06,0.07425,-0.145));
#3082=CARTESIAN_POINT('',(-0.06,0.1325,-0.145));
#3083=CARTESIAN_POINT('',(-0.06,0.1275,-0.145));
#3084=CARTESIAN_POINT('',(-0.06,0.1275,-0.14));
#3085=CARTESIAN_POINT('',(-0.06,0.1275,-0.14));
#3086=CARTESIAN_POINT('',(-0.06,0.135,-0.14));
#3087=CARTESIAN_POINT('',(-0.06,0.135,-0.14));
#3088=CARTESIAN_POINT('',(-0.06,0.135,-0.309));
#3089=CARTESIAN_POINT('',(-0.06,0.135,-0.309));
#3090=CARTESIAN_POINT('',(-0.06,0.1375,-0.309));
#3091=CARTESIAN_POINT('',(-0.06,0.1375,-0.309));
#3092=CARTESIAN_POINT('',(-0.06,0.1375,-0.311));
#3093=CARTESIAN_POINT('',(-0.06,0.1375,-0.311));
#3094=CARTESIAN_POINT('',(-0.06,0.1285,-0.311));
#3095=CARTESIAN_POINT('',(-0.06,0.1285,-0.32));
#3096=CARTESIAN_POINT('',(-0.06,-0.14,-0.32));
#3097=CARTESIAN_POINT('',(-0.06,-0.14,-0.32));
#3098=CARTESIAN_POINT('',(-0.06,-0.14,-0.31));
#3099=CARTESIAN_POINT('',(-0.06,-0.14,-0.31));
#3100=CARTESIAN_POINT('',(-0.06,0.1255,-0.31));
#3101=CARTESIAN_POINT('',(-0.06,0.1255,-0.31));
#3102=CARTESIAN_POINT('',(-0.06,0.1255,-0.308));
#3103=CARTESIAN_POINT('',(-0.06,0.1275,-0.308));
#3104=CARTESIAN_POINT('',(-0.06,0.1275,-0.14));
#3105=CARTESIAN_POINT('',(0.06,0.1275,-0.14));
#3106=CARTESIAN_POINT('',(0.04,0.1275,-0.14));
#3107=CARTESIAN_POINT('',(0.04,0.1275,-0.308));
#3108=CARTESIAN_POINT('',(0.04,0.1275,-0.213333333333333));
#3109=CARTESIAN_POINT('',(0.06,0.1275,-0.308));
#3110=CARTESIAN_POINT('',(0.06,0.1275,-0.155));
#3111=CARTESIAN_POINT('',(0.06,0.1275,-0.308));
#3112=CARTESIAN_POINT('',(-0.04,0.1275,-0.308));
#3113=CARTESIAN_POINT('',(-0.04,0.1275,-0.14));
#3114=CARTESIAN_POINT('',(-0.04,0.1275,-0.213333333333333));
#3115=CARTESIAN_POINT('',(0.06,0.1275,-0.213333333333333));
#3116=CARTESIAN_POINT('',(0.06,0.135,-0.309));
#3117=CARTESIAN_POINT('',(0.04,0.135,-0.309));
#3118=CARTESIAN_POINT('',(0.04,0.135,-0.213333333333333));
#3119=CARTESIAN_POINT('',(0.04,0.135,-0.309));
#3120=CARTESIAN_POINT('',(0.06,0.135,-0.213333333333333));
#3121=CARTESIAN_POINT('',(-0.04,0.135,-0.213333333333333));
#3122=CARTESIAN_POINT('',(-0.04,0.135,-0.309));
#3123=CARTESIAN_POINT('',(-0.04,0.135,-0.309));
#3124=CARTESIAN_POINT('',(0.06,0.135,-0.309));
#3125=CARTESIAN_POINT('',(0.06,0.135,-0.14));
#3126=CARTESIAN_POINT('',(0.06,0.135,-0.309));
#3127=CARTESIAN_POINT('',(0.06,0.1255,-0.308));
#3128=CARTESIAN_POINT('',(0.04,0.1255,-0.308));
#3129=CARTESIAN_POINT('',(0.04,0.1255,-0.31));
#3130=CARTESIAN_POINT('',(0.06,0.1255,-0.31));
#3131=CARTESIAN_POINT('',(0.06,0.1255,-0.308));
#3132=CARTESIAN_POINT('',(0.06,0.1255,-0.31));
#3133=CARTESIAN_POINT('',(-0.04,0.1255,-0.31));
#3134=CARTESIAN_POINT('',(-0.04,0.1255,-0.308));
#3135=CARTESIAN_POINT('',(0.06,0.1255,-0.31));
#3136=CARTESIAN_POINT('',(0.04,0.1255,-0.31));
#3137=CARTESIAN_POINT('',(0.04,-0.14,-0.31));
#3138=CARTESIAN_POINT('',(0.06,-0.14,-0.31));
#3139=CARTESIAN_POINT('',(0.06,0.1255,-0.31));
#3140=CARTESIAN_POINT('',(-0.04,0.1255,-0.31));
#3141=CARTESIAN_POINT('',(-0.04,-0.14,-0.31));
#3142=CARTESIAN_POINT('',(0.06,-0.14,-0.31));
#3143=CARTESIAN_POINT('',(0.06,-0.14,-0.31));
#3144=CARTESIAN_POINT('',(0.04,-0.14,-0.213333333333333));
#3145=CARTESIAN_POINT('',(0.04,-0.14,-0.32));
#3146=CARTESIAN_POINT('',(0.06,-0.14,-0.32));
#3147=CARTESIAN_POINT('',(0.06,-0.14,-0.31));
#3148=CARTESIAN_POINT('',(-0.04,-0.14,-0.213333333333333));
#3149=CARTESIAN_POINT('',(-0.04,-0.14,-0.32));
#3150=CARTESIAN_POINT('',(0.06,-0.14,-0.32));
#3151=CARTESIAN_POINT('',(0.06,-0.14,-0.32));
#3152=CARTESIAN_POINT('',(0.04,-0.14,-0.32));
#3153=CARTESIAN_POINT('',(0.04,0.1285,-0.32));
#3154=CARTESIAN_POINT('',(0.06,0.1285,-0.32));
#3155=CARTESIAN_POINT('',(0.06,-0.14,-0.32));
#3156=CARTESIAN_POINT('',(-0.04,0.155,-0.32));
#3157=CARTESIAN_POINT('',(-0.04,0.1285,-0.32));
#3158=CARTESIAN_POINT('',(0.06,0.1285,-0.32));
#3159=CARTESIAN_POINT('',(0.06,0.1285,-0.311));
#3160=CARTESIAN_POINT('',(0.04,0.1285,-0.311));
#3161=CARTESIAN_POINT('',(0.04,0.1375,-0.311));
#3162=CARTESIAN_POINT('',(0.06,0.1375,-0.311));
#3163=CARTESIAN_POINT('',(0.06,0.1285,-0.311));
#3164=CARTESIAN_POINT('',(-0.04,0.1285,-0.311));
#3165=CARTESIAN_POINT('',(-0.04,0.1375,-0.311));
#3166=CARTESIAN_POINT('',(0.06,0.1375,-0.311));
#3167=CARTESIAN_POINT('',(0.06,0.1375,-0.311));
#3168=CARTESIAN_POINT('',(0.04,0.1375,-0.311));
#3169=CARTESIAN_POINT('',(0.04,0.1375,-0.309));
#3170=CARTESIAN_POINT('',(0.06,0.1375,-0.309));
#3171=CARTESIAN_POINT('',(0.06,0.1375,-0.311));
#3172=CARTESIAN_POINT('',(-0.04,0.1375,-0.311));
#3173=CARTESIAN_POINT('',(-0.04,0.1375,-0.309));
#3174=CARTESIAN_POINT('',(0.06,0.1375,-0.309));
#3175=CARTESIAN_POINT('',(0.06,0.1375,-0.309));
#3176=CARTESIAN_POINT('',(0.04,0.1375,-0.309));
#3177=CARTESIAN_POINT('',(0.06,0.1375,-0.309));
#3178=CARTESIAN_POINT('',(-0.04,0.1375,-0.309));
#3179=CARTESIAN_POINT('',(0.06,0.0225,-0.015));
#3180=CARTESIAN_POINT('',(0.06,0.0225,-0.015));
#3181=CARTESIAN_POINT('',(0.06,0.03575,-0.00796881944478739));
#3182=CARTESIAN_POINT('',(0.06,0.0225,0.));
#3183=CARTESIAN_POINT('',(0.06,0.03575,-0.00796881944478739));
#3184=CARTESIAN_POINT('',(0.04,0.03575,-0.00796881944478738));
#3185=CARTESIAN_POINT('',(0.04,0.0225,-0.015));
#3186=CARTESIAN_POINT('',(0.04,0.0225,0.));
#3187=CARTESIAN_POINT('',(0.06,0.0225,0.));
#3188=CARTESIAN_POINT('',(0.06,0.0225,0.));
#3189=CARTESIAN_POINT('',(0.04,-0.14,0.));
#3190=CARTESIAN_POINT('',(0.04,-0.14,0.));
#3191=CARTESIAN_POINT('',(0.06,-0.14,0.));
#3192=CARTESIAN_POINT('',(0.06,-0.14,0.));
#3193=CARTESIAN_POINT('',(0.06,0.0225,0.));
#3194=CARTESIAN_POINT('',(0.06,-0.14,0.));
#3195=CARTESIAN_POINT('',(0.04,-0.14,-0.106666666666667));
#3196=CARTESIAN_POINT('',(0.04,-0.14,-0.01));
#3197=CARTESIAN_POINT('',(0.06,-0.14,-0.01));
#3198=CARTESIAN_POINT('',(0.06,-0.14,-0.01));
#3199=CARTESIAN_POINT('',(0.06,-0.14,0.));
#3200=CARTESIAN_POINT('',(0.06,-0.14,-0.01));
#3201=CARTESIAN_POINT('',(0.04,-0.14,-0.01));
#3202=CARTESIAN_POINT('',(0.04,0.0205,-0.01));
#3203=CARTESIAN_POINT('',(0.06,0.0205,-0.01));
#3204=CARTESIAN_POINT('',(0.06,0.0205,-0.01));
#3205=CARTESIAN_POINT('',(0.06,-0.14,-0.01));
#3206=CARTESIAN_POINT('',(0.06,0.0205,-0.017));
#3207=CARTESIAN_POINT('',(0.04,0.0205,-0.017));
#3208=CARTESIAN_POINT('',(0.04,0.0275,-0.017));
#3209=CARTESIAN_POINT('',(0.06,0.0275,-0.017));
#3210=CARTESIAN_POINT('',(0.06,0.0275,-0.017));
#3211=CARTESIAN_POINT('',(0.06,0.0205,-0.017));
#3212=CARTESIAN_POINT('',(0.06,0.035,-0.016));
#3213=CARTESIAN_POINT('',(0.04,0.035,-0.016));
#3214=CARTESIAN_POINT('',(0.04,0.035,-0.016));
#3215=CARTESIAN_POINT('',(0.04,0.03575,-0.016));
#3216=CARTESIAN_POINT('',(0.06,0.03575,-0.016));
#3217=CARTESIAN_POINT('',(0.06,0.03575,-0.016));
#3218=CARTESIAN_POINT('',(0.06,0.035,-0.016));
#3219=CARTESIAN_POINT('',(0.06,0.035,-0.016));
#3220=CARTESIAN_POINT('',(0.06,0.035,-0.016));
#3221=CARTESIAN_POINT('',(0.06,0.0275,-0.155));
#3222=CARTESIAN_POINT('',(0.06925,0.07425,-0.155));
#3223=CARTESIAN_POINT('',(0.03075,0.07425,-0.155));
#3224=CARTESIAN_POINT('',(0.03075,0.07425,-0.155));
#3225=CARTESIAN_POINT('',(0.03075,0.03575,-0.155));
#3226=CARTESIAN_POINT('',(0.03075,0.03575,-0.155));
#3227=CARTESIAN_POINT('',(0.06,0.03575,-0.155));
#3228=CARTESIAN_POINT('',(0.06,0.0275,-0.155));
#3229=CARTESIAN_POINT('',(0.06,0.0275,-0.155));
#3230=CARTESIAN_POINT('',(0.06,0.0275,-0.155));
#3231=CARTESIAN_POINT('',(-0.06,0.0275,-0.155));
#3232=CARTESIAN_POINT('',(-0.06,0.0275,-0.155));
#3233=CARTESIAN_POINT('',(-0.06,0.03575,-0.155));
#3234=CARTESIAN_POINT('',(-0.06925,0.03575,-0.155));
#3235=CARTESIAN_POINT('',(-0.03075,0.03575,-0.155));
#3236=CARTESIAN_POINT('',(-0.03075,0.03575,-0.155));
#3237=CARTESIAN_POINT('',(-0.03075,0.07425,-0.155));
#3238=CARTESIAN_POINT('',(-0.03075,0.07425,-0.155));
#3239=CARTESIAN_POINT('',(0.06,0.1325,-0.145));
#3240=CARTESIAN_POINT('',(0.03075,0.1325,-0.145));
#3241=CARTESIAN_POINT('',(0.03075,0.0375,-0.145));
#3242=CARTESIAN_POINT('',(0.03075,0.07425,-0.145));
#3243=CARTESIAN_POINT('',(0.06,0.07425,-0.145));
#3244=CARTESIAN_POINT('',(0.06,0.1275,-0.145));
#3245=CARTESIAN_POINT('',(0.06,0.07425,-0.145));
#3246=CARTESIAN_POINT('',(-0.03075,0.07425,-0.145));
#3247=CARTESIAN_POINT('',(-0.03075,0.1325,-0.145));
#3248=CARTESIAN_POINT('',(-0.03075,0.0375,-0.145));
#3249=CARTESIAN_POINT('',(0.06,0.0375,-0.145));
#3250=CARTESIAN_POINT('',(0.06,0.0225,-0.015));
#3251=CARTESIAN_POINT('',(-0.04,0.0225,-0.015));
#3252=CARTESIAN_POINT('',(-0.04,0.0225,0.));
#3253=CARTESIAN_POINT('',(-0.04,0.03575,-0.00796881944478738));
#3254=CARTESIAN_POINT('',(0.06,0.03575,-0.00796881944478739));
#3255=CARTESIAN_POINT('',(-0.06,0.03575,-0.00796881944478739));
#3256=CARTESIAN_POINT('',(-0.06,0.0225,-0.015));
#3257=CARTESIAN_POINT('',(-0.06,0.0225,0.));
#3258=CARTESIAN_POINT('',(0.06,0.0225,0.));
#3259=CARTESIAN_POINT('',(0.06,0.0225,0.));
#3260=CARTESIAN_POINT('',(0.06,-0.14,0.));
#3261=CARTESIAN_POINT('',(-0.04,-0.14,0.));
#3262=CARTESIAN_POINT('',(-0.06,-0.14,0.));
#3263=CARTESIAN_POINT('',(-0.04,0.115,0.));
#3264=CARTESIAN_POINT('',(-0.06,0.0225,0.));
#3265=CARTESIAN_POINT('',(0.06,-0.14,0.));
#3266=CARTESIAN_POINT('',(0.06,-0.14,-0.01));
#3267=CARTESIAN_POINT('',(-0.04,-0.14,-0.01));
#3268=CARTESIAN_POINT('',(-0.06,-0.14,-0.01));
#3269=CARTESIAN_POINT('',(-0.04,-0.14,-0.106666666666667));
#3270=CARTESIAN_POINT('',(-0.06,-0.14,0.));
#3271=CARTESIAN_POINT('',(0.06,-0.14,-0.01));
#3272=CARTESIAN_POINT('',(0.06,0.0205,-0.01));
#3273=CARTESIAN_POINT('',(-0.04,0.0205,-0.01));
#3274=CARTESIAN_POINT('',(-0.06,0.0205,-0.01));
#3275=CARTESIAN_POINT('',(-0.04,-0.14,-0.01));
#3276=CARTESIAN_POINT('',(-0.06,-0.14,-0.01));
#3277=CARTESIAN_POINT('',(0.06,0.0205,-0.017));
#3278=CARTESIAN_POINT('',(-0.04,0.0205,-0.017));
#3279=CARTESIAN_POINT('',(-0.04,0.0275,-0.017));
#3280=CARTESIAN_POINT('',(-0.06,0.0205,-0.017));
#3281=CARTESIAN_POINT('',(-0.06,0.0275,-0.017));
#3282=CARTESIAN_POINT('',(0.06,0.0275,-0.017));
#3283=CARTESIAN_POINT('',(0.06,0.0275,-0.017));
#3284=CARTESIAN_POINT('',(0.04,0.0275,-0.017));
#3285=CARTESIAN_POINT('',(0.04,0.0275,-0.106666666666667));
#3286=CARTESIAN_POINT('',(0.06,0.0275,-0.106666666666667));
#3287=CARTESIAN_POINT('',(-0.04,0.0275,-0.106666666666667));
#3288=CARTESIAN_POINT('',(-0.04,0.0275,-0.017));
#3289=CARTESIAN_POINT('',(-0.06,0.0275,-0.017));
#3290=CARTESIAN_POINT('',(0.06,0.0275,-0.017));
#3291=CARTESIAN_POINT('',(0.06,0.0375,-0.145));
#3292=CARTESIAN_POINT('',(0.06,0.0375,-0.135));
#3293=CARTESIAN_POINT('',(0.03075,0.0375,-0.135));
#3294=CARTESIAN_POINT('',(-0.03075,0.0375,-0.135));
#3295=CARTESIAN_POINT('',(0.03075,0.0375,-0.145));
#3296=CARTESIAN_POINT('',(-0.03075,0.0375,-0.145));
#3297=CARTESIAN_POINT('',(0.06,0.0375,-0.135));
#3298=CARTESIAN_POINT('',(0.06,0.03575,-0.135));
#3299=CARTESIAN_POINT('',(0.06,0.03575,-0.135));
#3300=CARTESIAN_POINT('',(0.03075,0.03575,-0.135));
#3301=CARTESIAN_POINT('',(0.03075,0.0375,-0.135));
#3302=CARTESIAN_POINT('',(-0.03075,0.0375,-0.135));
#3303=CARTESIAN_POINT('',(-0.03075,0.03575,-0.135));
#3304=CARTESIAN_POINT('',(0.06,0.03575,-0.135));
#3305=CARTESIAN_POINT('',(-0.06,0.03575,-0.135));
#3306=CARTESIAN_POINT('',(-0.06,0.0375,-0.135));
#3307=CARTESIAN_POINT('',(-0.06,0.035,-0.135));
#3308=CARTESIAN_POINT('',(0.06,0.035,-0.135));
#3309=CARTESIAN_POINT('',(0.06,0.035,-0.135));
#3310=CARTESIAN_POINT('',(0.06,0.0375,-0.135));
#3311=CARTESIAN_POINT('',(0.06,0.035,-0.135));
#3312=CARTESIAN_POINT('',(0.06,0.035,-0.106666666666667));
#3313=CARTESIAN_POINT('',(0.04,0.035,-0.106666666666667));
#3314=CARTESIAN_POINT('',(-0.04,0.035,-0.106666666666667));
#3315=CARTESIAN_POINT('',(0.04,0.035,-0.135));
#3316=CARTESIAN_POINT('',(0.06,0.035,-0.135));
#3317=CARTESIAN_POINT('',(-0.06,0.035,-0.135));
#3318=CARTESIAN_POINT('',(-0.06,0.035,-0.016));
#3319=CARTESIAN_POINT('',(0.06,0.035,-0.016));
#3320=CARTESIAN_POINT('',(-0.04,0.035,-0.016));
#3321=CARTESIAN_POINT('',(-0.04,0.035,-0.135));
#3322=CARTESIAN_POINT('',(0.06,0.035,-0.016));
#3323=CARTESIAN_POINT('',(-0.06,0.035,-0.016));
#3324=CARTESIAN_POINT('',(-0.06,0.03575,-0.016));
#3325=CARTESIAN_POINT('',(0.06,0.03575,-0.016));
#3326=CARTESIAN_POINT('',(-0.04,0.03575,-0.016));
#3327=CARTESIAN_POINT('',(-0.04,0.035,-0.016));
#3328=CARTESIAN_POINT('',(0.06,0.0225,-0.015));
#3329=CARTESIAN_POINT('',(0.06,0.03575,-0.015));
#3330=CARTESIAN_POINT('',(0.06,0.03575,-0.015));
#3331=CARTESIAN_POINT('',(-0.06,0.0225,-0.015));
#3332=CARTESIAN_POINT('',(-0.06,0.03575,-0.015));
#3333=CARTESIAN_POINT('',(-0.06,0.03575,-0.015));
#3334=CARTESIAN_POINT('',(0.06,0.1275,-0.14));
#3335=CARTESIAN_POINT('',(0.06,0.1275,-0.14));
#3336=CARTESIAN_POINT('',(0.06,0.135,-0.14));
#3337=CARTESIAN_POINT('',(0.04,-0.14,-0.106666666666667));
#3338=CARTESIAN_POINT('',(0.04,0.03575,-0.106666666666667));
#3339=CARTESIAN_POINT('',(0.04,-0.14,-0.106666666666667));
#3340=CARTESIAN_POINT('',(-0.04,0.115,-0.106666666666667));
#3341=CARTESIAN_POINT('',(-0.04,0.03575,-0.106666666666667));
#3342=CARTESIAN_POINT('',(-0.04,0.115,-0.106666666666667));
#3343=CARTESIAN_POINT('',(0.,0.,-0.106666666666667));
#3344=CARTESIAN_POINT('',(0.,0.,-0.213333333333333));
#3345=CARTESIAN_POINT('',(-0.04,0.155,-0.213333333333333));
#3346=CARTESIAN_POINT('',(0.04,-0.14,-0.213333333333333));
#3347=CARTESIAN_POINT('',(0.04,-0.14,-0.213333333333333));
#3348=CARTESIAN_POINT('',(-0.04,0.155,-0.213333333333333));
#3349=CARTESIAN_POINT('',(-0.06925,0.03575,-0.155));
#3350=CARTESIAN_POINT('',(-0.03075,0.03575,-0.155));
#3351=CARTESIAN_POINT('',(-0.03075,0.07425,-0.155));
#3352=CARTESIAN_POINT('',(-0.03075,0.03575,-0.155));
#3353=CARTESIAN_POINT('',(-0.03075,0.07425,-0.155));
#3354=CARTESIAN_POINT('',(-0.06925,0.03575,-0.155));
#3355=CARTESIAN_POINT('',(0.03075,0.03575,-0.155));
#3356=CARTESIAN_POINT('',(0.03075,0.07425,-0.155));
#3357=CARTESIAN_POINT('',(0.03075,0.03575,-0.155));
#3358=CARTESIAN_POINT('',(0.03075,0.07425,-0.155));
#3359=CARTESIAN_POINT('',(0.06925,0.07425,-0.155));
#3360=CARTESIAN_POINT('',(0.03075,0.03575,-0.155));
#3361=CARTESIAN_POINT('',(0.,0.,0.));
#3362=MECHANICAL_DESIGN_GEOMETRIC_PRESENTATION_REPRESENTATION('',(#2091,
#2092),#3363);
#3363=(
GEOMETRIC_REPRESENTATION_CONTEXT(3)
GLOBAL_UNCERTAINTY_ASSIGNED_CONTEXT((#3367))
GLOBAL_UNIT_ASSIGNED_CONTEXT((#3373,#3372,#3371))
REPRESENTATION_CONTEXT('BCS-102-L-D-HE','TOP_LEVEL_ASSEMBLY_PART')
);
#3364=(
GEOMETRIC_REPRESENTATION_CONTEXT(3)
GLOBAL_UNCERTAINTY_ASSIGNED_CONTEXT((#3368))
GLOBAL_UNIT_ASSIGNED_CONTEXT((#3373,#3372,#3371))
REPRESENTATION_CONTEXT('BCS-102-D-HE_socket','COMPONENT_PART')
);
#3365=(
GEOMETRIC_REPRESENTATION_CONTEXT(3)
GLOBAL_UNCERTAINTY_ASSIGNED_CONTEXT((#3369))
GLOBAL_UNIT_ASSIGNED_CONTEXT((#3373,#3372,#3371))
REPRESENTATION_CONTEXT('C-95-01-02-L-D-HE','COMPONENT_PART')
);
#3366=(
GEOMETRIC_REPRESENTATION_CONTEXT(3)
GLOBAL_UNCERTAINTY_ASSIGNED_CONTEXT((#3370))
GLOBAL_UNIT_ASSIGNED_CONTEXT((#3373,#3372,#3371))
REPRESENTATION_CONTEXT('C-95-01-02-L-D-HE2','COMPONENT_PART')
);
#3367=UNCERTAINTY_MEASURE_WITH_UNIT(LENGTH_MEASURE(0.000196850393700787),
#3373,'DISTANCE_ACCURACY_VALUE','Maximum Tolerance applied to model');
#3368=UNCERTAINTY_MEASURE_WITH_UNIT(LENGTH_MEASURE(0.000196850393700787),
#3373,'DISTANCE_ACCURACY_VALUE','Maximum Tolerance applied to model');
#3369=UNCERTAINTY_MEASURE_WITH_UNIT(LENGTH_MEASURE(0.000196850393700787),
#3373,'DISTANCE_ACCURACY_VALUE','Maximum Tolerance applied to model');
#3370=UNCERTAINTY_MEASURE_WITH_UNIT(LENGTH_MEASURE(0.000196850393700787),
#3373,'DISTANCE_ACCURACY_VALUE','Maximum Tolerance applied to model');
#3371=(
NAMED_UNIT(*)
SI_UNIT($,.STERADIAN.)
SOLID_ANGLE_UNIT()
);
#3372=(
NAMED_UNIT(*)
PLANE_ANGLE_UNIT()
SI_UNIT($,.RADIAN.)
);
#3373=(
CONVERSION_BASED_UNIT('INCH',#3375)
LENGTH_UNIT()
NAMED_UNIT(#3374)
);
#3374=DIMENSIONAL_EXPONENTS(1.,0.,0.,0.,0.,0.,0.);
#3375=LENGTH_MEASURE_WITH_UNIT(LENGTH_MEASURE(25.4),#3376);
#3376=(
LENGTH_UNIT()
NAMED_UNIT(*)
SI_UNIT(.MILLI.,.METRE.)
);
#3377=PRODUCT_DEFINITION_SHAPE('','',#3384);
#3378=PRODUCT_DEFINITION_SHAPE('','',#3385);
#3379=PRODUCT_DEFINITION_SHAPE(' ','NAUO PRDDFN',#31);
#3380=PRODUCT_DEFINITION_SHAPE('','',#3386);
#3381=PRODUCT_DEFINITION_SHAPE(' ','NAUO PRDDFN',#32);
#3382=PRODUCT_DEFINITION_SHAPE('','',#3387);
#3383=PRODUCT_DEFINITION_SHAPE(' ','NAUO PRDDFN',#33);
#3384=PRODUCT_DEFINITION('','',#3392,#3388);
#3385=PRODUCT_DEFINITION('','',#3393,#3389);
#3386=PRODUCT_DEFINITION('','',#3394,#3390);
#3387=PRODUCT_DEFINITION('','',#3395,#3391);
#3388=PRODUCT_DEFINITION_CONTEXT('',#3413,'design');
#3389=PRODUCT_DEFINITION_CONTEXT('',#3413,'design');
#3390=PRODUCT_DEFINITION_CONTEXT('',#3413,'design');
#3391=PRODUCT_DEFINITION_CONTEXT('',#3413,'design');
#3392=PRODUCT_DEFINITION_FORMATION_WITH_SPECIFIED_SOURCE('','',#3400,
 .NOT_KNOWN.);
#3393=PRODUCT_DEFINITION_FORMATION_WITH_SPECIFIED_SOURCE('','',#3401,
 .NOT_KNOWN.);
#3394=PRODUCT_DEFINITION_FORMATION_WITH_SPECIFIED_SOURCE('','',#3402,
 .NOT_KNOWN.);
#3395=PRODUCT_DEFINITION_FORMATION_WITH_SPECIFIED_SOURCE('','',#3403,
 .NOT_KNOWN.);
#3396=PRODUCT_RELATED_PRODUCT_CATEGORY('','',(#3400));
#3397=PRODUCT_RELATED_PRODUCT_CATEGORY('','',(#3401));
#3398=PRODUCT_RELATED_PRODUCT_CATEGORY('','',(#3402));
#3399=PRODUCT_RELATED_PRODUCT_CATEGORY('','',(#3403));
#3400=PRODUCT('BCS-102-L-D-HE','BCS-102-L-D-HE','BCS-102-L-D-HE',(#3408));
#3401=PRODUCT('BCS-102-D-HE_socket','BCS-102-D-HE_socket',
'BCS-102-D-HE_socket',(#3409));
#3402=PRODUCT('C-95-01-02-L-D-HE','C-95-01-02-L-D-HE',
'C-95-01-02-L-D-HE',(#3410));
#3403=PRODUCT('C-95-01-02-L-D-HE2','C-95-01-02-L-D-HE2',
'C-95-01-02-L-D-HE2',(#3411));
#3404=PRODUCT_CATEGORY('','');
#3405=PRODUCT_CATEGORY('','');
#3406=PRODUCT_CATEGORY('','');
#3407=PRODUCT_CATEGORY('','');
#3408=PRODUCT_CONTEXT('',#3413,'mechanical');
#3409=PRODUCT_CONTEXT('',#3413,'mechanical');
#3410=PRODUCT_CONTEXT('',#3413,'mechanical');
#3411=PRODUCT_CONTEXT('',#3413,'mechanical');
#3412=APPLICATION_PROTOCOL_DEFINITION('international standard',
'automotive_design',2010,#3413);
#3413=APPLICATION_CONTEXT(
'core data for automotive mechanical design processes');
ENDSEC;
END-ISO-10303-21;
