ISO-10303-21;
HEADER;
FILE_DESCRIPTION (( 'STEP AP214' ),
    '1' );
FILE_NAME ('TL3301SPF160QG.STEP',
    '2020-07-06T07:24:02',
    ( '' ),
    ( '' ),
    'SwSTEP 2.0',
    'SolidWorks 2017',
    '' );
FILE_SCHEMA (( 'AUTOMOTIVE_DESIGN' ));
ENDSEC;

DATA;
#1 = CARTESIAN_POINT ( 'NONE',  ( 0.0000000000000000000, 3.400000000000000400, 0.0000000000000000000 ) ) ;
#2 = CIRCLE ( 'NONE', #1204, 0.3749999999999990600 ) ;
#3 = ADVANCED_FACE ( 'NONE', ( #4046, #399, #3924, #284, #4040, #1894 ), #1388, .T. ) ;
#4 = CARTESIAN_POINT ( 'NONE',  ( 2.199999999999999300, 3.700000000000000200, 2.199999999999999700 ) ) ;
#5 = FACE_OUTER_BOUND ( 'NONE', #2717, .T. ) ;
#6 = CARTESIAN_POINT ( 'NONE',  ( 2.199999999999999300, 3.725000000000002800, -2.199999999999999700 ) ) ;
#7 = AXIS2_PLACEMENT_3D ( 'NONE', #2973, #571, #3943 ) ;
#8 = VERTEX_POINT ( 'NONE', #3157 ) ;
#9 = LINE ( 'NONE', #2683, #2539 ) ;
#10 = VECTOR ( 'NONE', #851, 1000.000000000000000 ) ;
#11 = CLOSED_SHELL ( 'NONE', ( #4254, #2125, #2035, #3806, #1587, #3184, #131, #2020, #1094, #4187, #3074, #1320, #397, #1999, #2815, #2775, #3365, #3906, #2510, #3830, #1474, #2177, #439, #4009, #3562, #3540, #111, #3406, #4085, #3885, #2792, #3226, #679, #349, #373, #3742, #3952, #1683, #4223, #1493, #2268, #2743, #3002, #3205, #43, #1428, #1657, #4439, #3094, #3055, #4063, #3787, #70, #3466, #4401, #2492, #2082, #458, #3140, #2200, #1824, #622, #1700, #1948, #3271, #938, #701 ) ) ;
#12 = VECTOR ( 'NONE', #4180, 1000.000000000000000 ) ;
#13 = CARTESIAN_POINT ( 'NONE',  ( -3.000000000000000400, 1.300000000000000000, 1.899999999999999700 ) ) ;
#14 = EDGE_CURVE ( 'NONE', #229, #256, #1471, .T. ) ;
#15 = VERTEX_POINT ( 'NONE', #1419 ) ;
#16 = CARTESIAN_POINT ( 'NONE',  ( 2.500000000000000000, 0.5000000000000000000, -3.000000000000000900 ) ) ;
#17 = DIRECTION ( 'NONE',  ( -0.0000000000000000000, -0.0000000000000000000, -1.000000000000000000 ) ) ;
#18 = VERTEX_POINT ( 'NONE', #705 ) ;
#19 = AXIS2_PLACEMENT_3D ( 'NONE', #2068, #1356, #2436 ) ;
#20 = EDGE_CURVE ( 'NONE', #3738, #4007, #2061, .T. ) ;
#21 = CARTESIAN_POINT ( 'NONE',  ( -1.200000000000000000, 1.840202025355333300, 1.399999999999999700 ) ) ;
#22 = CARTESIAN_POINT ( 'NONE',  ( 2.199999999999999300, 3.700000000000000200, 2.199999999999999700 ) ) ;
#23 = ORIENTED_EDGE ( 'NONE', *, *, #3180, .F. ) ;
#24 = EDGE_CURVE ( 'NONE', #1379, #4056, #1262, .T. ) ;
#25 = DIRECTION ( 'NONE',  ( 1.000000000000000000, -0.0000000000000000000, -0.0000000000000000000 ) ) ;
#26 = ADVANCED_FACE ( 'NONE', ( #2975 ), #4310, .F. ) ;
#27 = ORIENTED_EDGE ( 'NONE', *, *, #1307, .T. ) ;
#28 = VECTOR ( 'NONE', #2267, 1000.000000000000000 ) ;
#29 = VERTEX_POINT ( 'NONE', #2756 ) ;
#30 = EDGE_LOOP ( 'NONE', ( #2576, #945, #291, #2724 ) ) ;
#31 = CARTESIAN_POINT ( 'NONE',  ( -2.750000000000000000, 3.400000000000000400, 2.750000000000000000 ) ) ;
#32 = ORIENTED_EDGE ( 'NONE', *, *, #530, .F. ) ;
#33 = CARTESIAN_POINT ( 'NONE',  ( -3.333974596215567600, 0.9000000000000000200, 1.899999999999999700 ) ) ;
#34 = ORIENTED_EDGE ( 'NONE', *, *, #76, .T. ) ;
#35 = DIRECTION ( 'NONE',  ( 1.000000000000000000, 0.0000000000000000000, -0.0000000000000000000 ) ) ;
#36 = VERTEX_POINT ( 'NONE', #1447 ) ;
#37 = DIRECTION ( 'NONE',  ( 0.0000000000000000000, -1.000000000000000000, 0.0000000000000000000 ) ) ;
#38 = VERTEX_POINT ( 'NONE', #4150 ) ;
#39 = DIRECTION ( 'NONE',  ( 0.0000000000000000000, -1.000000000000000000, -0.0000000000000000000 ) ) ;
#40 = EDGE_CURVE ( 'NONE', #1177, #2911, #2664, .T. ) ;
#41 = ORIENTED_EDGE ( 'NONE', *, *, #1156, .F. ) ;
#42 = LINE ( 'NONE', #2396, #2475 ) ;
#43 = ADVANCED_FACE ( 'NONE', ( #1630 ), #4198, .T. ) ;
#44 = DIRECTION ( 'NONE',  ( -1.000000000000000000, 0.0000000000000000000, 0.0000000000000000000 ) ) ;
#45 = VECTOR ( 'NONE', #1413, 1000.000000000000000 ) ;
#46 = VECTOR ( 'NONE', #2547, 1000.000000000000000 ) ;
#47 = CARTESIAN_POINT ( 'NONE',  ( -2.750000000000000000, 3.400000000000000400, -2.749999999999999100 ) ) ;
#48 =( NAMED_UNIT ( * ) SI_UNIT ( $, .STERADIAN. ) SOLID_ANGLE_UNIT ( ) );
#49 = AXIS2_PLACEMENT_3D ( 'NONE', #2801, #3494, #4177 ) ;
#50 = EDGE_LOOP ( 'NONE', ( #1814, #1131, #4250, #1233 ) ) ;
#51 = EDGE_CURVE ( 'NONE', #3753, #1921, #1523, .T. ) ;
#52 = VECTOR ( 'NONE', #2295, 1000.000000000000000 ) ;
#53 = UNCERTAINTY_MEASURE_WITH_UNIT (LENGTH_MEASURE( 1.000000000000000100E-005 ), #1108, 'distance_accuracy_value', 'NONE');
#54 = CIRCLE ( 'NONE', #735, 0.1000000000000002600 ) ;
#55 = CARTESIAN_POINT ( 'NONE',  ( -3.680384757729344300, 1.099999999999998100, 1.899999999999999700 ) ) ;
#56 = LINE ( 'NONE', #463, #925 ) ;
#57 = ORIENTED_EDGE ( 'NONE', *, *, #2365, .T. ) ;
#58 = CIRCLE ( 'NONE', #274, 0.3999999999999997400 ) ;
#59 = DIRECTION ( 'NONE',  ( 0.0000000000000000000, 0.0000000000000000000, -1.000000000000000000 ) ) ;
#60 = DIRECTION ( 'NONE',  ( 1.000000000000000000, 0.0000000000000000000, 7.885106708985486600E-017 ) ) ;
#61 = LINE ( 'NONE', #3511, #2910 ) ;
#62 = ORIENTED_EDGE ( 'NONE', *, *, #3986, .T. ) ;
#63 = CARTESIAN_POINT ( 'NONE',  ( -2.199999999999999300, 3.400000000000000400, -1.824999999999999700 ) ) ;
#64 = AXIS2_PLACEMENT_3D ( 'NONE', #1927, #3620, #1584 ) ;
#65 = PLANE ( 'NONE',  #3150 ) ;
#66 = ORIENTED_EDGE ( 'NONE', *, *, #3211, .T. ) ;
#67 = DIRECTION ( 'NONE',  ( -0.0000000000000000000, -0.0000000000000000000, -1.000000000000000000 ) ) ;
#68 = DIRECTION ( 'NONE',  ( 0.0000000000000000000, -0.0000000000000000000, -1.000000000000000000 ) ) ;
#69 = VERTEX_POINT ( 'NONE', #2137 ) ;
#70 = ADVANCED_FACE ( 'NONE', ( #1416 ), #3186, .T. ) ;
#71 = DIRECTION ( 'NONE',  ( 1.000000000000000000, 0.0000000000000000000, -1.548860246407863600E-016 ) ) ;
#72 = VERTEX_POINT ( 'NONE', #812 ) ;
#73 = CARTESIAN_POINT ( 'NONE',  ( 2.750000000000000900, 3.400000000000000400, 3.000000000000000400 ) ) ;
#74 = AXIS2_PLACEMENT_3D ( 'NONE', #3349, #4437, #282 ) ;
#75 = ORIENTED_EDGE ( 'NONE', *, *, #467, .T. ) ;
#76 = EDGE_CURVE ( 'NONE', #1714, #1921, #3775, .T. ) ;
#77 = VERTEX_POINT ( 'NONE', #1461 ) ;
#78 = DIRECTION ( 'NONE',  ( 0.0000000000000000000, -1.000000000000000000, 0.0000000000000000000 ) ) ;
#79 = ORIENTED_EDGE ( 'NONE', *, *, #4062, .T. ) ;
#80 = ORIENTED_EDGE ( 'NONE', *, *, #523, .F. ) ;
#81 = EDGE_CURVE ( 'NONE', #3515, #709, #1579, .T. ) ;
#82 = DIRECTION ( 'NONE',  ( 0.0000000000000000000, -0.0000000000000000000, 1.000000000000000000 ) ) ;
#83 = ORIENTED_EDGE ( 'NONE', *, *, #2574, .F. ) ;
#84 = DIRECTION ( 'NONE',  ( 1.000000000000000000, 0.0000000000000000000, -1.224646799147353200E-016 ) ) ;
#85 = CARTESIAN_POINT ( 'NONE',  ( -2.199999999999999300, 3.400000000000000400, 2.199999999999999700 ) ) ;
#86 = CARTESIAN_POINT ( 'NONE',  ( 2.199999999999999300, 3.400000000000000400, 2.199999999999999700 ) ) ;
#87 = ORIENTED_EDGE ( 'NONE', *, *, #3893, .F. ) ;
#88 = ADVANCED_FACE ( 'NONE', ( #2284 ), #3889, .F. ) ;
#89 = DIRECTION ( 'NONE',  ( -0.0000000000000000000, -1.000000000000000000, -0.0000000000000000000 ) ) ;
#90 = PLANE ( 'NONE',  #4319 ) ;
#91 = VERTEX_POINT ( 'NONE', #2820 ) ;
#92 = ORIENTED_EDGE ( 'NONE', *, *, #2501, .F. ) ;
#93 = DIRECTION ( 'NONE',  ( 1.000000000000000000, 0.0000000000000000000, 0.0000000000000000000 ) ) ;
#94 = FACE_OUTER_BOUND ( 'NONE', #492, .T. ) ;
#95 = CARTESIAN_POINT ( 'NONE',  ( 3.333974596215567600, 0.9000000000000000200, 2.600000000000000100 ) ) ;
#96 = VECTOR ( 'NONE', #1681, 1000.000000000000000 ) ;
#97 = CARTESIAN_POINT ( 'NONE',  ( 3.000000000000000400, 1.300000000000000000, -1.899999999999999700 ) ) ;
#98 = ORIENTED_EDGE ( 'NONE', *, *, #2865, .T. ) ;
#99 = AXIS2_PLACEMENT_3D ( 'NONE', #3769, #4114, #2427 ) ;
#100 = LINE ( 'NONE', #1079, #643 ) ;
#101 = EDGE_CURVE ( 'NONE', #4428, #578, #1739, .T. ) ;
#102 = LINE ( 'NONE', #16, #547 ) ;
#103 = DIRECTION ( 'NONE',  ( 0.0000000000000000000, 0.0000000000000000000, -1.000000000000000000 ) ) ;
#104 = LINE ( 'NONE', #1763, #4089 ) ;
#105 = DIRECTION ( 'NONE',  ( 0.0000000000000000000, -0.0000000000000000000, -1.000000000000000000 ) ) ;
#106 = LINE ( 'NONE', #1289, #4411 ) ;
#107 = EDGE_CURVE ( 'NONE', #2411, #1975, #3673, .T. ) ;
#108 = LINE ( 'NONE', #4015, #2968 ) ;
#109 = VERTEX_POINT ( 'NONE', #97 ) ;
#110 = FACE_OUTER_BOUND ( 'NONE', #1401, .T. ) ;
#111 = ADVANCED_FACE ( 'NONE', ( #3445 ), #2545, .F. ) ;
#112 = LINE ( 'NONE', #3584, #10 ) ;
#113 = AXIS2_PLACEMENT_3D ( 'NONE', #2852, #2527, #444 ) ;
#114 = CYLINDRICAL_SURFACE ( 'NONE', #3328, 0.2000000000000000900 ) ;
#115 = ORIENTED_EDGE ( 'NONE', *, *, #1781, .F. ) ;
#116 = ORIENTED_EDGE ( 'NONE', *, *, #3447, .F. ) ;
#117 = CARTESIAN_POINT ( 'NONE',  ( 3.333974596215567600, 0.9000000000000000200, -2.600000000000000100 ) ) ;
#118 = CARTESIAN_POINT ( 'NONE',  ( 3.420577136594011900, 0.9499999999999995100, -2.600000000000000100 ) ) ;
#119 = DIRECTION ( 'NONE',  ( -1.000000000000000000, 0.0000000000000000000, 0.0000000000000000000 ) ) ;
#120 = ORIENTED_EDGE ( 'NONE', *, *, #4163, .T. ) ;
#121 = CARTESIAN_POINT ( 'NONE',  ( -1.200000000000000000, 1.840202025355333300, 1.199999999999999700 ) ) ;
#122 = ORIENTED_EDGE ( 'NONE', *, *, #923, .T. ) ;
#123 = AXIS2_PLACEMENT_3D ( 'NONE', #2105, #1019, #1704 ) ;
#124 = EDGE_CURVE ( 'NONE', #3874, #351, #4372, .T. ) ;
#125 = CARTESIAN_POINT ( 'NONE',  ( 4.200000000000000200, 1.626303258728256700E-016, -1.899999999999999700 ) ) ;
#126 = ORIENTED_EDGE ( 'NONE', *, *, #558, .T. ) ;
#127 = VECTOR ( 'NONE', #3621, 1000.000000000000000 ) ;
#128 = DIRECTION ( 'NONE',  ( -0.0000000000000000000, -0.0000000000000000000, -1.000000000000000000 ) ) ;
#129 = ORIENTED_EDGE ( 'NONE', *, *, #1998, .F. ) ;
#130 = AXIS2_PLACEMENT_3D ( 'NONE', #199, #1540, #4273 ) ;
#131 = ADVANCED_FACE ( 'NONE', ( #231 ), #2344, .T. ) ;
#132 = PLANE ( 'NONE',  #4240 ) ;
#133 = EDGE_CURVE ( 'NONE', #518, #3405, #3348, .T. ) ;
#134 = ORIENTED_EDGE ( 'NONE', *, *, #3586, .T. ) ;
#135 = ORIENTED_EDGE ( 'NONE', *, *, #2555, .T. ) ;
#136 = EDGE_CURVE ( 'NONE', #2802, #3159, #1957, .T. ) ;
#137 = CARTESIAN_POINT ( 'NONE',  ( -1.350000000000000100, -0.4999999999999994400, 3.000000000000000400 ) ) ;
#138 = ORIENTED_EDGE ( 'NONE', *, *, #3162, .T. ) ;
#139 = DIRECTION ( 'NONE',  ( 0.0000000000000000000, 0.0000000000000000000, 1.000000000000000000 ) ) ;
#140 = CARTESIAN_POINT ( 'NONE',  ( -3.000000000000000000, 3.400000000000000400, 2.750000000000000000 ) ) ;
#141 = AXIS2_PLACEMENT_3D ( 'NONE', #2289, #2257, #2245 ) ;
#142 = DIRECTION ( 'NONE',  ( 0.0000000000000000000, 1.000000000000000000, 0.0000000000000000000 ) ) ;
#143 = ORIENTED_EDGE ( 'NONE', *, *, #467, .F. ) ;
#144 = LINE ( 'NONE', #2288, #4013 ) ;
#145 = VECTOR ( 'NONE', #2362, 1000.000000000000000 ) ;
#146 = CARTESIAN_POINT ( 'NONE',  ( 1.825000000000000200, 3.725000000000002800, -2.199999999999999700 ) ) ;
#147 = CARTESIAN_POINT ( 'NONE',  ( -2.750000000000000000, 0.5000000000000004400, -3.000000000000000900 ) ) ;
#148 = CARTESIAN_POINT ( 'NONE',  ( -4.200000000000000200, 0.0000000000000000000, -2.600000000000000100 ) ) ;
#149 = ORIENTED_EDGE ( 'NONE', *, *, #2506, .T. ) ;
#150 = LINE ( 'NONE', #3454, #2786 ) ;
#151 = LINE ( 'NONE', #3901, #46 ) ;
#152 = PLANE ( 'NONE',  #3777 ) ;
#153 = ADVANCED_FACE ( 'NONE', ( #761 ), #2713, .T. ) ;
#154 = ORIENTED_EDGE ( 'NONE', *, *, #2365, .F. ) ;
#155 = VECTOR ( 'NONE', #1213, 1000.000000000000000 ) ;
#156 = VECTOR ( 'NONE', #4312, 1000.000000000000000 ) ;
#157 = DIRECTION ( 'NONE',  ( -0.0000000000000000000, -1.000000000000000000, -0.0000000000000000000 ) ) ;
#158 = AXIS2_PLACEMENT_3D ( 'NONE', #3504, #89, #1773 ) ;
#159 = EDGE_CURVE ( 'NONE', #1921, #854, #1780, .T. ) ;
#160 = CARTESIAN_POINT ( 'NONE',  ( -3.853589838486224400, 0.2000000000000021800, -1.899999999999999700 ) ) ;
#161 = DIRECTION ( 'NONE',  ( 0.0000000000000000000, 0.0000000000000000000, -1.000000000000000000 ) ) ;
#162 = CIRCLE ( 'NONE', #3717, 0.3749999999999990600 ) ;
#163 = CARTESIAN_POINT ( 'NONE',  ( 1.350000000000000100, 0.1000000000000000500, 3.000000000000000400 ) ) ;
#164 = ORIENTED_EDGE ( 'NONE', *, *, #662, .F. ) ;
#165 = CARTESIAN_POINT ( 'NONE',  ( 4.200000000000000200, 0.2999999999999999900, -2.600000000000000100 ) ) ;
#166 = LINE ( 'NONE', #4047, #3714 ) ;
#167 = CARTESIAN_POINT ( 'NONE',  ( 2.750000000000000900, 3.400000000000000400, 2.750000000000000000 ) ) ;
#168 = FACE_OUTER_BOUND ( 'NONE', #1690, .T. ) ;
#169 = CARTESIAN_POINT ( 'NONE',  ( -3.000000000000000400, 1.300000000000000000, 2.600000000000000100 ) ) ;
#170 = ORIENTED_EDGE ( 'NONE', *, *, #1497, .T. ) ;
#171 = SURFACE_STYLE_FILL_AREA ( #4018 ) ;
#172 = EDGE_CURVE ( 'NONE', #72, #3115, #4416, .T. ) ;
#173 = DIRECTION ( 'NONE',  ( 2.797941090285173100E-016, 0.0000000000000000000, 1.000000000000000000 ) ) ;
#174 = VERTEX_POINT ( 'NONE', #841 ) ;
#175 = PRESENTATION_LAYER_ASSIGNMENT (  '', '', ( #2407 ) ) ;
#176 = CARTESIAN_POINT ( 'NONE',  ( -4.200000000000000200, 0.4000000000000000200, 1.899999999999999700 ) ) ;
#177 = ORIENTED_EDGE ( 'NONE', *, *, #1966, .T. ) ;
#178 = DIRECTION ( 'NONE',  ( -1.000000000000000000, 0.0000000000000000000, 0.0000000000000000000 ) ) ;
#179 = DIRECTION ( 'NONE',  ( -0.0000000000000000000, -0.0000000000000000000, -1.000000000000000000 ) ) ;
#180 = ADVANCED_FACE ( 'NONE', ( #2912 ), #1581, .F. ) ;
#181 = ORIENTED_EDGE ( 'NONE', *, *, #1013, .F. ) ;
#182 = DIRECTION ( 'NONE',  ( 1.548860246407863600E-016, -0.0000000000000000000, 1.000000000000000000 ) ) ;
#183 = CARTESIAN_POINT ( 'NONE',  ( -2.199999999999999300, 3.400000000000000400, 2.199999999999999700 ) ) ;
#184 = CARTESIAN_POINT ( 'NONE',  ( -2.199999999999999300, 3.400000000000000400, 2.574999999999999700 ) ) ;
#185 = ORIENTED_EDGE ( 'NONE', *, *, #4326, .F. ) ;
#186 = ORIENTED_EDGE ( 'NONE', *, *, #789, .T. ) ;
#187 = CARTESIAN_POINT ( 'NONE',  ( -2.199999999999999300, 3.700000000000000200, 1.824999999999999700 ) ) ;
#188 = AXIS2_PLACEMENT_3D ( 'NONE', #1377, #2067, #3438 ) ;
#189 = ORIENTED_EDGE ( 'NONE', *, *, #2307, .T. ) ;
#190 = VECTOR ( 'NONE', #3336, 1000.000000000000000 ) ;
#191 = EDGE_CURVE ( 'NONE', #3792, #4429, #1834, .T. ) ;
#192 = CLOSED_SHELL ( 'NONE', ( #1344, #3316, #2425, #1367, #4165, #3871, #4105, #1031, #1803, #1007, #320, #2100, #2838, #1049 ) ) ;
#193 = EDGE_LOOP ( 'NONE', ( #3084, #1766, #1254, #2871, #903, #3876, #4382, #3702, #4245, #3880, #3801, #4173 ) ) ;
#194 = DIRECTION ( 'NONE',  ( -0.0000000000000000000, 1.000000000000000000, -0.0000000000000000000 ) ) ;
#195 = DIRECTION ( 'NONE',  ( 0.0000000000000000000, 0.0000000000000000000, -1.000000000000000000 ) ) ;
#196 = EDGE_LOOP ( 'NONE', ( #241, #396, #3697, #972, #669 ) ) ;
#197 = DIRECTION ( 'NONE',  ( -1.000000000000000000, 6.492722409255913900E-016, 0.0000000000000000000 ) ) ;
#198 = ORIENTED_EDGE ( 'NONE', *, *, #3330, .T. ) ;
#199 = CARTESIAN_POINT ( 'NONE',  ( 3.333974596215567600, 0.9000000000000000200, 2.600000000000000100 ) ) ;
#200 = EDGE_CURVE ( 'NONE', #3997, #2934, #1688, .T. ) ;
#201 = DIRECTION ( 'NONE',  ( 0.0000000000000000000, 0.0000000000000000000, -1.000000000000000000 ) ) ;
#202 = CARTESIAN_POINT ( 'NONE',  ( 3.000000000000000400, 1.000000000000000000, 2.600000000000000100 ) ) ;
#203 = ORIENTED_EDGE ( 'NONE', *, *, #1153, .F. ) ;
#204 = CARTESIAN_POINT ( 'NONE',  ( -2.499999999999999600, 0.5000000000000000000, -1.450000000000001100 ) ) ;
#205 = ORIENTED_EDGE ( 'NONE', *, *, #4276, .T. ) ;
#206 = AXIS2_PLACEMENT_3D ( 'NONE', #2845, #1821, #3568 ) ;
#207 = ORIENTED_EDGE ( 'NONE', *, *, #260, .F. ) ;
#208 = VECTOR ( 'NONE', #1710, 1000.000000000000000 ) ;
#209 = VECTOR ( 'NONE', #304, 1000.000000000000000 ) ;
#210 = CARTESIAN_POINT ( 'NONE',  ( -1.200000000000000000, 7.400000000000000400, 1.199999999999999700 ) ) ;
#211 = CARTESIAN_POINT ( 'NONE',  ( -1.200000000000000000, 7.400000000000000400, 0.0000000000000000000 ) ) ;
#212 = FILL_AREA_STYLE_COLOUR ( '', #4132 ) ;
#213 = ORIENTED_EDGE ( 'NONE', *, *, #3137, .F. ) ;
#214 = LINE ( 'NONE', #2605, #3902 ) ;
#215 = CARTESIAN_POINT ( 'NONE',  ( 1.350000000000000100, 0.4999999999999993300, -2.999999999999999100 ) ) ;
#216 = CARTESIAN_POINT ( 'NONE',  ( 4.200000000000000200, 0.4000000000000000200, -1.899999999999999700 ) ) ;
#217 = VECTOR ( 'NONE', #2913, 1000.000000000000000 ) ;
#218 = CARTESIAN_POINT ( 'NONE',  ( 4.200000000000000200, 0.4000000000000000200, 1.899999999999999700 ) ) ;
#219 = DIRECTION ( 'NONE',  ( 0.0000000000000000000, 0.0000000000000000000, -1.000000000000000000 ) ) ;
#220 = CIRCLE ( 'NONE', #964, 0.1000000000000002600 ) ;
#221 = CYLINDRICAL_SURFACE ( 'NONE', #653, 0.2000000000000000900 ) ;
#222 = CARTESIAN_POINT ( 'NONE',  ( 1.399999999999999900, 1.840202025355333300, 1.199999999999999300 ) ) ;
#223 = FACE_OUTER_BOUND ( 'NONE', #1758, .T. ) ;
#224 = ORIENTED_EDGE ( 'NONE', *, *, #2347, .F. ) ;
#225 = DIRECTION ( 'NONE',  ( 0.0000000000000000000, 0.0000000000000000000, 1.000000000000000000 ) ) ;
#226 = AXIS2_PLACEMENT_3D ( 'NONE', #684, #673, #4111 ) ;
#227 = CARTESIAN_POINT ( 'NONE',  ( 5.000000000000000000, 0.0000000000000000000, -1.899999999999999700 ) ) ;
#228 = LINE ( 'NONE', #3747, #3772 ) ;
#229 = VERTEX_POINT ( 'NONE', #1924 ) ;
#230 = ADVANCED_FACE ( 'NONE', ( #659 ), #3870, .F. ) ;
#231 = FACE_OUTER_BOUND ( 'NONE', #2474, .T. ) ;
#232 = CARTESIAN_POINT ( 'NONE',  ( -2.750000000000000000, 3.700000000000000200, -2.999999999999998700 ) ) ;
#233 = DIRECTION ( 'NONE',  ( -2.797941090285173100E-016, 0.0000000000000000000, -1.000000000000000000 ) ) ;
#234 = EDGE_CURVE ( 'NONE', #3983, #2494, #932, .T. ) ;
#235 = ORIENTED_EDGE ( 'NONE', *, *, #2840, .F. ) ;
#236 = DIRECTION ( 'NONE',  ( 0.0000000000000000000, 0.0000000000000000000, -1.000000000000000000 ) ) ;
#237 = VERTEX_POINT ( 'NONE', #4268 ) ;
#238 = AXIS2_PLACEMENT_3D ( 'NONE', #1146, #1187, #2233 ) ;
#239 = CARTESIAN_POINT ( 'NONE',  ( 3.333974596215567600, 1.000000000000000200, -2.600000000000000100 ) ) ;
#240 = DIRECTION ( 'NONE',  ( -1.000000000000000000, -0.0000000000000000000, -0.0000000000000000000 ) ) ;
#241 = ORIENTED_EDGE ( 'NONE', *, *, #3728, .F. ) ;
#242 = CARTESIAN_POINT ( 'NONE',  ( 2.199999999999999300, 3.700000000000000200, -1.824999999999999700 ) ) ;
#243 = VERTEX_POINT ( 'NONE', #3647 ) ;
#244 = CARTESIAN_POINT ( 'NONE',  ( 2.199999999999999300, 3.725000000000002800, 2.574999999999998800 ) ) ;
#245 = EDGE_CURVE ( 'NONE', #2934, #4256, #2280, .T. ) ;
#246 = VERTEX_POINT ( 'NONE', #1535 ) ;
#247 = CARTESIAN_POINT ( 'NONE',  ( -2.199999999999999300, 3.725000000000002800, 2.199999999999999700 ) ) ;
#248 = CARTESIAN_POINT ( 'NONE',  ( 2.500000000000000000, 0.1000000000000000100, -3.000000000000000900 ) ) ;
#249 = ORIENTED_EDGE ( 'NONE', *, *, #2432, .F. ) ;
#250 = ORIENTED_EDGE ( 'NONE', *, *, #406, .T. ) ;
#251 = EDGE_LOOP ( 'NONE', ( #3979, #3942, #465, #308, #198 ) ) ;
#252 = CARTESIAN_POINT ( 'NONE',  ( 4.113397459621556800, 0.3500000000000005300, 2.600000000000000100 ) ) ;
#253 = DIRECTION ( 'NONE',  ( 1.000000000000000000, 0.0000000000000000000, 0.0000000000000000000 ) ) ;
#254 = AXIS2_PLACEMENT_3D ( 'NONE', #2313, #943, #3734 ) ;
#255 = EDGE_CURVE ( 'NONE', #4166, #246, #2167, .T. ) ;
#256 = VERTEX_POINT ( 'NONE', #4284 ) ;
#257 = DIRECTION ( 'NONE',  ( 0.0000000000000000000, 0.0000000000000000000, -1.000000000000000000 ) ) ;
#258 = CARTESIAN_POINT ( 'NONE',  ( -5.000000000000000000, 0.2999999999999999900, 1.899999999999999700 ) ) ;
#259 = EDGE_LOOP ( 'NONE', ( #398, #1167 ) ) ;
#260 = EDGE_CURVE ( 'NONE', #4205, #4392, #3077, .T. ) ;
#261 = DIRECTION ( 'NONE',  ( 0.0000000000000000000, 1.000000000000000000, 0.0000000000000000000 ) ) ;
#262 = ORIENTED_EDGE ( 'NONE', *, *, #1713, .T. ) ;
#263 = VECTOR ( 'NONE', #2154, 1000.000000000000000 ) ;
#264 = LINE ( 'NONE', #4044, #4449 ) ;
#265 = AXIS2_PLACEMENT_3D ( 'NONE', #2620, #1562, #559 ) ;
#266 = ORIENTED_EDGE ( 'NONE', *, *, #717, .F. ) ;
#267 = VECTOR ( 'NONE', #2229, 1000.000000000000000 ) ;
#268 = LINE ( 'NONE', #4323, #2215 ) ;
#269 = LINE ( 'NONE', #2338, #3710 ) ;
#270 = CARTESIAN_POINT ( 'NONE',  ( -1.200000000000000000, 7.400000000000000400, -1.200000000000000200 ) ) ;
#271 = SURFACE_STYLE_FILL_AREA ( #1392 ) ;
#272 = ORIENTED_EDGE ( 'NONE', *, *, #20, .F. ) ;
#273 = VECTOR ( 'NONE', #2651, 1000.000000000000000 ) ;
#274 = AXIS2_PLACEMENT_3D ( 'NONE', #4106, #726, #4444 ) ;
#275 = ADVANCED_FACE ( 'NONE', ( #110 ), #533, .F. ) ;
#276 = EDGE_CURVE ( 'NONE', #2038, #2821, #3289, .T. ) ;
#277 = VECTOR ( 'NONE', #2397, 1000.000000000000000 ) ;
#278 = CARTESIAN_POINT ( 'NONE',  ( -2.500000000000000000, 0.1000000000000000100, -3.000000000000000900 ) ) ;
#279 = ORIENTED_EDGE ( 'NONE', *, *, #4420, .F. ) ;
#280 = LINE ( 'NONE', #1330, #937 ) ;
#281 = FILL_AREA_STYLE_COLOUR ( '', #1092 ) ;
#282 = DIRECTION ( 'NONE',  ( 0.0000000000000000000, 0.0000000000000000000, -1.000000000000000000 ) ) ;
#283 = ORIENTED_EDGE ( 'NONE', *, *, #2064, .T. ) ;
#284 = FACE_BOUND ( 'NONE', #850, .T. ) ;
#285 = EDGE_CURVE ( 'NONE', #4378, #664, #2385, .T. ) ;
#286 = PLANE ( 'NONE',  #4210 ) ;
#287 = ORIENTED_EDGE ( 'NONE', *, *, #20, .T. ) ;
#288 = CARTESIAN_POINT ( 'NONE',  ( 3.000000000000000000, 0.5000000000000000000, 1.450000000000001100 ) ) ;
#289 = DIRECTION ( 'NONE',  ( 1.000000000000000000, 0.0000000000000000000, 0.0000000000000000000 ) ) ;
#290 = AXIS2_PLACEMENT_3D ( 'NONE', #3917, #548, #3288 ) ;
#291 = ORIENTED_EDGE ( 'NONE', *, *, #2399, .F. ) ;
#292 = CARTESIAN_POINT ( 'NONE',  ( -3.333974596215567600, 0.9000000000000000200, 1.899999999999999700 ) ) ;
#293 = DIRECTION ( 'NONE',  ( 1.000000000000000000, 0.0000000000000000000, 0.0000000000000000000 ) ) ;
#294 = ORIENTED_EDGE ( 'NONE', *, *, #430, .F. ) ;
#295 = ORIENTED_EDGE ( 'NONE', *, *, #662, .T. ) ;
#296 = AXIS2_PLACEMENT_3D ( 'NONE', #3858, #2573, #2163 ) ;
#297 = DIRECTION ( 'NONE',  ( 1.000000000000000000, 0.0000000000000000000, 0.0000000000000000000 ) ) ;
#298 = DIRECTION ( 'NONE',  ( -0.0000000000000000000, 1.000000000000000000, -0.0000000000000000000 ) ) ;
#299 = ADVANCED_FACE ( 'NONE', ( #2971, #508, #2010, #2055, #1952, #1256 ), #561, .F. ) ;
#300 = VERTEX_POINT ( 'NONE', #3299 ) ;
#301 = ORIENTED_EDGE ( 'NONE', *, *, #1631, .T. ) ;
#302 = EDGE_LOOP ( 'NONE', ( #1589, #2244, #2503, #2053, #1171 ) ) ;
#303 = ORIENTED_EDGE ( 'NONE', *, *, #3338, .T. ) ;
#304 = DIRECTION ( 'NONE',  ( 0.0000000000000000000, -0.0000000000000000000, -1.000000000000000000 ) ) ;
#305 = ORIENTED_EDGE ( 'NONE', *, *, #2453, .F. ) ;
#306 = CARTESIAN_POINT ( 'NONE',  ( 4.200000000000000200, 1.626303258728256700E-016, 2.600000000000000100 ) ) ;
#307 = EDGE_CURVE ( 'NONE', #4415, #3408, #3395, .T. ) ;
#308 = ORIENTED_EDGE ( 'NONE', *, *, #430, .T. ) ;
#309 = CYLINDRICAL_SURFACE ( 'NONE', #1467, 0.2000000000000000900 ) ;
#310 = DIRECTION ( 'NONE',  ( -0.0000000000000000000, -1.000000000000000000, 0.0000000000000000000 ) ) ;
#311 = CARTESIAN_POINT ( 'NONE',  ( 1.200000000000000000, 7.599999999999999600, -1.400000000000000600 ) ) ;
#312 = ORIENTED_EDGE ( 'NONE', *, *, #1058, .F. ) ;
#313 = EDGE_CURVE ( 'NONE', #1975, #2928, #2231, .T. ) ;
#314 = FACE_OUTER_BOUND ( 'NONE', #4019, .T. ) ;
#315 = LINE ( 'NONE', #2660, #3855 ) ;
#316 = LINE ( 'NONE', #651, #1455 ) ;
#317 = CARTESIAN_POINT ( 'NONE',  ( -4.200000000000000200, 0.2999999999999999900, -2.600000000000000100 ) ) ;
#318 = CARTESIAN_POINT ( 'NONE',  ( -1.825000000000000200, 3.725000000000002800, -2.199999999999999700 ) ) ;
#319 = CLOSED_SHELL ( 'NONE', ( #2531, #791, #2382, #88, #663, #3383, #2403, #3446, #1137, #639, #1407, #768, #419, #1782 ) ) ;
#320 = ADVANCED_FACE ( 'NONE', ( #3029 ), #1466, .T. ) ;
#321 = DIRECTION ( 'NONE',  ( 0.0000000000000000000, 0.0000000000000000000, 1.000000000000000000 ) ) ;
#322 = LINE ( 'NONE', #4174, #2000 ) ;
#323 = LINE ( 'NONE', #1449, #2749 ) ;
#324 = DIRECTION ( 'NONE',  ( 0.0000000000000000000, 1.000000000000000000, 0.0000000000000000000 ) ) ;
#325 = AXIS2_PLACEMENT_3D ( 'NONE', #2686, #4049, #293 ) ;
#326 = CARTESIAN_POINT ( 'NONE',  ( 2.750000000000000900, 3.400000000000000400, -2.999999999999998200 ) ) ;
#327 = FACE_BOUND ( 'NONE', #1305, .T. ) ;
#328 = LINE ( 'NONE', #4224, #1139 ) ;
#329 = LINE ( 'NONE', #3339, #2851 ) ;
#330 = CARTESIAN_POINT ( 'NONE',  ( -4.113397459621556800, 0.3500000000000005300, 1.899999999999999700 ) ) ;
#331 = DIRECTION ( 'NONE',  ( 0.0000000000000000000, 0.0000000000000000000, -1.000000000000000000 ) ) ;
#332 = MANIFOLD_SOLID_BREP ( 'Mirror2[2]', #192 ) ;
#333 = LINE ( 'NONE', #3386, #1361 ) ;
#334 = ORIENTED_EDGE ( 'NONE', *, *, #3995, .F. ) ;
#335 = VECTOR ( 'NONE', #3967, 1000.000000000000000 ) ;
#336 = CARTESIAN_POINT ( 'NONE',  ( -2.499999999999999600, 0.1000000000000000100, -1.450000000000001100 ) ) ;
#337 = VECTOR ( 'NONE', #1699, 1000.000000000000000 ) ;
#338 = ORIENTED_EDGE ( 'NONE', *, *, #24, .F. ) ;
#339 = AXIS2_PLACEMENT_3D ( 'NONE', #2412, #3798, #1747 ) ;
#340 = PLANE ( 'NONE',  #188 ) ;
#341 = EDGE_CURVE ( 'NONE', #3408, #1283, #557, .T. ) ;
#342 = CARTESIAN_POINT ( 'NONE',  ( 1.200000000000000000, 7.400000000000000400, -1.200000000000000600 ) ) ;
#343 = CARTESIAN_POINT ( 'NONE',  ( 2.199999999999999300, 3.400000000000000400, -1.824999999999999700 ) ) ;
#344 = EDGE_LOOP ( 'NONE', ( #3463, #3125, #62, #250 ) ) ;
#345 = DIRECTION ( 'NONE',  ( -0.0000000000000000000, 0.0000000000000000000, -1.000000000000000000 ) ) ;
#346 = EDGE_CURVE ( 'NONE', #3413, #2669, #755, .T. ) ;
#347 = DIRECTION ( 'NONE',  ( -1.000000000000000000, 0.0000000000000000000, 1.548860246407863600E-016 ) ) ;
#348 = VERTEX_POINT ( 'NONE', #2330 ) ;
#349 = ADVANCED_FACE ( 'NONE', ( #4303 ), #4358, .F. ) ;
#350 = CARTESIAN_POINT ( 'NONE',  ( 2.750000000000000900, -8.485281374238571300, 3.000000000000000000 ) ) ;
#351 = VERTEX_POINT ( 'NONE', #2673 ) ;
#352 = CARTESIAN_POINT ( 'NONE',  ( 3.420577136594011900, 0.9499999999999995100, -1.899999999999999700 ) ) ;
#353 = ORIENTED_EDGE ( 'NONE', *, *, #4087, .F. ) ;
#354 = CARTESIAN_POINT ( 'NONE',  ( -4.200000000000000200, 0.4000000000000000200, -1.899999999999999700 ) ) ;
#355 = AXIS2_PLACEMENT_3D ( 'NONE', #3635, #2561, #1255 ) ;
#356 = ORIENTED_EDGE ( 'NONE', *, *, #3735, .T. ) ;
#357 = CIRCLE ( 'NONE', #830, 0.2000000000000000900 ) ;
#358 = ORIENTED_EDGE ( 'NONE', *, *, #3312, .F. ) ;
#359 = ORIENTED_EDGE ( 'NONE', *, *, #234, .F. ) ;
#360 = DIRECTION ( 'NONE',  ( -0.0000000000000000000, -1.000000000000000000, -0.0000000000000000000 ) ) ;
#361 = ORIENTED_EDGE ( 'NONE', *, *, #1827, .T. ) ;
#362 = ORIENTED_EDGE ( 'NONE', *, *, #4403, .F. ) ;
#363 = AXIS2_PLACEMENT_3D ( 'NONE', #2516, #128, #843 ) ;
#364 = CARTESIAN_POINT ( 'NONE',  ( -4.113397459621556800, 0.3500000000000005300, -1.899999999999999700 ) ) ;
#365 = DIRECTION ( 'NONE',  ( 1.000000000000000000, 0.0000000000000000000, -0.0000000000000000000 ) ) ;
#366 = ORIENTED_EDGE ( 'NONE', *, *, #2540, .F. ) ;
#367 = FACE_OUTER_BOUND ( 'NONE', #2435, .T. ) ;
#368 = DIRECTION ( 'NONE',  ( 0.0000000000000000000, -0.0000000000000000000, 1.000000000000000000 ) ) ;
#369 = CARTESIAN_POINT ( 'NONE',  ( -3.333974596215567600, 0.9000000000000000200, 1.899999999999999700 ) ) ;
#370 = EDGE_CURVE ( 'NONE', #995, #1220, #501, .T. ) ;
#371 = DIRECTION ( 'NONE',  ( -1.000000000000000000, 0.0000000000000000000, 0.0000000000000000000 ) ) ;
#372 = ORIENTED_EDGE ( 'NONE', *, *, #3011, .F. ) ;
#373 = ADVANCED_FACE ( 'NONE', ( #1571 ), #953, .T. ) ;
#374 = CARTESIAN_POINT ( 'NONE',  ( -2.199999999999999300, 3.700000000000000200, 2.574999999999999700 ) ) ;
#375 = ORIENTED_EDGE ( 'NONE', *, *, #2122, .F. ) ;
#376 = DIRECTION ( 'NONE',  ( -1.000000000000000000, 0.0000000000000000000, 0.0000000000000000000 ) ) ;
#377 = AXIS2_PLACEMENT_3D ( 'NONE', #2315, #1656, #2371 ) ;
#378 = FACE_OUTER_BOUND ( 'NONE', #3743, .T. ) ;
#379 = EDGE_CURVE ( 'NONE', #2618, #854, #1515, .T. ) ;
#380 = ORIENTED_EDGE ( 'NONE', *, *, #3826, .T. ) ;
#381 = CIRCLE ( 'NONE', #141, 0.3749999999999990600 ) ;
#382 = LINE ( 'NONE', #4059, #1136 ) ;
#383 = EDGE_CURVE ( 'NONE', #4271, #1054, #3343, .T. ) ;
#384 = ORIENTED_EDGE ( 'NONE', *, *, #3986, .F. ) ;
#385 = CARTESIAN_POINT ( 'NONE',  ( -4.200000000000000200, 0.2999999999999999900, 2.600000000000000100 ) ) ;
#386 = CIRCLE ( 'NONE', #3176, 0.3749999999999998900 ) ;
#387 = DIRECTION ( 'NONE',  ( 0.0000000000000000000, 0.0000000000000000000, -1.000000000000000000 ) ) ;
#388 = FACE_OUTER_BOUND ( 'NONE', #641, .T. ) ;
#389 = DIRECTION ( 'NONE',  ( 0.0000000000000000000, 1.000000000000000000, 0.0000000000000000000 ) ) ;
#390 = VECTOR ( 'NONE', #3357, 1000.000000000000000 ) ;
#391 = AXIS2_PLACEMENT_3D ( 'NONE', #1692, #1376, #2387 ) ;
#392 = ORIENTED_EDGE ( 'NONE', *, *, #2807, .F. ) ;
#393 = CIRCLE ( 'NONE', #206, 0.3999999999999997400 ) ;
#394 = CARTESIAN_POINT ( 'NONE',  ( 3.333974596215567600, 0.9000000000000000200, 2.600000000000000100 ) ) ;
#395 = LINE ( 'NONE', #3914, #3915 ) ;
#396 = ORIENTED_EDGE ( 'NONE', *, *, #1211, .F. ) ;
#397 = ADVANCED_FACE ( 'NONE', ( #4036 ), #2908, .T. ) ;
#398 = ORIENTED_EDGE ( 'NONE', *, *, #3083, .F. ) ;
#399 = FACE_BOUND ( 'NONE', #1649, .T. ) ;
#400 = PLANE ( 'NONE',  #1891 ) ;
#401 = CARTESIAN_POINT ( 'NONE',  ( -1.399999999999999900, 1.840202025355333300, 1.199999999999999700 ) ) ;
#402 = VERTEX_POINT ( 'NONE', #618 ) ;
#403 = AXIS2_PLACEMENT_3D ( 'NONE', #779, #2241, #896 ) ;
#404 = DIRECTION ( 'NONE',  ( 0.0000000000000000000, 1.000000000000000000, -0.0000000000000000000 ) ) ;
#405 = DIRECTION ( 'NONE',  ( 0.0000000000000000000, -1.000000000000000000, 0.0000000000000000000 ) ) ;
#406 = EDGE_CURVE ( 'NONE', #3148, #1074, #1682, .T. ) ;
#407 = DIRECTION ( 'NONE',  ( 1.000000000000000000, 0.0000000000000000000, 0.0000000000000000000 ) ) ;
#408 = CARTESIAN_POINT ( 'NONE',  ( -5.000000000000000000, 0.0000000000000000000, 1.899999999999999700 ) ) ;
#409 = ORIENTED_EDGE ( 'NONE', *, *, #1269, .T. ) ;
#410 = CARTESIAN_POINT ( 'NONE',  ( -1.200000000000000000, 5.799999999999999800, 1.199999999999999700 ) ) ;
#411 = EDGE_CURVE ( 'NONE', #4318, #3996, #986, .T. ) ;
#412 = ORIENTED_EDGE ( 'NONE', *, *, #2036, .T. ) ;
#413 = ORIENTED_EDGE ( 'NONE', *, *, #802, .T. ) ;
#414 = CARTESIAN_POINT ( 'NONE',  ( 2.199999999999999300, 4.100000000000001400, 2.199999999999999700 ) ) ;
#415 = ORIENTED_EDGE ( 'NONE', *, *, #436, .F. ) ;
#416 = ORIENTED_EDGE ( 'NONE', *, *, #574, .T. ) ;
#417 = DIRECTION ( 'NONE',  ( 0.0000000000000000000, 0.0000000000000000000, 1.000000000000000000 ) ) ;
#418 = AXIS2_PLACEMENT_3D ( 'NONE', #4066, #2390, #4094 ) ;
#419 = ADVANCED_FACE ( 'NONE', ( #652 ), #2395, .F. ) ;
#420 = ORIENTED_EDGE ( 'NONE', *, *, #2225, .T. ) ;
#421 = DIRECTION ( 'NONE',  ( 0.0000000000000000000, 0.0000000000000000000, 1.000000000000000000 ) ) ;
#422 = CARTESIAN_POINT ( 'NONE',  ( 2.199999999999999300, 3.725000000000002800, 2.199999999999999700 ) ) ;
#423 = DIRECTION ( 'NONE',  ( 0.0000000000000000000, 0.0000000000000000000, 1.000000000000000000 ) ) ;
#424 = AXIS2_PLACEMENT_3D ( 'NONE', #2174, #2823, #387 ) ;
#425 = DIRECTION ( 'NONE',  ( 0.0000000000000000000, 0.0000000000000000000, 1.000000000000000000 ) ) ;
#426 = CARTESIAN_POINT ( 'NONE',  ( 2.199999999999999300, 3.725000000000002800, -2.199999999999999700 ) ) ;
#427 = ORIENTED_EDGE ( 'NONE', *, *, #3842, .T. ) ;
#428 = CARTESIAN_POINT ( 'NONE',  ( 2.199999999999999300, 3.400000000000000400, -1.825000000000000200 ) ) ;
#429 = AXIS2_PLACEMENT_3D ( 'NONE', #1075, #1530, #3132 ) ;
#430 = EDGE_CURVE ( 'NONE', #2911, #995, #552, .T. ) ;
#431 = ORIENTED_EDGE ( 'NONE', *, *, #3822, .T. ) ;
#432 = FACE_OUTER_BOUND ( 'NONE', #2246, .T. ) ;
#433 = LINE ( 'NONE', #4348, #1070 ) ;
#434 = DIRECTION ( 'NONE',  ( -1.000000000000000000, 0.0000000000000000000, -1.577021341797097300E-016 ) ) ;
#435 = ORIENTED_EDGE ( 'NONE', *, *, #4376, .F. ) ;
#436 = EDGE_CURVE ( 'NONE', #2896, #3738, #3557, .T. ) ;
#437 = VECTOR ( 'NONE', #3940, 1000.000000000000100 ) ;
#438 = VECTOR ( 'NONE', #1831, 1000.000000000000000 ) ;
#439 = ADVANCED_FACE ( 'NONE', ( #3126 ), #2133, .F. ) ;
#440 = FACE_OUTER_BOUND ( 'NONE', #2073, .T. ) ;
#441 = FACE_OUTER_BOUND ( 'NONE', #4285, .T. ) ;
#442 = LINE ( 'NONE', #1265, #2222 ) ;
#443 = EDGE_CURVE ( 'NONE', #402, #1602, #393, .T. ) ;
#444 = DIRECTION ( 'NONE',  ( -0.4999999999999952300, 0.8660254037844413700, 0.0000000000000000000 ) ) ;
#445 = DIRECTION ( 'NONE',  ( -0.0000000000000000000, 1.000000000000000000, -0.0000000000000000000 ) ) ;
#446 = ORIENTED_EDGE ( 'NONE', *, *, #1417, .F. ) ;
#447 = VECTOR ( 'NONE', #2624, 1000.000000000000000 ) ;
#448 = AXIS2_PLACEMENT_3D ( 'NONE', #4270, #2239, #1112 ) ;
#449 = CARTESIAN_POINT ( 'NONE',  ( 2.499999999999999600, 0.5000000000000000000, -1.450000000000001100 ) ) ;
#450 = ORIENTED_EDGE ( 'NONE', *, *, #4381, .T. ) ;
#451 = CARTESIAN_POINT ( 'NONE',  ( 2.199999999999999300, 3.400000000000000400, 2.199999999999999700 ) ) ;
#452 = ORIENTED_EDGE ( 'NONE', *, *, #2685, .F. ) ;
#453 = DIRECTION ( 'NONE',  ( 0.0000000000000000000, 1.000000000000000000, 0.0000000000000000000 ) ) ;
#454 = DIRECTION ( 'NONE',  ( 1.000000000000000000, -0.0000000000000000000, 0.0000000000000000000 ) ) ;
#455 = CARTESIAN_POINT ( 'NONE',  ( 3.000000000000000000, 0.1000000000000000100, 1.450000000000001100 ) ) ;
#456 = ORIENTED_EDGE ( 'NONE', *, *, #3388, .T. ) ;
#457 = AXIS2_PLACEMENT_3D ( 'NONE', #1757, #2469, #2509 ) ;
#458 = ADVANCED_FACE ( 'NONE', ( #1460 ), #3178, .T. ) ;
#459 = ORIENTED_EDGE ( 'NONE', *, *, #4139, .T. ) ;
#460 = CYLINDRICAL_SURFACE ( 'NONE', #4274, 0.1000000000000002600 ) ;
#461 = EDGE_CURVE ( 'NONE', #4167, #1165, #1732, .T. ) ;
#462 = ORIENTED_EDGE ( 'NONE', *, *, #1030, .F. ) ;
#463 = CARTESIAN_POINT ( 'NONE',  ( 3.000000000000000000, 0.5000000000000000000, 3.000000000000000900 ) ) ;
#464 = CARTESIAN_POINT ( 'NONE',  ( -3.000000000000000000, 3.700000000000000200, 2.750000000000000000 ) ) ;
#465 = ORIENTED_EDGE ( 'NONE', *, *, #40, .T. ) ;
#466 = ORIENTED_EDGE ( 'NONE', *, *, #4157, .F. ) ;
#467 = EDGE_CURVE ( 'NONE', #1792, #2712, #2797, .T. ) ;
#468 = LINE ( 'NONE', #2018, #1912 ) ;
#469 = ORIENTED_EDGE ( 'NONE', *, *, #1018, .T. ) ;
#470 = CARTESIAN_POINT ( 'NONE',  ( -2.199999999999999300, 3.400000000000000400, 1.825000000000000200 ) ) ;
#471 = CARTESIAN_POINT ( 'NONE',  ( 2.199999999999999300, 3.400000000000000400, 1.824999999999999700 ) ) ;
#472 = CARTESIAN_POINT ( 'NONE',  ( 3.853589838486224400, 0.2000000000000021800, -2.600000000000000100 ) ) ;
#473 =( LENGTH_UNIT ( ) NAMED_UNIT ( * ) SI_UNIT ( .MILLI., .METRE. ) );
#474 = ORIENTED_EDGE ( 'NONE', *, *, #2565, .F. ) ;
#475 = DIRECTION ( 'NONE',  ( -0.0000000000000000000, -0.0000000000000000000, -1.000000000000000000 ) ) ;
#476 = CARTESIAN_POINT ( 'NONE',  ( 2.199999999999999300, 3.700000000000000200, -2.199999999999999700 ) ) ;
#477 = VERTEX_POINT ( 'NONE', #4334 ) ;
#478 = DIRECTION ( 'NONE',  ( 1.577021341797098100E-016, 0.0000000000000000000, 1.000000000000000000 ) ) ;
#479 = EDGE_CURVE ( 'NONE', #1792, #3888, #606, .T. ) ;
#480 = DIRECTION ( 'NONE',  ( -0.0000000000000000000, -0.0000000000000000000, -1.000000000000000000 ) ) ;
#481 = ORIENTED_EDGE ( 'NONE', *, *, #1353, .T. ) ;
#482 = CARTESIAN_POINT ( 'NONE',  ( -2.750000000000000000, 3.400000000000000400, 3.000000000000000000 ) ) ;
#483 = ADVANCED_FACE ( 'NONE', ( #2659 ), #3614, .F. ) ;
#484 = VECTOR ( 'NONE', #4208, 1000.000000000000000 ) ;
#485 = DIRECTION ( 'NONE',  ( -0.0000000000000000000, 1.000000000000000000, -0.0000000000000000000 ) ) ;
#486 = ORIENTED_EDGE ( 'NONE', *, *, #2399, .T. ) ;
#487 = STYLED_ITEM ( 'NONE', ( #2918 ), #2186 ) ;
#488 = LINE ( 'NONE', #169, #3807 ) ;
#489 = EDGE_CURVE ( 'NONE', #4428, #1624, #1194, .T. ) ;
#490 = CARTESIAN_POINT ( 'NONE',  ( 3.000000000000000400, 1.300000000000000000, 2.600000000000000100 ) ) ;
#491 = CIRCLE ( 'NONE', #4183, 0.3749999999999998900 ) ;
#492 = EDGE_LOOP ( 'NONE', ( #4096, #3628, #532, #1548 ) ) ;
#493 = FACE_OUTER_BOUND ( 'NONE', #3935, .T. ) ;
#494 = DIRECTION ( 'NONE',  ( 6.492722409255913900E-016, 1.000000000000000000, 0.0000000000000000000 ) ) ;
#495 = CARTESIAN_POINT ( 'NONE',  ( -2.199999999999999300, 3.725000000000002800, 2.199999999999999700 ) ) ;
#496 = VECTOR ( 'NONE', #3031, 1000.000000000000000 ) ;
#497 = DIRECTION ( 'NONE',  ( -0.4999999999999952800, -0.8660254037844413700, 0.0000000000000000000 ) ) ;
#498 = EDGE_CURVE ( 'NONE', #1283, #3216, #3818, .T. ) ;
#499 = VECTOR ( 'NONE', #1487, 1000.000000000000000 ) ;
#500 = ORIENTED_EDGE ( 'NONE', *, *, #933, .F. ) ;
#501 = LINE ( 'NONE', #4373, #2437 ) ;
#502 = CARTESIAN_POINT ( 'NONE',  ( -4.200000000000000200, 0.2999999999999999900, -2.600000000000000100 ) ) ;
#503 = CIRCLE ( 'NONE', #2393, 0.2499999999999993600 ) ;
#504 = VECTOR ( 'NONE', #2306, 1000.000000000000000 ) ;
#505 = AXIS2_PLACEMENT_3D ( 'NONE', #1251, #545, #4336 ) ;
#506 = ORIENTED_EDGE ( 'NONE', *, *, #2690, .F. ) ;
#507 = CARTESIAN_POINT ( 'NONE',  ( -2.750000000000000000, 0.5000000000000004400, -2.749999999999999100 ) ) ;
#508 = FACE_BOUND ( 'NONE', #1434, .T. ) ;
#509 = DIRECTION ( 'NONE',  ( 0.0000000000000000000, 0.0000000000000000000, -1.000000000000000000 ) ) ;
#510 = VERTEX_POINT ( 'NONE', #3962 ) ;
#511 = CARTESIAN_POINT ( 'NONE',  ( 2.750000000000000900, -8.485281374238571300, -2.999999999999998200 ) ) ;
#512 = ORIENTED_EDGE ( 'NONE', *, *, #3954, .F. ) ;
#513 = CARTESIAN_POINT ( 'NONE',  ( 2.500000000000000000, 0.5000000000000000000, 3.000000000000000900 ) ) ;
#514 = ORIENTED_EDGE ( 'NONE', *, *, #2277, .T. ) ;
#515 = EDGE_CURVE ( 'NONE', #3946, #3418, #442, .T. ) ;
#516 = DIRECTION ( 'NONE',  ( -1.000000000000000000, -0.0000000000000000000, -0.0000000000000000000 ) ) ;
#517 = PLANE ( 'NONE',  #2214 ) ;
#518 = VERTEX_POINT ( 'NONE', #2955 ) ;
#519 = CARTESIAN_POINT ( 'NONE',  ( 2.199999999999999300, 3.400000000000000400, -2.199999999999999700 ) ) ;
#520 = SURFACE_STYLE_USAGE ( .BOTH. , #2240 ) ;
#521 = VERTEX_POINT ( 'NONE', #204 ) ;
#522 =( GEOMETRIC_REPRESENTATION_CONTEXT ( 3 ) GLOBAL_UNCERTAINTY_ASSIGNED_CONTEXT ( ( #1333 ) ) GLOBAL_UNIT_ASSIGNED_CONTEXT ( ( #565, #1867, #537 ) ) REPRESENTATION_CONTEXT ( 'NONE', 'WORKASPACE' ) );
#523 = EDGE_CURVE ( 'NONE', #2388, #4209, #1306, .T. ) ;
#524 = ORIENTED_EDGE ( 'NONE', *, *, #2070, .T. ) ;
#525 = FACE_OUTER_BOUND ( 'NONE', #1595, .T. ) ;
#526 = DIRECTION ( 'NONE',  ( 0.0000000000000000000, 0.0000000000000000000, 1.000000000000000000 ) ) ;
#527 = DIRECTION ( 'NONE',  ( 0.0000000000000000000, 0.0000000000000000000, 1.000000000000000000 ) ) ;
#528 = CARTESIAN_POINT ( 'NONE',  ( 3.000000000000000000, 0.5000000000000004400, -2.749999999999999100 ) ) ;
#529 = VERTEX_POINT ( 'NONE', #2291 ) ;
#530 = EDGE_CURVE ( 'NONE', #1379, #1177, #1412, .T. ) ;
#531 = CARTESIAN_POINT ( 'NONE',  ( 1.200000000000000000, 7.400000000000000400, 1.199999999999999300 ) ) ;
#532 = ORIENTED_EDGE ( 'NONE', *, *, #1750, .T. ) ;
#533 = PLANE ( 'NONE',  #2202 ) ;
#534 = CYLINDRICAL_SURFACE ( 'NONE', #1673, 0.3999999999999997400 ) ;
#535 = DIRECTION ( 'NONE',  ( -0.0000000000000000000, -0.0000000000000000000, 1.000000000000000000 ) ) ;
#536 = AXIS2_PLACEMENT_3D ( 'NONE', #2767, #4442, #2721 ) ;
#537 =( NAMED_UNIT ( * ) SI_UNIT ( $, .STERADIAN. ) SOLID_ANGLE_UNIT ( ) );
#538 = EDGE_LOOP ( 'NONE', ( #312, #3536, #4112, #1465 ) ) ;
#539 = CARTESIAN_POINT ( 'NONE',  ( -2.499999999999999600, 0.5000000000000000000, -1.450000000000001100 ) ) ;
#540 = CARTESIAN_POINT ( 'NONE',  ( 5.000000000000000000, 0.0000000000000000000, 1.899999999999999700 ) ) ;
#541 = ORIENTED_EDGE ( 'NONE', *, *, #1100, .T. ) ;
#542 = CIRCLE ( 'NONE', #130, 0.3999999999999997400 ) ;
#543 = VECTOR ( 'NONE', #2611, 1000.000000000000000 ) ;
#544 = CIRCLE ( 'NONE', #1915, 0.1000000000000002600 ) ;
#545 = DIRECTION ( 'NONE',  ( 0.0000000000000000000, 1.000000000000000000, 0.0000000000000000000 ) ) ;
#546 = FACE_OUTER_BOUND ( 'NONE', #1051, .T. ) ;
#547 = VECTOR ( 'NONE', #3409, 1000.000000000000000 ) ;
#548 = DIRECTION ( 'NONE',  ( -0.0000000000000000000, -0.0000000000000000000, -1.000000000000000000 ) ) ;
#549 = CARTESIAN_POINT ( 'NONE',  ( 3.000000000000000400, 1.300000000000000000, -2.600000000000000100 ) ) ;
#550 = AXIS2_PLACEMENT_3D ( 'NONE', #4155, #2196, #3310 ) ;
#551 = EDGE_CURVE ( 'NONE', #1074, #1115, #2005, .T. ) ;
#552 = LINE ( 'NONE', #1457, #2341 ) ;
#553 = DIRECTION ( 'NONE',  ( 1.000000000000000000, -0.0000000000000000000, -0.0000000000000000000 ) ) ;
#554 = LINE ( 'NONE', #1219, #3124 ) ;
#555 = DIRECTION ( 'NONE',  ( 0.0000000000000000000, -0.0000000000000000000, -1.000000000000000000 ) ) ;
#556 = VERTEX_POINT ( 'NONE', #3998 ) ;
#557 = LINE ( 'NONE', #985, #704 ) ;
#558 = EDGE_CURVE ( 'NONE', #3163, #1636, #816, .T. ) ;
#559 = DIRECTION ( 'NONE',  ( 0.0000000000000000000, 0.0000000000000000000, -1.000000000000000000 ) ) ;
#560 = ORIENTED_EDGE ( 'NONE', *, *, #2741, .F. ) ;
#561 = PLANE ( 'NONE',  #2880 ) ;
#562 = DIRECTION ( 'NONE',  ( -0.0000000000000000000, -0.0000000000000000000, -1.000000000000000000 ) ) ;
#563 = ORIENTED_EDGE ( 'NONE', *, *, #4267, .T. ) ;
#564 = DIRECTION ( 'NONE',  ( 0.0000000000000000000, 0.0000000000000000000, -1.000000000000000000 ) ) ;
#565 =( LENGTH_UNIT ( ) NAMED_UNIT ( * ) SI_UNIT ( .MILLI., .METRE. ) );
#566 = VERTEX_POINT ( 'NONE', #3313 ) ;
#567 = CARTESIAN_POINT ( 'NONE',  ( 2.750000000000000900, 3.400000000000000400, -2.749999999999999100 ) ) ;
#568 = DIRECTION ( 'NONE',  ( 0.0000000000000000000, 0.0000000000000000000, -1.000000000000000000 ) ) ;
#569 = EDGE_LOOP ( 'NONE', ( #1024, #1866, #3416, #1546 ) ) ;
#570 = EDGE_LOOP ( 'NONE', ( #3933, #4126, #2835, #4152 ) ) ;
#571 = DIRECTION ( 'NONE',  ( -0.0000000000000000000, -1.000000000000000000, -0.0000000000000000000 ) ) ;
#572 = AXIS2_PLACEMENT_3D ( 'NONE', #2926, #2237, #3243 ) ;
#573 = ORIENTED_EDGE ( 'NONE', *, *, #3190, .F. ) ;
#574 = EDGE_CURVE ( 'NONE', #2507, #3843, #9, .T. ) ;
#575 = ORIENTED_EDGE ( 'NONE', *, *, #3711, .T. ) ;
#576 = DIRECTION ( 'NONE',  ( 1.000000000000000000, 0.0000000000000000000, 0.0000000000000000000 ) ) ;
#577 = DIRECTION ( 'NONE',  ( 0.0000000000000000000, 1.000000000000000000, 0.0000000000000000000 ) ) ;
#578 = VERTEX_POINT ( 'NONE', #869 ) ;
#579 = CARTESIAN_POINT ( 'NONE',  ( -1.399999999999999900, 1.840202025355333300, -1.200000000000000200 ) ) ;
#580 = EDGE_CURVE ( 'NONE', #2669, #2221, #2103, .T. ) ;
#581 = DIRECTION ( 'NONE',  ( 0.0000000000000000000, -0.0000000000000000000, -1.000000000000000000 ) ) ;
#582 = PLANE ( 'NONE',  #3412 ) ;
#583 = ORIENTED_EDGE ( 'NONE', *, *, #4185, .F. ) ;
#584 = CARTESIAN_POINT ( 'NONE',  ( 0.0000000000000000000, 0.5000000000000000000, 0.0000000000000000000 ) ) ;
#585 = DIRECTION ( 'NONE',  ( -1.000000000000000000, 0.0000000000000000000, 0.0000000000000000000 ) ) ;
#586 = VERTEX_POINT ( 'NONE', #2670 ) ;
#587 = UNCERTAINTY_MEASURE_WITH_UNIT (LENGTH_MEASURE( 1.000000000000000100E-005 ), #2219, 'distance_accuracy_value', 'NONE');
#588 = DIRECTION ( 'NONE',  ( 0.0000000000000000000, 1.000000000000000000, -0.0000000000000000000 ) ) ;
#589 = CARTESIAN_POINT ( 'NONE',  ( -5.000000000000000000, 0.2999999999999999900, -2.600000000000000100 ) ) ;
#590 = ORIENTED_EDGE ( 'NONE', *, *, #191, .F. ) ;
#591 = LINE ( 'NONE', #3391, #3379 ) ;
#592 = VECTOR ( 'NONE', #3516, 1000.000000000000000 ) ;
#593 = DIRECTION ( 'NONE',  ( 0.0000000000000000000, 0.0000000000000000000, -1.000000000000000000 ) ) ;
#594 = CARTESIAN_POINT ( 'NONE',  ( -4.200000000000000200, 0.4000000000000000200, -2.600000000000000100 ) ) ;
#595 = ORIENTED_EDGE ( 'NONE', *, *, #2168, .T. ) ;
#596 = VECTOR ( 'NONE', #649, 1000.000000000000000 ) ;
#597 = CARTESIAN_POINT ( 'NONE',  ( -3.000000000000000000, 0.5000000000000000000, -3.000000000000000900 ) ) ;
#598 = AXIS2_PLACEMENT_3D ( 'NONE', #613, #3367, #4391 ) ;
#599 = CIRCLE ( 'NONE', #1078, 0.3749999999999988300 ) ;
#600 = EDGE_CURVE ( 'NONE', #3418, #1636, #166, .T. ) ;
#601 = LINE ( 'NONE', #1904, #4133 ) ;
#602 = DIRECTION ( 'NONE',  ( 1.000000000000000000, 0.0000000000000000000, 0.0000000000000000000 ) ) ;
#603 = DIRECTION ( 'NONE',  ( 0.0000000000000000000, 0.0000000000000000000, 1.000000000000000000 ) ) ;
#604 = CIRCLE ( 'NONE', #2530, 0.2499999999999993600 ) ;
#605 = ORIENTED_EDGE ( 'NONE', *, *, #769, .T. ) ;
#606 = LINE ( 'NONE', #1576, #3023 ) ;
#607 = DIRECTION ( 'NONE',  ( 0.0000000000000000000, 0.0000000000000000000, 1.000000000000000000 ) ) ;
#608 = AXIS2_PLACEMENT_3D ( 'NONE', #451, #37, #425 ) ;
#609 = EDGE_CURVE ( 'NONE', #3044, #2411, #58, .T. ) ;
#610 = LINE ( 'NONE', #1016, #4141 ) ;
#611 = ORIENTED_EDGE ( 'NONE', *, *, #2088, .T. ) ;
#612 = CIRCLE ( 'NONE', #3618, 0.2500000000000002200 ) ;
#613 = CARTESIAN_POINT ( 'NONE',  ( 2.750000000000000900, 3.400000000000000400, 2.750000000000000000 ) ) ;
#614 = EDGE_CURVE ( 'NONE', #566, #3753, #1889, .T. ) ;
#615 = ORIENTED_EDGE ( 'NONE', *, *, #4025, .F. ) ;
#616 = ORIENTED_EDGE ( 'NONE', *, *, #4157, .T. ) ;
#617 = MECHANICAL_DESIGN_GEOMETRIC_PRESENTATION_REPRESENTATION (  '', ( #2056 ), #4201 ) ;
#618 = CARTESIAN_POINT ( 'NONE',  ( 3.680384757729344300, 1.099999999999998100, -2.600000000000000100 ) ) ;
#619 = CARTESIAN_POINT ( 'NONE',  ( -2.199999999999999300, 3.725000000000002800, -2.199999999999999700 ) ) ;
#620 = CARTESIAN_POINT ( 'NONE',  ( 1.200000000000000000, 1.840202025355333300, 1.199999999999999300 ) ) ;
#621 = ORIENTED_EDGE ( 'NONE', *, *, #2813, .T. ) ;
#622 = ADVANCED_FACE ( 'NONE', ( #4138 ), #2535, .T. ) ;
#623 = ORIENTED_EDGE ( 'NONE', *, *, #858, .T. ) ;
#624 = ORIENTED_EDGE ( 'NONE', *, *, #1664, .T. ) ;
#625 = DIRECTION ( 'NONE',  ( 0.0000000000000000000, -0.0000000000000000000, -1.000000000000000000 ) ) ;
#626 = ORIENTED_EDGE ( 'NONE', *, *, #838, .T. ) ;
#627 = VECTOR ( 'NONE', #2641, 1000.000000000000000 ) ;
#628 = DIRECTION ( 'NONE',  ( -0.0000000000000000000, -1.000000000000000000, -0.0000000000000000000 ) ) ;
#629 = AXIS2_PLACEMENT_3D ( 'NONE', #2369, #2716, #3024 ) ;
#630 = EDGE_CURVE ( 'NONE', #1942, #2621, #4414, .T. ) ;
#631 = ORIENTED_EDGE ( 'NONE', *, *, #4117, .T. ) ;
#632 = CARTESIAN_POINT ( 'NONE',  ( 2.750000000000001800, 0.5000000000000000000, -3.000000000000000900 ) ) ;
#633 = CARTESIAN_POINT ( 'NONE',  ( 0.0000000000000000000, 3.700000000000000200, 1.800000000000000000 ) ) ;
#634 = ORIENTED_EDGE ( 'NONE', *, *, #3190, .T. ) ;
#635 = EDGE_CURVE ( 'NONE', #3431, #351, #3497, .T. ) ;
#636 = DIRECTION ( 'NONE',  ( 0.8660254037844415900, -0.4999999999999950600, -0.0000000000000000000 ) ) ;
#637 = CARTESIAN_POINT ( 'NONE',  ( -2.199999999999999300, 3.400000000000000400, 2.199999999999999700 ) ) ;
#638 = ORIENTED_EDGE ( 'NONE', *, *, #76, .F. ) ;
#639 = ADVANCED_FACE ( 'NONE', ( #1087 ), #340, .F. ) ;
#640 = AXIS2_PLACEMENT_3D ( 'NONE', #3744, #4033, #1694 ) ;
#641 = EDGE_LOOP ( 'NONE', ( #2293, #4012, #1237, #1731 ) ) ;
#642 = LINE ( 'NONE', #4400, #1815 ) ;
#643 = VECTOR ( 'NONE', #2438, 1000.000000000000000 ) ;
#644 = DIRECTION ( 'NONE',  ( 0.0000000000000000000, 0.0000000000000000000, 1.000000000000000000 ) ) ;
#645 = CARTESIAN_POINT ( 'NONE',  ( 4.200000000000000200, 0.2999999999999999900, -2.600000000000000100 ) ) ;
#646 = LINE ( 'NONE', #1109, #2959 ) ;
#647 = PRODUCT_DEFINITION_FORMATION_WITH_SPECIFIED_SOURCE ( 'ANY', '', #2467, .NOT_KNOWN. ) ;
#648 = LINE ( 'NONE', #1504, #4234 ) ;
#649 = DIRECTION ( 'NONE',  ( -0.0000000000000000000, 1.000000000000000000, -0.0000000000000000000 ) ) ;
#650 = PRESENTATION_STYLE_ASSIGNMENT (( #3119 ) ) ;
#651 = CARTESIAN_POINT ( 'NONE',  ( -2.500000000000000000, 0.5000000000000000000, 3.000000000000000900 ) ) ;
#652 = FACE_OUTER_BOUND ( 'NONE', #1783, .T. ) ;
#653 = AXIS2_PLACEMENT_3D ( 'NONE', #2461, #2903, #1196 ) ;
#654 = EDGE_CURVE ( 'NONE', #1522, #3419, #1620, .T. ) ;
#655 = CIRCLE ( 'NONE', #265, 1.725000000000000100 ) ;
#656 = LINE ( 'NONE', #2462, #1410 ) ;
#657 = CARTESIAN_POINT ( 'NONE',  ( 2.199999999999999300, 3.400000000000000400, -2.574999999999999300 ) ) ;
#658 = ORIENTED_EDGE ( 'NONE', *, *, #1551, .F. ) ;
#659 = FACE_OUTER_BOUND ( 'NONE', #2259, .T. ) ;
#660 = CARTESIAN_POINT ( 'NONE',  ( 2.199999999999999300, 3.400000000000000400, 2.199999999999999700 ) ) ;
#661 = ORIENTED_EDGE ( 'NONE', *, *, #2197, .T. ) ;
#662 = EDGE_CURVE ( 'NONE', #1101, #2400, #1250, .T. ) ;
#663 = ADVANCED_FACE ( 'NONE', ( #2904 ), #2653, .T. ) ;
#664 = VERTEX_POINT ( 'NONE', #147 ) ;
#665 = DIRECTION ( 'NONE',  ( -0.0000000000000000000, -1.000000000000000000, -0.0000000000000000000 ) ) ;
#666 = AXIS2_PLACEMENT_3D ( 'NONE', #2164, #1185, #823 ) ;
#667 = EDGE_LOOP ( 'NONE', ( #1228, #4281, #4384, #691, #3567, #416, #840, #2317 ) ) ;
#668 = DIRECTION ( 'NONE',  ( 0.0000000000000000000, 0.0000000000000000000, 1.000000000000000000 ) ) ;
#669 = ORIENTED_EDGE ( 'NONE', *, *, #4185, .T. ) ;
#670 = ORIENTED_EDGE ( 'NONE', *, *, #2764, .F. ) ;
#671 = AXIS2_PLACEMENT_3D ( 'NONE', #4146, #3165, #3442 ) ;
#672 = DIRECTION ( 'NONE',  ( 1.000000000000000000, 0.0000000000000000000, 0.0000000000000000000 ) ) ;
#673 = DIRECTION ( 'NONE',  ( -0.0000000000000000000, 1.000000000000000000, -0.0000000000000000000 ) ) ;
#674 = ORIENTED_EDGE ( 'NONE', *, *, #1609, .T. ) ;
#675 = ORIENTED_EDGE ( 'NONE', *, *, #2189, .T. ) ;
#676 = CARTESIAN_POINT ( 'NONE',  ( 2.199999999999999300, 3.700000000000000200, -2.574999999999999700 ) ) ;
#677 = VERTEX_POINT ( 'NONE', #3146 ) ;
#678 = CARTESIAN_POINT ( 'NONE',  ( -3.000000000000000400, 1.300000000000000000, 2.600000000000000100 ) ) ;
#679 = ADVANCED_FACE ( 'NONE', ( #981 ), #3252, .F. ) ;
#680 = VERTEX_POINT ( 'NONE', #2736 ) ;
#681 = DIRECTION ( 'NONE',  ( -0.4999999999999952800, -0.8660254037844413700, 0.0000000000000000000 ) ) ;
#682 = EDGE_CURVE ( 'NONE', #1748, #2034, #2049, .T. ) ;
#683 = ORIENTED_EDGE ( 'NONE', *, *, #1038, .F. ) ;
#684 = CARTESIAN_POINT ( 'NONE',  ( -2.199999999999999300, 3.400000000000000400, -2.199999999999999700 ) ) ;
#685 = EDGE_LOOP ( 'NONE', ( #4426, #1203, #1382, #4098 ) ) ;
#686 = EDGE_CURVE ( 'NONE', #2578, #3428, #2966, .T. ) ;
#687 = CYLINDRICAL_SURFACE ( 'NONE', #3703, 0.3749999999999994400 ) ;
#688 = DIRECTION ( 'NONE',  ( -2.797941090285173100E-016, 0.0000000000000000000, -1.000000000000000000 ) ) ;
#689 = VECTOR ( 'NONE', #1135, 1000.000000000000000 ) ;
#690 = DIRECTION ( 'NONE',  ( -1.000000000000000000, 0.0000000000000000000, 0.0000000000000000000 ) ) ;
#691 = ORIENTED_EDGE ( 'NONE', *, *, #159, .T. ) ;
#692 = VECTOR ( 'NONE', #78, 1000.000000000000000 ) ;
#693 = LINE ( 'NONE', #1132, #2529 ) ;
#694 =( GEOMETRIC_REPRESENTATION_CONTEXT ( 3 ) GLOBAL_UNCERTAINTY_ASSIGNED_CONTEXT ( ( #796 ) ) GLOBAL_UNIT_ASSIGNED_CONTEXT ( ( #3427, #2780, #2739 ) ) REPRESENTATION_CONTEXT ( 'NONE', 'WORKASPACE' ) );
#695 = DIRECTION ( 'NONE',  ( -0.0000000000000000000, -1.000000000000000000, -0.0000000000000000000 ) ) ;
#696 = CIRCLE ( 'NONE', #2579, 0.2000000000000000900 ) ;
#697 = DIRECTION ( 'NONE',  ( -0.0000000000000000000, -0.0000000000000000000, -1.000000000000000000 ) ) ;
#698 = FACE_OUTER_BOUND ( 'NONE', #3091, .T. ) ;
#699 = DIRECTION ( 'NONE',  ( 0.0000000000000000000, 1.000000000000000000, 0.0000000000000000000 ) ) ;
#700 = DIRECTION ( 'NONE',  ( -1.577021341797097300E-016, 0.0000000000000000000, 1.000000000000000000 ) ) ;
#701 = ADVANCED_FACE ( 'NONE', ( #3016 ), #221, .T. ) ;
#702 = LINE ( 'NONE', #2014, #1459 ) ;
#703 = ORIENTED_EDGE ( 'NONE', *, *, #3421, .F. ) ;
#704 = VECTOR ( 'NONE', #2637, 1000.000000000000000 ) ;
#705 = CARTESIAN_POINT ( 'NONE',  ( -2.199999999999999300, 3.400000000000000400, -2.574999999999999700 ) ) ;
#706 = DIRECTION ( 'NONE',  ( 1.000000000000000000, 0.0000000000000000000, 0.0000000000000000000 ) ) ;
#707 = CARTESIAN_POINT ( 'NONE',  ( -2.199999999999999300, 3.725000000000002800, -2.199999999999999700 ) ) ;
#708 = VECTOR ( 'NONE', #3110, 1000.000000000000000 ) ;
#709 = VERTEX_POINT ( 'NONE', #1169 ) ;
#710 = FACE_OUTER_BOUND ( 'NONE', #1105, .T. ) ;
#711 = AXIS2_PLACEMENT_3D ( 'NONE', #2157, #405, #2551 ) ;
#712 = EDGE_CURVE ( 'NONE', #3444, #3997, #3909, .T. ) ;
#713 = CARTESIAN_POINT ( 'NONE',  ( -2.199999999999999300, 3.400000000000000400, -1.825000000000000200 ) ) ;
#714 = PLANE ( 'NONE',  #1849 ) ;
#715 = ORIENTED_EDGE ( 'NONE', *, *, #24, .T. ) ;
#716 = CARTESIAN_POINT ( 'NONE',  ( -5.000000000000000000, 0.0000000000000000000, 2.600000000000000100 ) ) ;
#717 = EDGE_CURVE ( 'NONE', #2209, #4257, #2, .T. ) ;
#718 = DIRECTION ( 'NONE',  ( 0.4999999999999950600, 0.8660254037844414800, 0.0000000000000000000 ) ) ;
#719 = EDGE_LOOP ( 'NONE', ( #2808, #573, #1861, #3314 ) ) ;
#720 = CARTESIAN_POINT ( 'NONE',  ( -2.750000000000000000, 3.400000000000000400, 3.000000000000000000 ) ) ;
#721 = DIRECTION ( 'NONE',  ( -0.0000000000000000000, 0.0000000000000000000, -1.000000000000000000 ) ) ;
#722 = ORIENTED_EDGE ( 'NONE', *, *, #654, .F. ) ;
#723 = CARTESIAN_POINT ( 'NONE',  ( -5.000000000000000000, 0.0000000000000000000, -2.600000000000000100 ) ) ;
#724 = AXIS2_PLACEMENT_3D ( 'NONE', #4159, #3075, #3756 ) ;
#725 = ADVANCED_FACE ( 'NONE', ( #2752 ), #1885, .F. ) ;
#726 = DIRECTION ( 'NONE',  ( -0.0000000000000000000, -0.0000000000000000000, -1.000000000000000000 ) ) ;
#727 = ORIENTED_EDGE ( 'NONE', *, *, #2478, .F. ) ;
#728 = VERTEX_POINT ( 'NONE', #1869 ) ;
#729 = DIRECTION ( 'NONE',  ( -0.0000000000000000000, -1.000000000000000000, -0.0000000000000000000 ) ) ;
#730 = PLANE ( 'NONE',  #671 ) ;
#731 = SPHERICAL_SURFACE ( 'NONE', #3592, 0.3749999999999988300 ) ;
#732 = CARTESIAN_POINT ( 'NONE',  ( 1.200000000000000000, 1.840202025355333300, 1.399999999999999200 ) ) ;
#733 = VERTEX_POINT ( 'NONE', #2589 ) ;
#734 = ORIENTED_EDGE ( 'NONE', *, *, #3877, .T. ) ;
#735 = AXIS2_PLACEMENT_3D ( 'NONE', #1969, #2630, #1214 ) ;
#736 = EDGE_CURVE ( 'NONE', #1666, #578, #928, .T. ) ;
#737 = DIRECTION ( 'NONE',  ( -0.0000000000000000000, 1.000000000000000000, -0.0000000000000000000 ) ) ;
#738 = ORIENTED_EDGE ( 'NONE', *, *, #4368, .T. ) ;
#739 = PLANE ( 'NONE',  #940 ) ;
#740 = VERTEX_POINT ( 'NONE', #848 ) ;
#741 = DIRECTION ( 'NONE',  ( -1.000000000000000000, 0.0000000000000000000, 1.548860246407863600E-016 ) ) ;
#742 = EDGE_CURVE ( 'NONE', #3081, #8, #4237, .T. ) ;
#743 = ORIENTED_EDGE ( 'NONE', *, *, #2088, .F. ) ;
#744 = LINE ( 'NONE', #1301, #3793 ) ;
#745 = LINE ( 'NONE', #1162, #4350 ) ;
#746 = ADVANCED_FACE ( 'NONE', ( #4361 ), #1727, .T. ) ;
#747 = CIRCLE ( 'NONE', #1600, 0.3749999999999998900 ) ;
#748 = CARTESIAN_POINT ( 'NONE',  ( 3.853589838486224400, 0.2000000000000021800, -2.600000000000000100 ) ) ;
#749 = AXIS2_PLACEMENT_3D ( 'NONE', #507, #1875, #2236 ) ;
#750 = FACE_OUTER_BOUND ( 'NONE', #1913, .T. ) ;
#751 = LINE ( 'NONE', #778, #438 ) ;
#752 = VECTOR ( 'NONE', #681, 1000.000000000000000 ) ;
#753 = DIRECTION ( 'NONE',  ( 1.000000000000000000, -6.492722409255913900E-016, -0.0000000000000000000 ) ) ;
#754 = AXIS2_PLACEMENT_3D ( 'NONE', #2025, #1970, #4393 ) ;
#755 = LINE ( 'NONE', #3022, #3235 ) ;
#756 = DIRECTION ( 'NONE',  ( 0.0000000000000000000, 0.0000000000000000000, 1.000000000000000000 ) ) ;
#757 = DIRECTION ( 'NONE',  ( 0.0000000000000000000, 0.0000000000000000000, 1.000000000000000000 ) ) ;
#758 = DIRECTION ( 'NONE',  ( 0.0000000000000000000, -0.0000000000000000000, -1.000000000000000000 ) ) ;
#759 = FACE_OUTER_BOUND ( 'NONE', #3255, .T. ) ;
#760 = ORIENTED_EDGE ( 'NONE', *, *, #2314, .F. ) ;
#761 = FACE_OUTER_BOUND ( 'NONE', #569, .T. ) ;
#762 = CARTESIAN_POINT ( 'NONE',  ( -3.680384757729344300, 1.099999999999998100, 2.600000000000000100 ) ) ;
#763 = ORIENTED_EDGE ( 'NONE', *, *, #811, .F. ) ;
#764 = CARTESIAN_POINT ( 'NONE',  ( 2.500000000000000000, 0.5000000000000000000, 3.000000000000000900 ) ) ;
#765 = CARTESIAN_POINT ( 'NONE',  ( 2.750000000000000900, 3.400000000000000400, 2.750000000000000000 ) ) ;
#766 = ORIENTED_EDGE ( 'NONE', *, *, #1631, .F. ) ;
#767 = AXIS2_PLACEMENT_3D ( 'NONE', #3510, #2830, #4194 ) ;
#768 = ADVANCED_FACE ( 'NONE', ( #698 ), #3266, .F. ) ;
#769 = EDGE_CURVE ( 'NONE', #3308, #1393, #1036, .T. ) ;
#770 = CARTESIAN_POINT ( 'NONE',  ( 2.750000000000000900, 3.400000000000000400, -2.999999999999998200 ) ) ;
#771 = CARTESIAN_POINT ( 'NONE',  ( -2.750000000000000000, -8.485281374238571300, 2.750000000000000000 ) ) ;
#772 = CARTESIAN_POINT ( 'NONE',  ( 2.199999999999999300, 3.400000000000000400, 1.824999999999999700 ) ) ;
#773 = ORIENTED_EDGE ( 'NONE', *, *, #1375, .T. ) ;
#774 = EDGE_CURVE ( 'NONE', #3700, #1160, #54, .T. ) ;
#775 = DIRECTION ( 'NONE',  ( 0.0000000000000000000, 0.0000000000000000000, 1.000000000000000000 ) ) ;
#776 = ORIENTED_EDGE ( 'NONE', *, *, #2894, .T. ) ;
#777 = VERTEX_POINT ( 'NONE', #1931 ) ;
#778 = CARTESIAN_POINT ( 'NONE',  ( -3.000000000000000000, 0.5000000000000000000, -1.450000000000001100 ) ) ;
#779 = CARTESIAN_POINT ( 'NONE',  ( -1.200000000000000000, 5.799999999999999800, -1.200000000000000200 ) ) ;
#780 = VERTEX_POINT ( 'NONE', #3657 ) ;
#781 = CYLINDRICAL_SURFACE ( 'NONE', #2778, 0.1000000000000002600 ) ;
#782 = ORIENTED_EDGE ( 'NONE', *, *, #2232, .F. ) ;
#783 = DIRECTION ( 'NONE',  ( -0.0000000000000000000, 1.000000000000000000, -0.0000000000000000000 ) ) ;
#784 = ORIENTED_EDGE ( 'NONE', *, *, #838, .F. ) ;
#785 = AXIS2_PLACEMENT_3D ( 'NONE', #1686, #1321, #2027 ) ;
#786 = VERTEX_POINT ( 'NONE', #929 ) ;
#787 = DIRECTION ( 'NONE',  ( -0.0000000000000000000, -1.000000000000000000, -0.0000000000000000000 ) ) ;
#788 = ORIENTED_EDGE ( 'NONE', *, *, #107, .T. ) ;
#789 = EDGE_CURVE ( 'NONE', #4056, #2796, #3862, .T. ) ;
#790 = ORIENTED_EDGE ( 'NONE', *, *, #461, .T. ) ;
#791 = ADVANCED_FACE ( 'NONE', ( #2162 ), #582, .F. ) ;
#792 = ORIENTED_EDGE ( 'NONE', *, *, #2757, .T. ) ;
#793 = AXIS2_PLACEMENT_3D ( 'NONE', #1022, #4431, #2389 ) ;
#794 = EDGE_CURVE ( 'NONE', #2294, #2180, #1142, .T. ) ;
#795 = PRODUCT_CONTEXT ( 'NONE', #3231, 'mechanical' ) ;
#796 = UNCERTAINTY_MEASURE_WITH_UNIT (LENGTH_MEASURE( 1.000000000000000100E-005 ), #3427, 'distance_accuracy_value', 'NONE');
#797 = EDGE_LOOP ( 'NONE', ( #115, #2872, #353, #3524 ) ) ;
#798 = VECTOR ( 'NONE', #2945, 1000.000000000000000 ) ;
#799 = CYLINDRICAL_SURFACE ( 'NONE', #1225, 0.3999999999999997400 ) ;
#800 = DIRECTION ( 'NONE',  ( -0.0000000000000000000, -0.0000000000000000000, 1.000000000000000000 ) ) ;
#801 = ORIENTED_EDGE ( 'NONE', *, *, #3790, .T. ) ;
#802 = EDGE_CURVE ( 'NONE', #2989, #3210, #1510, .T. ) ;
#803 = FACE_OUTER_BOUND ( 'NONE', #2725, .T. ) ;
#804 = DIRECTION ( 'NONE',  ( 0.0000000000000000000, 0.0000000000000000000, 1.000000000000000000 ) ) ;
#805 = CIRCLE ( 'NONE', #1983, 0.3749999999999990600 ) ;
#806 = CARTESIAN_POINT ( 'NONE',  ( 3.333974596215567600, 1.000000000000000200, 2.600000000000000100 ) ) ;
#807 = VECTOR ( 'NONE', #434, 1000.000000000000000 ) ;
#808 = VECTOR ( 'NONE', #2858, 1000.000000000000000 ) ;
#809 = CARTESIAN_POINT ( 'NONE',  ( -3.000000000000000000, 0.5000000000000000000, 1.450000000000001100 ) ) ;
#810 = VECTOR ( 'NONE', #4011, 1000.000000000000000 ) ;
#811 = EDGE_CURVE ( 'NONE', #521, #4205, #1189, .T. ) ;
#812 = CARTESIAN_POINT ( 'NONE',  ( -3.853589838486224400, 0.2000000000000021800, 1.899999999999999700 ) ) ;
#813 = CARTESIAN_POINT ( 'NONE',  ( 2.750000000000000900, 0.5000000000000004400, 3.000000000000000900 ) ) ;
#814 = FACE_OUTER_BOUND ( 'NONE', #2781, .T. ) ;
#815 = ORIENTED_EDGE ( 'NONE', *, *, #4231, .F. ) ;
#816 = LINE ( 'NONE', #1953, #3441 ) ;
#817 = ADVANCED_FACE ( 'NONE', ( #3605 ), #1591, .T. ) ;
#818 = CARTESIAN_POINT ( 'NONE',  ( -3.333974596215567600, 1.300000000000000000, -2.600000000000000100 ) ) ;
#819 = AXIS2_PLACEMENT_3D ( 'NONE', #3812, #737, #4153 ) ;
#820 = CARTESIAN_POINT ( 'NONE',  ( -4.200000000000000200, 0.4000000000000000200, 2.600000000000000100 ) ) ;
#821 = ORIENTED_EDGE ( 'NONE', *, *, #2036, .F. ) ;
#822 = VECTOR ( 'NONE', #1811, 1000.000000000000000 ) ;
#823 = DIRECTION ( 'NONE',  ( 0.0000000000000000000, 0.0000000000000000000, 1.000000000000000000 ) ) ;
#824 = CARTESIAN_POINT ( 'NONE',  ( -2.750000000000000000, 3.400000000000000400, 3.000000000000000000 ) ) ;
#825 = ORIENTED_EDGE ( 'NONE', *, *, #1836, .T. ) ;
#826 = AXIS2_PLACEMENT_3D ( 'NONE', #567, #3993, #4347 ) ;
#827 = EDGE_CURVE ( 'NONE', #4429, #38, #2791, .T. ) ;
#828 = PLANE ( 'NONE',  #1037 ) ;
#829 = ORIENTED_EDGE ( 'NONE', *, *, #2043, .F. ) ;
#830 = AXIS2_PLACEMENT_3D ( 'NONE', #1963, #2718, #593 ) ;
#831 = EDGE_CURVE ( 'NONE', #2496, #477, #3760, .T. ) ;
#832 = ORIENTED_EDGE ( 'NONE', *, *, #1153, .T. ) ;
#833 = CARTESIAN_POINT ( 'NONE',  ( -3.853589838486224400, 0.2000000000000021800, -2.600000000000000100 ) ) ;
#834 = CARTESIAN_POINT ( 'NONE',  ( 1.200000000000000000, 7.400000000000000400, -1.200000000000000600 ) ) ;
#835 = DIRECTION ( 'NONE',  ( 0.0000000000000000000, 1.000000000000000000, 0.0000000000000000000 ) ) ;
#836 = EDGE_LOOP ( 'NONE', ( #1149, #3374, #1718, #1288 ) ) ;
#837 = ORIENTED_EDGE ( 'NONE', *, *, #479, .T. ) ;
#838 = EDGE_CURVE ( 'NONE', #2448, #4378, #2336, .T. ) ;
#839 = DIRECTION ( 'NONE',  ( 0.0000000000000000000, 0.0000000000000000000, 1.000000000000000000 ) ) ;
#840 = ORIENTED_EDGE ( 'NONE', *, *, #3253, .T. ) ;
#841 = CARTESIAN_POINT ( 'NONE',  ( 2.199999999999999300, 3.725000000000002800, 1.825000000000000600 ) ) ;
#842 = DIRECTION ( 'NONE',  ( 0.0000000000000000000, 0.0000000000000000000, 1.000000000000000000 ) ) ;
#843 = DIRECTION ( 'NONE',  ( 1.000000000000000000, 0.0000000000000000000, 0.0000000000000000000 ) ) ;
#844 = ORIENTED_EDGE ( 'NONE', *, *, #3225, .F. ) ;
#845 = AXIS2_PLACEMENT_3D ( 'NONE', #1395, #3794, #376 ) ;
#846 = CARTESIAN_POINT ( 'NONE',  ( 0.0000000000000000000, 4.549999999999999800, 0.0000000000000000000 ) ) ;
#847 = CARTESIAN_POINT ( 'NONE',  ( -3.420577136594011900, 0.9499999999999995100, -2.600000000000000100 ) ) ;
#848 = CARTESIAN_POINT ( 'NONE',  ( -1.399999999999999900, 7.400000000000000400, 1.199999999999999700 ) ) ;
#849 = ORIENTED_EDGE ( 'NONE', *, *, #4100, .T. ) ;
#850 = EDGE_LOOP ( 'NONE', ( #2720, #2152 ) ) ;
#851 = DIRECTION ( 'NONE',  ( 1.000000000000000000, 0.0000000000000000000, 1.577021341797097300E-016 ) ) ;
#852 = CYLINDRICAL_SURFACE ( 'NONE', #19, 0.2500000000000002200 ) ;
#853 = CARTESIAN_POINT ( 'NONE',  ( -4.200000000000000200, 1.626303258728256700E-016, -2.600000000000000100 ) ) ;
#854 = VERTEX_POINT ( 'NONE', #232 ) ;
#855 = CIRCLE ( 'NONE', #1406, 0.3749999999999998900 ) ;
#856 = CARTESIAN_POINT ( 'NONE',  ( 2.750000000000000900, -8.485281374238571300, -2.749999999999999100 ) ) ;
#857 = AXIS2_PLACEMENT_3D ( 'NONE', #2701, #1327, #1441 ) ;
#858 = EDGE_CURVE ( 'NONE', #780, #3792, #601, .T. ) ;
#859 = CARTESIAN_POINT ( 'NONE',  ( -3.000000000000000000, 0.1000000000000000100, 1.450000000000001100 ) ) ;
#860 =( NAMED_UNIT ( * ) SI_UNIT ( $, .STERADIAN. ) SOLID_ANGLE_UNIT ( ) );
#861 = VECTOR ( 'NONE', #783, 1000.000000000000000 ) ;
#862 = ORIENTED_EDGE ( 'NONE', *, *, #1755, .F. ) ;
#863 = LINE ( 'NONE', #911, #2378 ) ;
#864 = DIRECTION ( 'NONE',  ( 1.000000000000000000, 0.0000000000000000000, 0.0000000000000000000 ) ) ;
#865 = CARTESIAN_POINT ( 'NONE',  ( -3.000000000000000000, 0.5000000000000000000, -3.000000000000000900 ) ) ;
#866 = VECTOR ( 'NONE', #1838, 1000.000000000000000 ) ;
#867 = CARTESIAN_POINT ( 'NONE',  ( -4.200000000000000200, 0.4000000000000000200, 1.899999999999999700 ) ) ;
#868 = EDGE_CURVE ( 'NONE', #3637, #4301, #1405, .T. ) ;
#869 = CARTESIAN_POINT ( 'NONE',  ( 1.200000000000000000, 7.400000000000000400, -1.400000000000000600 ) ) ;
#870 = FACE_BOUND ( 'NONE', #2075, .T. ) ;
#871 = VECTOR ( 'NONE', #3373, 1000.000000000000000 ) ;
#872 = CARTESIAN_POINT ( 'NONE',  ( 2.199999999999999300, 3.725000000000002800, 2.199999999999999700 ) ) ;
#873 = VECTOR ( 'NONE', #3476, 1000.000000000000000 ) ;
#874 = CIRCLE ( 'NONE', #158, 1.684658307492539900 ) ;
#875 = AXIS2_PLACEMENT_3D ( 'NONE', #872, #1621, #3999 ) ;
#876 = EDGE_LOOP ( 'NONE', ( #3784, #1594, #3958, #412 ) ) ;
#877 = CARTESIAN_POINT ( 'NONE',  ( -3.000000000000000400, 1.300000000000000000, 2.600000000000000100 ) ) ;
#878 = CARTESIAN_POINT ( 'NONE',  ( 4.200000000000000200, 0.4000000000000000200, -2.600000000000000100 ) ) ;
#879 = CARTESIAN_POINT ( 'NONE',  ( 4.113397459621556800, 0.3500000000000005300, -2.600000000000000100 ) ) ;
#880 = CARTESIAN_POINT ( 'NONE',  ( -4.113397459621556800, 0.3500000000000005300, 2.600000000000000100 ) ) ;
#881 = ORIENTED_EDGE ( 'NONE', *, *, #2232, .T. ) ;
#882 =( GEOMETRIC_REPRESENTATION_CONTEXT ( 3 ) GLOBAL_UNCERTAINTY_ASSIGNED_CONTEXT ( ( #587 ) ) GLOBAL_UNIT_ASSIGNED_CONTEXT ( ( #2219, #3589, #1880 ) ) REPRESENTATION_CONTEXT ( 'NONE', 'WORKASPACE' ) );
#883 = DIRECTION ( 'NONE',  ( -1.000000000000000000, -6.492722409255913900E-016, 0.0000000000000000000 ) ) ;
#884 = CARTESIAN_POINT ( 'NONE',  ( 3.853589838486224400, 0.2000000000000021800, 2.600000000000000100 ) ) ;
#885 = ORIENTED_EDGE ( 'NONE', *, *, #988, .T. ) ;
#886 = DIRECTION ( 'NONE',  ( -0.0000000000000000000, -0.0000000000000000000, -1.000000000000000000 ) ) ;
#887 = ADVANCED_FACE ( 'NONE', ( #3228 ), #2705, .T. ) ;
#888 = ORIENTED_EDGE ( 'NONE', *, *, #1334, .T. ) ;
#889 = AXIS2_PLACEMENT_3D ( 'NONE', #2207, #4227, #2534 ) ;
#890 = EDGE_CURVE ( 'NONE', #2076, #2325, #329, .T. ) ;
#891 = DIRECTION ( 'NONE',  ( 0.0000000000000000000, 0.0000000000000000000, 1.000000000000000000 ) ) ;
#892 = DIRECTION ( 'NONE',  ( 1.000000000000000000, 0.0000000000000000000, 0.0000000000000000000 ) ) ;
#893 = VERTEX_POINT ( 'NONE', #4043 ) ;
#894 = CARTESIAN_POINT ( 'NONE',  ( 2.199999999999999300, 3.725000000000002800, -2.199999999999999700 ) ) ;
#895 = ORIENTED_EDGE ( 'NONE', *, *, #1865, .T. ) ;
#896 = DIRECTION ( 'NONE',  ( 0.0000000000000000000, 0.0000000000000000000, 1.000000000000000000 ) ) ;
#897 = EDGE_CURVE ( 'NONE', #2171, #3092, #3813, .T. ) ;
#898 = ORIENTED_EDGE ( 'NONE', *, *, #461, .F. ) ;
#899 = CIRCLE ( 'NONE', #2346, 0.3749999999999998900 ) ;
#900 = DIRECTION ( 'NONE',  ( 0.0000000000000000000, -0.0000000000000000000, 1.000000000000000000 ) ) ;
#901 = EDGE_LOOP ( 'NONE', ( #4195, #3275, #4278, #782 ) ) ;
#902 = DIRECTION ( 'NONE',  ( 1.000000000000000000, 0.0000000000000000000, -2.797941090285173100E-016 ) ) ;
#903 = ORIENTED_EDGE ( 'NONE', *, *, #4267, .F. ) ;
#904 = EDGE_LOOP ( 'NONE', ( #2109, #4156, #2563, #1845, #1212, #2888, #2517, #1480, #456, #3489, #205, #3720 ) ) ;
#905 = AXIS2_PLACEMENT_3D ( 'NONE', #3282, #2922, #236 ) ;
#906 = ORIENTED_EDGE ( 'NONE', *, *, #406, .F. ) ;
#907 = CARTESIAN_POINT ( 'NONE',  ( -2.750000000000000000, 3.400000000000000400, -2.749999999999999100 ) ) ;
#908 = AXIS2_PLACEMENT_3D ( 'NONE', #2963, #2252, #3304 ) ;
#909 = CARTESIAN_POINT ( 'NONE',  ( 3.000000000000000400, 1.300000000000000000, 2.600000000000000100 ) ) ;
#910 = EDGE_LOOP ( 'NONE', ( #1987, #801, #4206, #998, #3804, #1787, #420, #4058, #2279, #3927, #3368, #361 ) ) ;
#911 = CARTESIAN_POINT ( 'NONE',  ( -1.399999999999999900, 7.400000000000000400, -1.400000000000000100 ) ) ;
#912 = ORIENTED_EDGE ( 'NONE', *, *, #774, .F. ) ;
#913 = LINE ( 'NONE', #1740, #3591 ) ;
#914 = LINE ( 'NONE', #3145, #592 ) ;
#915 = DIRECTION ( 'NONE',  ( -1.000000000000000000, 0.0000000000000000000, 0.0000000000000000000 ) ) ;
#916 = CARTESIAN_POINT ( 'NONE',  ( 0.0000000000000000000, 3.400000000000000400, 0.0000000000000000000 ) ) ;
#917 = ORIENTED_EDGE ( 'NONE', *, *, #1580, .F. ) ;
#918 = LINE ( 'NONE', #1143, #2699 ) ;
#919 = VECTOR ( 'NONE', #2853, 1000.000000000000000 ) ;
#920 = CARTESIAN_POINT ( 'NONE',  ( -2.750000000000000000, 3.400000000000000400, -2.999999999999998700 ) ) ;
#921 = DIRECTION ( 'NONE',  ( -1.000000000000000000, -6.492722409255913900E-016, -0.0000000000000000000 ) ) ;
#922 = AXIS2_PLACEMENT_3D ( 'NONE', #2993, #3682, #1676 ) ;
#923 = EDGE_CURVE ( 'NONE', #1929, #1220, #1947, .T. ) ;
#924 = CARTESIAN_POINT ( 'NONE',  ( 3.000000000000000400, 1.000000000000000000, -2.600000000000000100 ) ) ;
#925 = VECTOR ( 'NONE', #800, 1000.000000000000000 ) ;
#926 = CARTESIAN_POINT ( 'NONE',  ( 4.200000000000000200, 1.626303258728256700E-016, -2.600000000000000100 ) ) ;
#927 = DIRECTION ( 'NONE',  ( 0.0000000000000000000, -1.000000000000000000, 0.0000000000000000000 ) ) ;
#928 = CIRCLE ( 'NONE', #3865, 0.2000000000000000900 ) ;
#929 = CARTESIAN_POINT ( 'NONE',  ( -3.000000000000000400, 1.300000000000000000, -2.600000000000000100 ) ) ;
#930 = VECTOR ( 'NONE', #1974, 1000.000000000000000 ) ;
#931 = ORIENTED_EDGE ( 'NONE', *, *, #1664, .F. ) ;
#932 = CIRCLE ( 'NONE', #3601, 1.800000000000000000 ) ;
#933 = EDGE_CURVE ( 'NONE', #586, #4200, #106, .T. ) ;
#934 = LINE ( 'NONE', #2358, #337 ) ;
#935 = LINE ( 'NONE', #2353, #504 ) ;
#936 = ORIENTED_EDGE ( 'NONE', *, *, #1241, .F. ) ;
#937 = VECTOR ( 'NONE', #3721, 1000.000000000000000 ) ;
#938 = ADVANCED_FACE ( 'NONE', ( #2097 ), #3073, .T. ) ;
#939 = VECTOR ( 'NONE', #3780, 1000.000000000000000 ) ;
#940 = AXIS2_PLACEMENT_3D ( 'NONE', #1096, #2519, #753 ) ;
#941 =( NAMED_UNIT ( * ) SI_UNIT ( $, .STERADIAN. ) SOLID_ANGLE_UNIT ( ) );
#942 = ORIENTED_EDGE ( 'NONE', *, *, #3246, .F. ) ;
#943 = DIRECTION ( 'NONE',  ( 0.0000000000000000000, -0.0000000000000000000, 1.000000000000000000 ) ) ;
#944 = CARTESIAN_POINT ( 'NONE',  ( 2.199999999999999300, 3.700000000000000200, -2.199999999999999700 ) ) ;
#945 = ORIENTED_EDGE ( 'NONE', *, *, #489, .F. ) ;
#946 = VERTEX_POINT ( 'NONE', #1004 ) ;
#947 = DIRECTION ( 'NONE',  ( -0.0000000000000000000, -1.000000000000000000, -0.0000000000000000000 ) ) ;
#948 = AXIS2_PLACEMENT_3D ( 'NONE', #3658, #1279, #1616 ) ;
#949 = ORIENTED_EDGE ( 'NONE', *, *, #3795, .F. ) ;
#950 = CYLINDRICAL_SURFACE ( 'NONE', #2714, 0.2000000000000000900 ) ;
#951 = EDGE_CURVE ( 'NONE', #1418, #2392, #3437, .T. ) ;
#952 = ORIENTED_EDGE ( 'NONE', *, *, #3594, .F. ) ;
#953 = PLANE ( 'NONE',  #2136 ) ;
#954 = CARTESIAN_POINT ( 'NONE',  ( 0.0000000000000000000, 4.555234924505374000, 0.0000000000000000000 ) ) ;
#955 = CARTESIAN_POINT ( 'NONE',  ( -3.420577136594011900, 0.9499999999999995100, -1.899999999999999700 ) ) ;
#956 = EDGE_LOOP ( 'NONE', ( #3206, #2978, #1080, #3354, #301 ) ) ;
#957 = LINE ( 'NONE', #1711, #4065 ) ;
#958 = EDGE_CURVE ( 'NONE', #3653, #1911, #1829, .T. ) ;
#959 = CARTESIAN_POINT ( 'NONE',  ( 3.333974596215567600, 1.300000000000000000, -1.899999999999999700 ) ) ;
#960 = EDGE_LOOP ( 'NONE', ( #3897, #1028, #2455, #1336 ) ) ;
#961 = CARTESIAN_POINT ( 'NONE',  ( -1.200000000000000000, 7.599999999999999600, 1.199999999999999700 ) ) ;
#962 = VERTEX_POINT ( 'NONE', #2023 ) ;
#963 = DIRECTION ( 'NONE',  ( 0.0000000000000000000, 0.0000000000000000000, -1.000000000000000000 ) ) ;
#964 = AXIS2_PLACEMENT_3D ( 'NONE', #1107, #1140, #2178 ) ;
#965 = CIRCLE ( 'NONE', #2370, 0.2500000000000002200 ) ;
#966 = CARTESIAN_POINT ( 'NONE',  ( -2.750000000000000000, -8.485281374238571300, -2.749999999999999100 ) ) ;
#967 = VERTEX_POINT ( 'NONE', #959 ) ;
#968 = PLANE ( 'NONE',  #3786 ) ;
#969 = LINE ( 'NONE', #401, #1021 ) ;
#970 = DIRECTION ( 'NONE',  ( -0.0000000000000000000, -0.0000000000000000000, 1.000000000000000000 ) ) ;
#971 =( GEOMETRIC_REPRESENTATION_CONTEXT ( 3 ) GLOBAL_UNCERTAINTY_ASSIGNED_CONTEXT ( ( #4228 ) ) GLOBAL_UNIT_ASSIGNED_CONTEXT ( ( #473, #3215, #860 ) ) REPRESENTATION_CONTEXT ( 'NONE', 'WORKASPACE' ) );
#972 = ORIENTED_EDGE ( 'NONE', *, *, #3019, .T. ) ;
#973 = LINE ( 'NONE', #3026, #3597 ) ;
#974 = CIRCLE ( 'NONE', #3453, 0.2499999999999993600 ) ;
#975 = DIRECTION ( 'NONE',  ( -0.0000000000000000000, -0.0000000000000000000, 1.000000000000000000 ) ) ;
#976 = COLOUR_RGB ( '',0.7921568627450980000, 0.8196078431372548800, 0.9333333333333333500 ) ;
#977 = EDGE_LOOP ( 'NONE', ( #1542, #372, #2355, #1319 ) ) ;
#978 = AXIS2_PLACEMENT_3D ( 'NONE', #2301, #2287, #1278 ) ;
#979 = LINE ( 'NONE', #1192, #52 ) ;
#980 = EDGE_CURVE ( 'NONE', #3263, #3320, #2217, .T. ) ;
#981 = FACE_OUTER_BOUND ( 'NONE', #2269, .T. ) ;
#982 = CARTESIAN_POINT ( 'NONE',  ( 2.499999999999999600, 0.09999999999999939500, 3.000000000000000000 ) ) ;
#983 = VECTOR ( 'NONE', #3149, 1000.000000000000000 ) ;
#984 = ORIENTED_EDGE ( 'NONE', *, *, #3468, .T. ) ;
#985 = CARTESIAN_POINT ( 'NONE',  ( -5.000000000000000000, 0.2999999999999999900, -2.600000000000000100 ) ) ;
#986 = LINE ( 'NONE', #2688, #2381 ) ;
#987 = AXIS2_PLACEMENT_3D ( 'NONE', #3990, #927, #2677 ) ;
#988 = EDGE_CURVE ( 'NONE', #4209, #2987, #269, .T. ) ;
#989 = ADVANCED_FACE ( 'NONE', ( #3122 ), #2426, .F. ) ;
#990 = CIRCLE ( 'NONE', #1835, 0.3749999999999994400 ) ;
#991 = ORIENTED_EDGE ( 'NONE', *, *, #3875, .F. ) ;
#992 = CARTESIAN_POINT ( 'NONE',  ( -2.750000000000000000, -8.485281374238571300, 3.000000000000000000 ) ) ;
#993 = DIRECTION ( 'NONE',  ( 0.0000000000000000000, 0.0000000000000000000, 1.000000000000000000 ) ) ;
#994 = STYLED_ITEM ( 'NONE', ( #4097 ), #332 ) ;
#995 = VERTEX_POINT ( 'NONE', #288 ) ;
#996 = DIRECTION ( 'NONE',  ( 0.0000000000000000000, 0.0000000000000000000, -1.000000000000000000 ) ) ;
#997 = DIRECTION ( 'NONE',  ( 0.0000000000000000000, 1.000000000000000000, 0.0000000000000000000 ) ) ;
#998 = ORIENTED_EDGE ( 'NONE', *, *, #3893, .T. ) ;
#999 = AXIS2_PLACEMENT_3D ( 'NONE', #148, #835, #1469 ) ;
#1000 = DIRECTION ( 'NONE',  ( 0.4999999999999950600, -0.8660254037844415900, 0.0000000000000000000 ) ) ;
#1001 = PLANE ( 'NONE',  #1063 ) ;
#1002 = ORIENTED_EDGE ( 'NONE', *, *, #4017, .T. ) ;
#1003 = ORIENTED_EDGE ( 'NONE', *, *, #1380, .T. ) ;
#1004 = CARTESIAN_POINT ( 'NONE',  ( 0.0000000000000000000, 3.400000000000000400, 1.800000000000000000 ) ) ;
#1005 = EDGE_LOOP ( 'NONE', ( #3242, #1599, #815, #279 ) ) ;
#1006 = CARTESIAN_POINT ( 'NONE',  ( -1.350000000000000100, 0.4999999999999993300, -2.999999999999999100 ) ) ;
#1007 = ADVANCED_FACE ( 'NONE', ( #388 ), #4407, .F. ) ;
#1008 = ORIENTED_EDGE ( 'NONE', *, *, #3194, .F. ) ;
#1009 = CIRCLE ( 'NONE', #1323, 0.3749999999999998900 ) ;
#1010 = ORIENTED_EDGE ( 'NONE', *, *, #124, .F. ) ;
#1011 = CARTESIAN_POINT ( 'NONE',  ( -2.199999999999999300, 3.700000000000000200, -1.824999999999999700 ) ) ;
#1012 = AXIS2_PLACEMENT_3D ( 'NONE', #2674, #577, #607 ) ;
#1013 = EDGE_CURVE ( 'NONE', #2802, #2796, #2846, .T. ) ;
#1014 = ORIENTED_EDGE ( 'NONE', *, *, #2764, .T. ) ;
#1015 = DIRECTION ( 'NONE',  ( 0.0000000000000000000, 0.0000000000000000000, -1.000000000000000000 ) ) ;
#1016 = CARTESIAN_POINT ( 'NONE',  ( -1.399999999999999900, 7.599999999999999600, -1.200000000000000200 ) ) ;
#1017 = ORIENTED_EDGE ( 'NONE', *, *, #3443, .F. ) ;
#1018 = EDGE_CURVE ( 'NONE', #2831, #3216, #2211, .T. ) ;
#1019 = DIRECTION ( 'NONE',  ( 0.0000000000000000000, 0.0000000000000000000, 1.000000000000000000 ) ) ;
#1020 = VERTEX_POINT ( 'NONE', #2032 ) ;
#1021 = VECTOR ( 'NONE', #2790, 1000.000000000000000 ) ;
#1022 = CARTESIAN_POINT ( 'NONE',  ( 1.200000000000000000, 7.400000000000000400, 0.0000000000000000000 ) ) ;
#1023 = DIRECTION ( 'NONE',  ( -0.8660254037844413700, 0.4999999999999952300, 0.0000000000000000000 ) ) ;
#1024 = ORIENTED_EDGE ( 'NONE', *, *, #1933, .F. ) ;
#1025 = LINE ( 'NONE', #4292, #4176 ) ;
#1026 = CIRCLE ( 'NONE', #550, 0.3749999999999998900 ) ;
#1027 = CIRCLE ( 'NONE', #3581, 0.3749999999999994400 ) ;
#1028 = ORIENTED_EDGE ( 'NONE', *, *, #3552, .T. ) ;
#1029 = DIRECTION ( 'NONE',  ( -0.0000000000000000000, 0.0000000000000000000, -1.000000000000000000 ) ) ;
#1030 = EDGE_CURVE ( 'NONE', #3997, #4415, #382, .T. ) ;
#1031 = ADVANCED_FACE ( 'NONE', ( #3966 ), #3381, .F. ) ;
#1032 = FACE_OUTER_BOUND ( 'NONE', #2676, .T. ) ;
#1033 = CIRCLE ( 'NONE', #2121, 1.800000000000000000 ) ;
#1034 = DIRECTION ( 'NONE',  ( 1.224646799147353200E-016, 0.0000000000000000000, 1.000000000000000000 ) ) ;
#1035 = CIRCLE ( 'NONE', #3931, 0.3749999999999990600 ) ;
#1036 = LINE ( 'NONE', #3975, #810 ) ;
#1037 = AXIS2_PLACEMENT_3D ( 'NONE', #1207, #1239, #3982 ) ;
#1038 = EDGE_CURVE ( 'NONE', #962, #2684, #2598, .T. ) ;
#1039 = LINE ( 'NONE', #2942, #2656 ) ;
#1040 = DIRECTION ( 'NONE',  ( 0.0000000000000000000, 0.0000000000000000000, -1.000000000000000000 ) ) ;
#1041 = EDGE_LOOP ( 'NONE', ( #3067, #3182, #3797, #2800 ) ) ;
#1042 = LINE ( 'NONE', #1427, #2170 ) ;
#1043 = EDGE_LOOP ( 'NONE', ( #590, #2093, #888, #1086 ) ) ;
#1044 = EDGE_CURVE ( 'NONE', #69, #2697, #102, .T. ) ;
#1045 = ORIENTED_EDGE ( 'NONE', *, *, #2646, .F. ) ;
#1046 = DIRECTION ( 'NONE',  ( -0.0000000000000000000, 1.000000000000000000, -0.0000000000000000000 ) ) ;
#1047 = AXIS2_PLACEMENT_3D ( 'NONE', #3498, #2104, #3479 ) ;
#1048 = EDGE_LOOP ( 'NONE', ( #1010, #2824, #2046, #1753 ) ) ;
#1049 = ADVANCED_FACE ( 'NONE', ( #4296 ), #2079, .T. ) ;
#1050 = PLANE ( 'NONE',  #3401 ) ;
#1051 = EDGE_LOOP ( 'NONE', ( #92, #446, #524, #3623 ) ) ;
#1052 = ORIENTED_EDGE ( 'NONE', *, *, #276, .F. ) ;
#1053 = LINE ( 'NONE', #880, #127 ) ;
#1054 = VERTEX_POINT ( 'NONE', #2445 ) ;
#1055 = DIRECTION ( 'NONE',  ( -0.0000000000000000000, -1.000000000000000000, -0.0000000000000000000 ) ) ;
#1056 = AXIS2_PLACEMENT_3D ( 'NONE', #1402, #665, #1734 ) ;
#1057 = ORIENTED_EDGE ( 'NONE', *, *, #2779, .F. ) ;
#1058 = EDGE_CURVE ( 'NONE', #893, #3507, #4357, .T. ) ;
#1059 = ORIENTED_EDGE ( 'NONE', *, *, #260, .T. ) ;
#1060 = ORIENTED_EDGE ( 'NONE', *, *, #1528, .F. ) ;
#1061 = CARTESIAN_POINT ( 'NONE',  ( -3.000000000000000000, 0.5000000000000000000, 3.000000000000000900 ) ) ;
#1062 = DIRECTION ( 'NONE',  ( -0.0000000000000000000, -0.0000000000000000000, -1.000000000000000000 ) ) ;
#1063 = AXIS2_PLACEMENT_3D ( 'NONE', #4099, #365, #1029 ) ;
#1064 = EDGE_CURVE ( 'NONE', #18, #8, #1617, .T. ) ;
#1065 = VERTEX_POINT ( 'NONE', #2458 ) ;
#1066 = CARTESIAN_POINT ( 'NONE',  ( 2.199999999999999300, 3.725000000000002800, 2.199999999999999700 ) ) ;
#1067 = ADVANCED_FACE ( 'NONE', ( #3331 ), #400, .F. ) ;
#1068 = ORIENTED_EDGE ( 'NONE', *, *, #2646, .T. ) ;
#1069 = EDGE_CURVE ( 'NONE', #243, #2638, #2156, .T. ) ;
#1070 = VECTOR ( 'NONE', #1633, 1000.000000000000000 ) ;
#1071 = CARTESIAN_POINT ( 'NONE',  ( 2.199999999999999300, 3.725000000000002800, -2.199999999999999700 ) ) ;
#1072 = DIRECTION ( 'NONE',  ( -0.4999999999999950600, 0.8660254037844414800, -0.0000000000000000000 ) ) ;
#1073 = PRODUCT_DEFINITION_CONTEXT ( 'detailed design', #3576, 'design' ) ;
#1074 = VERTEX_POINT ( 'NONE', #3097 ) ;
#1075 = CARTESIAN_POINT ( 'NONE',  ( 4.200000000000000200, 0.4000000000000000200, 2.600000000000000100 ) ) ;
#1076 = VECTOR ( 'NONE', #555, 1000.000000000000000 ) ;
#1077 = CARTESIAN_POINT ( 'NONE',  ( -3.420577136594011900, 0.9499999999999995100, 2.600000000000000100 ) ) ;
#1078 = AXIS2_PLACEMENT_3D ( 'NONE', #894, #2282, #3290 ) ;
#1079 = CARTESIAN_POINT ( 'NONE',  ( 3.000000000000000400, 1.000000000000000000, -1.899999999999999700 ) ) ;
#1080 = ORIENTED_EDGE ( 'NONE', *, *, #4110, .T. ) ;
#1081 = CIRCLE ( 'NONE', #2354, 0.3749999999999990600 ) ;
#1082 = VECTOR ( 'NONE', #1853, 1000.000000000000000 ) ;
#1083 = CARTESIAN_POINT ( 'NONE',  ( -3.000000000000000000, -8.485281374238571300, 2.750000000000000000 ) ) ;
#1084 = DIRECTION ( 'NONE',  ( 0.0000000000000000000, 1.000000000000000000, -0.0000000000000000000 ) ) ;
#1085 = LINE ( 'NONE', #21, #3389 ) ;
#1086 = ORIENTED_EDGE ( 'NONE', *, *, #2484, .T. ) ;
#1087 = FACE_OUTER_BOUND ( 'NONE', #2195, .T. ) ;
#1088 = CARTESIAN_POINT ( 'NONE',  ( 3.420577136594011900, 0.9499999999999995100, 2.600000000000000100 ) ) ;
#1089 = DIRECTION ( 'NONE',  ( 0.0000000000000000000, -0.0000000000000000000, -1.000000000000000000 ) ) ;
#1090 = CIRCLE ( 'NONE', #49, 1.534749683439675400 ) ;
#1091 = EDGE_LOOP ( 'NONE', ( #3648, #3930, #2176, #2320, #2131 ) ) ;
#1092 = COLOUR_RGB ( '',0.7921568627450980000, 0.8196078431372548800, 0.9333333333333333500 ) ;
#1093 = AXIS2_PLACEMENT_3D ( 'NONE', #771, #3143, #1777 ) ;
#1094 = ADVANCED_FACE ( 'NONE', ( #1678 ), #3755, .T. ) ;
#1095 = EDGE_CURVE ( 'NONE', #2697, #1522, #1565, .T. ) ;
#1096 = CARTESIAN_POINT ( 'NONE',  ( -3.000000000000000400, 1.000000000000000000, -2.600000000000000100 ) ) ;
#1097 =( NAMED_UNIT ( * ) PLANE_ANGLE_UNIT ( ) SI_UNIT ( $, .RADIAN. ) );
#1098 = ORIENTED_EDGE ( 'NONE', *, *, #4338, .T. ) ;
#1099 = VECTOR ( 'NONE', #197, 1000.000000000000000 ) ;
#1100 = EDGE_CURVE ( 'NONE', #2796, #1873, #3070, .T. ) ;
#1101 = VERTEX_POINT ( 'NONE', #676 ) ;
#1102 = EDGE_LOOP ( 'NONE', ( #2856, #3455 ) ) ;
#1103 = DIRECTION ( 'NONE',  ( 0.0000000000000000000, 0.0000000000000000000, 1.000000000000000000 ) ) ;
#1104 = MECHANICAL_DESIGN_GEOMETRIC_PRESENTATION_REPRESENTATION (  '', ( #2407 ), #694 ) ;
#1105 = EDGE_LOOP ( 'NONE', ( #4422, #1346, #4335, #1310 ) ) ;
#1106 = ORIENTED_EDGE ( 'NONE', *, *, #1398, .T. ) ;
#1107 = CARTESIAN_POINT ( 'NONE',  ( 3.333974596215567600, 0.9000000000000000200, -2.600000000000000100 ) ) ;
#1108 =( LENGTH_UNIT ( ) NAMED_UNIT ( * ) SI_UNIT ( .MILLI., .METRE. ) );
#1109 = CARTESIAN_POINT ( 'NONE',  ( 3.680384757729344300, 1.099999999999998100, 2.600000000000000100 ) ) ;
#1110 = ORIENTED_EDGE ( 'NONE', *, *, #3677, .F. ) ;
#1111 = PRODUCT_RELATED_PRODUCT_CATEGORY ( 'part', '', ( #2467 ) ) ;
#1112 = DIRECTION ( 'NONE',  ( 1.000000000000000000, 0.0000000000000000000, 0.0000000000000000000 ) ) ;
#1113 = ADVANCED_FACE ( 'NONE', ( #3224 ), #1373, .T. ) ;
#1114 = ORIENTED_EDGE ( 'NONE', *, *, #3109, .F. ) ;
#1115 = VERTEX_POINT ( 'NONE', #352 ) ;
#1116 = DIRECTION ( 'NONE',  ( 1.000000000000000000, 0.0000000000000000000, 0.0000000000000000000 ) ) ;
#1117 = DIRECTION ( 'NONE',  ( 0.0000000000000000000, 0.0000000000000000000, -1.000000000000000000 ) ) ;
#1118 = DIRECTION ( 'NONE',  ( -1.000000000000000000, 0.0000000000000000000, 0.0000000000000000000 ) ) ;
#1119 = AXIS2_PLACEMENT_3D ( 'NONE', #1363, #3450, #3751 ) ;
#1120 = EDGE_CURVE ( 'NONE', #2694, #29, #1939, .T. ) ;
#1121 = ORIENTED_EDGE ( 'NONE', *, *, #3167, .F. ) ;
#1122 = CARTESIAN_POINT ( 'NONE',  ( 2.199999999999999300, 3.725000000000002800, -2.574999999999998800 ) ) ;
#1123 = ORIENTED_EDGE ( 'NONE', *, *, #2574, .T. ) ;
#1124 = PLANE ( 'NONE',  #999 ) ;
#1125 = EDGE_CURVE ( 'NONE', #3977, #77, #3434, .T. ) ;
#1126 = ORIENTED_EDGE ( 'NONE', *, *, #1703, .F. ) ;
#1127 = CARTESIAN_POINT ( 'NONE',  ( 2.574999999999998400, 3.725000000000002800, -2.199999999999999700 ) ) ;
#1128 = CIRCLE ( 'NONE', #767, 0.3749999999999988300 ) ;
#1129 = LINE ( 'NONE', #3382, #3899 ) ;
#1130 = DIRECTION ( 'NONE',  ( -0.0000000000000000000, 1.000000000000000000, 0.0000000000000000000 ) ) ;
#1131 = ORIENTED_EDGE ( 'NONE', *, *, #2416, .F. ) ;
#1132 = CARTESIAN_POINT ( 'NONE',  ( 1.399999999999999900, 5.799999999999999800, -1.400000000000000600 ) ) ;
#1133 = DIRECTION ( 'NONE',  ( 0.0000000000000000000, 0.0000000000000000000, 1.000000000000000000 ) ) ;
#1134 = COLOUR_RGB ( '',0.2509803921568627400, 0.2509803921568627400, 0.2509803921568627400 ) ;
#1135 = DIRECTION ( 'NONE',  ( 0.0000000000000000000, 1.000000000000000000, 0.0000000000000000000 ) ) ;
#1136 = VECTOR ( 'NONE', #3397, 1000.000000000000000 ) ;
#1137 = ADVANCED_FACE ( 'NONE', ( #4186 ), #2328, .F. ) ;
#1138 = LINE ( 'NONE', #713, #3547 ) ;
#1139 = VECTOR ( 'NONE', #2192, 1000.000000000000000 ) ;
#1140 = DIRECTION ( 'NONE',  ( 0.0000000000000000000, 0.0000000000000000000, -1.000000000000000000 ) ) ;
#1141 = DIRECTION ( 'NONE',  ( -0.4999999999999950600, 0.8660254037844414800, 0.0000000000000000000 ) ) ;
#1142 = CIRCLE ( 'NONE', #2682, 0.3749999999999994400 ) ;
#1143 = CARTESIAN_POINT ( 'NONE',  ( -3.853589838486224400, 0.2000000000000021800, 2.600000000000000100 ) ) ;
#1144 = LINE ( 'NONE', #4283, #1409 ) ;
#1145 = ORIENTED_EDGE ( 'NONE', *, *, #1713, .F. ) ;
#1146 = CARTESIAN_POINT ( 'NONE',  ( 2.750000000000000900, 0.5000000000000004400, 2.750000000000000000 ) ) ;
#1147 = EDGE_CURVE ( 'NONE', #2114, #2694, #323, .T. ) ;
#1148 = LINE ( 'NONE', #13, #1628 ) ;
#1149 = ORIENTED_EDGE ( 'NONE', *, *, #3253, .F. ) ;
#1150 = DIRECTION ( 'NONE',  ( 0.0000000000000000000, 1.000000000000000000, -0.0000000000000000000 ) ) ;
#1151 = EDGE_LOOP ( 'NONE', ( #738, #3936, #1956, #2521, #1426, #2940, #3617, #4327, #1002, #3609, #2957, #1068 ) ) ;
#1152 = AXIS2_PLACEMENT_3D ( 'NONE', #1533, #1202, #1157 ) ;
#1153 = EDGE_CURVE ( 'NONE', #3512, #2738, #491, .T. ) ;
#1154 = DIRECTION ( 'NONE',  ( 0.0000000000000000000, -0.0000000000000000000, 1.000000000000000000 ) ) ;
#1155 = ORIENTED_EDGE ( 'NONE', *, *, #4189, .F. ) ;
#1156 = EDGE_CURVE ( 'NONE', #1802, #1165, #3175, .T. ) ;
#1157 = DIRECTION ( 'NONE',  ( 1.000000000000000000, 0.0000000000000000000, 0.0000000000000000000 ) ) ;
#1158 = ADVANCED_FACE ( 'NONE', ( #4028 ), #2483, .T. ) ;
#1159 = EDGE_LOOP ( 'NONE', ( #4060, #949, #3533, #2628 ) ) ;
#1160 = VERTEX_POINT ( 'NONE', #1489 ) ;
#1161 = DIRECTION ( 'NONE',  ( 0.0000000000000000000, 0.0000000000000000000, -1.000000000000000000 ) ) ;
#1162 = CARTESIAN_POINT ( 'NONE',  ( 3.333974596215567600, 1.300000000000000000, -2.600000000000000100 ) ) ;
#1163 = VERTEX_POINT ( 'NONE', #4219 ) ;
#1164 = VERTEX_POINT ( 'NONE', #3158 ) ;
#1165 = VERTEX_POINT ( 'NONE', #2833 ) ;
#1166 = DIRECTION ( 'NONE',  ( -0.0000000000000000000, 0.0000000000000000000, 1.000000000000000000 ) ) ;
#1167 = ORIENTED_EDGE ( 'NONE', *, *, #2410, .F. ) ;
#1168 = CARTESIAN_POINT ( 'NONE',  ( -3.000000000000000400, 1.000000000000000000, 2.600000000000000100 ) ) ;
#1169 = CARTESIAN_POINT ( 'NONE',  ( 2.087813566228460200E-016, 4.555234924505374000, 1.684658307492539900 ) ) ;
#1170 = DIRECTION ( 'NONE',  ( 0.0000000000000000000, -1.000000000000000000, 0.0000000000000000000 ) ) ;
#1171 = ORIENTED_EDGE ( 'NONE', *, *, #4282, .T. ) ;
#1172 = CARTESIAN_POINT ( 'NONE',  ( 2.750000000000000900, -8.485281374238571300, 2.750000000000000000 ) ) ;
#1173 = VERTEX_POINT ( 'NONE', #3188 ) ;
#1174 = CARTESIAN_POINT ( 'NONE',  ( 2.500000000000000000, 0.5000000000000000000, -3.000000000000000900 ) ) ;
#1175 = EDGE_CURVE ( 'NONE', #2171, #521, #1297, .T. ) ;
#1176 = FILL_AREA_STYLE ('',( #4242 ) ) ;
#1177 = VERTEX_POINT ( 'NONE', #764 ) ;
#1178 = VECTOR ( 'NONE', #2681, 1000.000000000000000 ) ;
#1179 = CARTESIAN_POINT ( 'NONE',  ( -2.199999999999999300, 3.700000000000000200, -2.199999999999999700 ) ) ;
#1180 = CARTESIAN_POINT ( 'NONE',  ( -3.680384757729344300, 1.099999999999998100, -2.600000000000000100 ) ) ;
#1181 = DIRECTION ( 'NONE',  ( 1.000000000000000000, 0.0000000000000000000, 0.0000000000000000000 ) ) ;
#1182 = VERTEX_POINT ( 'NONE', #2804 ) ;
#1183 = EDGE_CURVE ( 'NONE', #2448, #4392, #751, .T. ) ;
#1184 = VECTOR ( 'NONE', #3281, 1000.000000000000000 ) ;
#1185 = DIRECTION ( 'NONE',  ( -1.000000000000000000, 0.0000000000000000000, 0.0000000000000000000 ) ) ;
#1186 = CIRCLE ( 'NONE', #3727, 0.2000000000000000900 ) ;
#1187 = DIRECTION ( 'NONE',  ( -0.0000000000000000000, -1.000000000000000000, 0.0000000000000000000 ) ) ;
#1188 = CIRCLE ( 'NONE', #2614, 0.3749999999999998900 ) ;
#1189 = LINE ( 'NONE', #539, #3337 ) ;
#1190 = AXIS2_PLACEMENT_3D ( 'NONE', #4212, #1482, #105 ) ;
#1191 = CARTESIAN_POINT ( 'NONE',  ( -3.000000000000000000, 0.1000000000000000100, -1.450000000000001100 ) ) ;
#1192 = CARTESIAN_POINT ( 'NONE',  ( 4.200000000000000200, 0.0000000000000000000, -1.899999999999999700 ) ) ;
#1193 = ORIENTED_EDGE ( 'NONE', *, *, #3030, .T. ) ;
#1194 = LINE ( 'NONE', #3629, #273 ) ;
#1195 = CARTESIAN_POINT ( 'NONE',  ( 2.199999999999999300, 3.725000000000002800, -2.199999999999999700 ) ) ;
#1196 = DIRECTION ( 'NONE',  ( 0.0000000000000000000, 0.0000000000000000000, -1.000000000000000000 ) ) ;
#1197 = CYLINDRICAL_SURFACE ( 'NONE', #226, 0.3749999999999998900 ) ;
#1198 = CARTESIAN_POINT ( 'NONE',  ( -3.000000000000000400, 1.300000000000000000, -2.600000000000000100 ) ) ;
#1199 = VERTEX_POINT ( 'NONE', #1784 ) ;
#1200 = VECTOR ( 'NONE', #2895, 1000.000000000000000 ) ;
#1201 = CARTESIAN_POINT ( 'NONE',  ( 1.350000000000000100, 0.4999999999999993300, -2.999999999999999100 ) ) ;
#1202 = DIRECTION ( 'NONE',  ( -0.0000000000000000000, -0.0000000000000000000, 1.000000000000000000 ) ) ;
#1203 = ORIENTED_EDGE ( 'NONE', *, *, #1018, .F. ) ;
#1204 = AXIS2_PLACEMENT_3D ( 'NONE', #3895, #2553, #44 ) ;
#1205 = EDGE_CURVE ( 'NONE', #510, #2932, #693, .T. ) ;
#1206 = DIRECTION ( 'NONE',  ( -0.0000000000000000000, -0.0000000000000000000, -1.000000000000000000 ) ) ;
#1207 = CARTESIAN_POINT ( 'NONE',  ( 4.200000000000000200, 0.2999999999999999900, -2.600000000000000100 ) ) ;
#1208 = ORIENTED_EDGE ( 'NONE', *, *, #2064, .F. ) ;
#1209 = APPLICATION_PROTOCOL_DEFINITION ( 'draft international standard', 'automotive_design', 1998, #3576 ) ;
#1210 = AXIS2_PLACEMENT_3D ( 'NONE', #2013, #2731, #3491 ) ;
#1211 = EDGE_CURVE ( 'NONE', #3748, #3723, #3118, .T. ) ;
#1212 = ORIENTED_EDGE ( 'NONE', *, *, #712, .T. ) ;
#1213 = DIRECTION ( 'NONE',  ( -0.0000000000000000000, -1.000000000000000000, -0.0000000000000000000 ) ) ;
#1214 = DIRECTION ( 'NONE',  ( -1.000000000000000000, 0.0000000000000000000, 0.0000000000000000000 ) ) ;
#1215 = ORIENTED_EDGE ( 'NONE', *, *, #3531, .T. ) ;
#1216 = ORIENTED_EDGE ( 'NONE', *, *, #614, .T. ) ;
#1217 = ORIENTED_EDGE ( 'NONE', *, *, #443, .F. ) ;
#1218 = AXIS2_PLACEMENT_3D ( 'NONE', #2151, #84, #4238 ) ;
#1219 = CARTESIAN_POINT ( 'NONE',  ( -2.750000000000000000, -8.485281374238571300, -2.999999999999999100 ) ) ;
#1220 = VERTEX_POINT ( 'NONE', #455 ) ;
#1221 = VECTOR ( 'NONE', #2060, 1000.000000000000000 ) ;
#1222 = DIRECTION ( 'NONE',  ( 0.0000000000000000000, 0.0000000000000000000, -1.000000000000000000 ) ) ;
#1223 = VERTEX_POINT ( 'NONE', #3513 ) ;
#1224 = DIRECTION ( 'NONE',  ( -1.000000000000000000, -0.0000000000000000000, 0.0000000000000000000 ) ) ;
#1225 = AXIS2_PLACEMENT_3D ( 'NONE', #3032, #3712, #1660 ) ;
#1226 = DIRECTION ( 'NONE',  ( 0.0000000000000000000, -0.0000000000000000000, -1.000000000000000000 ) ) ;
#1227 = DIRECTION ( 'NONE',  ( 0.0000000000000000000, 0.0000000000000000000, -1.000000000000000000 ) ) ;
#1228 = ORIENTED_EDGE ( 'NONE', *, *, #4390, .T. ) ;
#1229 = FACE_OUTER_BOUND ( 'NONE', #2566, .T. ) ;
#1230 = CARTESIAN_POINT ( 'NONE',  ( -2.199999999999999300, 3.700000000000000200, 2.199999999999999700 ) ) ;
#1231 = CIRCLE ( 'NONE', #3821, 0.2000000000000000900 ) ;
#1232 = DIRECTION ( 'NONE',  ( 0.0000000000000000000, 0.0000000000000000000, 1.000000000000000000 ) ) ;
#1233 = ORIENTED_EDGE ( 'NONE', *, *, #4010, .T. ) ;
#1234 = CARTESIAN_POINT ( 'NONE',  ( -1.350000000000000100, 0.4999999999999993300, 3.000000000000000400 ) ) ;
#1235 = LINE ( 'NONE', #3867, #2594 ) ;
#1236 = CARTESIAN_POINT ( 'NONE',  ( 4.200000000000000200, 0.2999999999999999900, -1.899999999999999700 ) ) ;
#1237 = ORIENTED_EDGE ( 'NONE', *, *, #682, .F. ) ;
#1238 = LINE ( 'NONE', #1925, #798 ) ;
#1239 = DIRECTION ( 'NONE',  ( 0.0000000000000000000, -1.000000000000000000, 0.0000000000000000000 ) ) ;
#1240 = VECTOR ( 'NONE', #2319, 1000.000000000000000 ) ;
#1241 = EDGE_CURVE ( 'NONE', #4166, #69, #2045, .T. ) ;
#1242 = CARTESIAN_POINT ( 'NONE',  ( 0.0000000000000000000, 3.400000000000000400, -1.725000000000000100 ) ) ;
#1243 = CARTESIAN_POINT ( 'NONE',  ( -1.200000000000000000, 7.400000000000000400, 1.199999999999999700 ) ) ;
#1244 = CIRCLE ( 'NONE', #448, 0.4000000000000001900 ) ;
#1245 = PLANE ( 'NONE',  #3259 ) ;
#1246 = VECTOR ( 'NONE', #3142, 1000.000000000000000 ) ;
#1247 = DIRECTION ( 'NONE',  ( -0.0000000000000000000, 1.000000000000000000, -0.0000000000000000000 ) ) ;
#1248 = EDGE_CURVE ( 'NONE', #3627, #3946, #2272, .T. ) ;
#1249 = CIRCLE ( 'NONE', #1479, 1.800000000000000000 ) ;
#1250 = CIRCLE ( 'NONE', #2276, 0.3749999999999998900 ) ;
#1251 = CARTESIAN_POINT ( 'NONE',  ( -0.8499999999999999800, 5.799999999999999800, 0.0000000000000000000 ) ) ;
#1252 = LINE ( 'NONE', #252, #3232 ) ;
#1253 = AXIS2_PLACEMENT_3D ( 'NONE', #2795, #3193, #407 ) ;
#1254 = ORIENTED_EDGE ( 'NONE', *, *, #609, .F. ) ;
#1255 = DIRECTION ( 'NONE',  ( 0.0000000000000000000, 0.0000000000000000000, 1.000000000000000000 ) ) ;
#1256 = FACE_OUTER_BOUND ( 'NONE', #3257, .T. ) ;
#1257 =( LENGTH_UNIT ( ) NAMED_UNIT ( * ) SI_UNIT ( .MILLI., .METRE. ) );
#1258 = CARTESIAN_POINT ( 'NONE',  ( 3.333974596215567600, 0.9000000000000000200, -2.600000000000000100 ) ) ;
#1259 = CARTESIAN_POINT ( 'NONE',  ( 2.199999999999999300, 3.725000000000002800, 2.199999999999999700 ) ) ;
#1260 = LINE ( 'NONE', #645, #2107 ) ;
#1261 = ORIENTED_EDGE ( 'NONE', *, *, #370, .T. ) ;
#1262 = LINE ( 'NONE', #350, #1366 ) ;
#1263 = CARTESIAN_POINT ( 'NONE',  ( 2.750000000000000900, 3.400000000000000400, 3.000000000000000000 ) ) ;
#1264 = ORIENTED_EDGE ( 'NONE', *, *, #4139, .F. ) ;
#1265 = CARTESIAN_POINT ( 'NONE',  ( -2.500000000000000000, 0.1000000000000000100, 3.000000000000000900 ) ) ;
#1266 = CARTESIAN_POINT ( 'NONE',  ( -3.420577136594011900, 0.9499999999999995100, 2.600000000000000100 ) ) ;
#1267 = ORIENTED_EDGE ( 'NONE', *, *, #3768, .T. ) ;
#1268 = AXIS2_PLACEMENT_3D ( 'NONE', #619, #4082, #1015 ) ;
#1269 = EDGE_CURVE ( 'NONE', #4253, #680, #1400, .T. ) ;
#1270 = DIRECTION ( 'NONE',  ( -0.0000000000000000000, 0.0000000000000000000, 1.000000000000000000 ) ) ;
#1271 = ORIENTED_EDGE ( 'NONE', *, *, #4148, .T. ) ;
#1272 = CARTESIAN_POINT ( 'NONE',  ( -2.199999999999999300, 3.400000000000000400, -2.199999999999999700 ) ) ;
#1273 = VERTEX_POINT ( 'NONE', #414 ) ;
#1274 = EDGE_CURVE ( 'NONE', #4076, #946, #1033, .T. ) ;
#1275 = ORIENTED_EDGE ( 'NONE', *, *, #686, .T. ) ;
#1276 = CIRCLE ( 'NONE', #4448, 0.2499999999999997800 ) ;
#1277 = CARTESIAN_POINT ( 'NONE',  ( -1.200000000000000000, 7.400000000000000400, -1.200000000000000200 ) ) ;
#1278 = DIRECTION ( 'NONE',  ( -1.000000000000000000, 0.0000000000000000000, 0.0000000000000000000 ) ) ;
#1279 = DIRECTION ( 'NONE',  ( 0.0000000000000000000, 0.0000000000000000000, -1.000000000000000000 ) ) ;
#1280 = ORIENTED_EDGE ( 'NONE', *, *, #3338, .F. ) ;
#1281 = PLANE ( 'NONE',  #754 ) ;
#1282 = ORIENTED_EDGE ( 'NONE', *, *, #1359, .F. ) ;
#1283 = VERTEX_POINT ( 'NONE', #2581 ) ;
#1284 = DIRECTION ( 'NONE',  ( -0.0000000000000000000, -0.0000000000000000000, -1.000000000000000000 ) ) ;
#1285 = ORIENTED_EDGE ( 'NONE', *, *, #1248, .T. ) ;
#1286 = CIRCLE ( 'NONE', #403, 0.2000000000000000900 ) ;
#1287 = CARTESIAN_POINT ( 'NONE',  ( -3.333974596215567600, 1.300000000000000000, -1.899999999999999700 ) ) ;
#1288 = ORIENTED_EDGE ( 'NONE', *, *, #14, .T. ) ;
#1289 = CARTESIAN_POINT ( 'NONE',  ( -3.000000000000000400, 1.300000000000000000, 2.600000000000000100 ) ) ;
#1290 = ORIENTED_EDGE ( 'NONE', *, *, #3435, .F. ) ;
#1291 = FACE_OUTER_BOUND ( 'NONE', #2012, .T. ) ;
#1292 = AXIS2_PLACEMENT_3D ( 'NONE', #2706, #636, #3043 ) ;
#1293 = EDGE_CURVE ( 'NONE', #2621, #1942, #2961, .T. ) ;
#1294 = CARTESIAN_POINT ( 'NONE',  ( -3.000000000000000000, 3.400000000000000400, -2.749999999999999100 ) ) ;
#1295 = ORIENTED_EDGE ( 'NONE', *, *, #3388, .F. ) ;
#1296 = LINE ( 'NONE', #4249, #267 ) ;
#1297 = LINE ( 'NONE', #2515, #4086 ) ;
#1298 = AXIS2_PLACEMENT_3D ( 'NONE', #1066, #3456, #775 ) ;
#1299 = ORIENTED_EDGE ( 'NONE', *, *, #600, .T. ) ;
#1300 = EDGE_CURVE ( 'NONE', #1368, #4365, #3903, .T. ) ;
#1301 = CARTESIAN_POINT ( 'NONE',  ( 2.199999999999999300, 3.400000000000000400, -2.574999999999999700 ) ) ;
#1302 = SURFACE_STYLE_FILL_AREA ( #3845 ) ;
#1303 = CIRCLE ( 'NONE', #1210, 1.684658307492539900 ) ;
#1304 = LINE ( 'NONE', #3297, #930 ) ;
#1305 = EDGE_LOOP ( 'NONE', ( #583, #3483 ) ) ;
#1306 = LINE ( 'NONE', #1201, #4366 ) ;
#1307 = EDGE_CURVE ( 'NONE', #3092, #4205, #648, .T. ) ;
#1308 = CARTESIAN_POINT ( 'NONE',  ( -3.000000000000000000, 3.400000000000000400, -2.749999999999999100 ) ) ;
#1309 = CYLINDRICAL_SURFACE ( 'NONE', #3078, 0.1000000000000002600 ) ;
#1310 = ORIENTED_EDGE ( 'NONE', *, *, #1417, .T. ) ;
#1311 = VECTOR ( 'NONE', #3361, 1000.000000000000000 ) ;
#1312 = DIRECTION ( 'NONE',  ( 0.0000000000000000000, -0.0000000000000000000, -1.000000000000000000 ) ) ;
#1313 = CARTESIAN_POINT ( 'NONE',  ( -2.199999999999999300, 3.400000000000000400, 2.199999999999999700 ) ) ;
#1314 = ORIENTED_EDGE ( 'NONE', *, *, #2094, .T. ) ;
#1315 = DIRECTION ( 'NONE',  ( 0.0000000000000000000, 1.000000000000000000, 0.0000000000000000000 ) ) ;
#1316 = DIRECTION ( 'NONE',  ( 0.0000000000000000000, 0.0000000000000000000, -1.000000000000000000 ) ) ;
#1317 = EDGE_LOOP ( 'NONE', ( #3234, #2877, #1290, #3854, #4120 ) ) ;
#1318 = DIRECTION ( 'NONE',  ( 0.0000000000000000000, 0.0000000000000000000, 1.000000000000000000 ) ) ;
#1319 = ORIENTED_EDGE ( 'NONE', *, *, #2757, .F. ) ;
#1320 = ADVANCED_FACE ( 'NONE', ( #3860 ), #1822, .T. ) ;
#1321 = DIRECTION ( 'NONE',  ( 0.0000000000000000000, 1.000000000000000000, 0.0000000000000000000 ) ) ;
#1322 = CARTESIAN_POINT ( 'NONE',  ( -3.333974596215567600, 1.000000000000000200, -2.600000000000000100 ) ) ;
#1323 = AXIS2_PLACEMENT_3D ( 'NONE', #3989, #1946, #4343 ) ;
#1324 = ORIENTED_EDGE ( 'NONE', *, *, #1293, .T. ) ;
#1325 = EDGE_CURVE ( 'NONE', #733, #15, #3385, .T. ) ;
#1326 = EDGE_LOOP ( 'NONE', ( #4147, #3166, #3587 ) ) ;
#1327 = DIRECTION ( 'NONE',  ( -0.0000000000000000000, -0.0000000000000000000, -1.000000000000000000 ) ) ;
#1328 = DIRECTION ( 'NONE',  ( -0.8660254037844415900, -0.4999999999999950600, 0.0000000000000000000 ) ) ;
#1329 = CARTESIAN_POINT ( 'NONE',  ( -3.000000000000000400, 1.000000000000000000, 2.600000000000000100 ) ) ;
#1330 = CARTESIAN_POINT ( 'NONE',  ( -3.000000000000000400, 1.000000000000000000, -2.600000000000000100 ) ) ;
#1331 = ORIENTED_EDGE ( 'NONE', *, *, #1334, .F. ) ;
#1332 = CIRCLE ( 'NONE', #4375, 0.3749999999999994400 ) ;
#1333 = UNCERTAINTY_MEASURE_WITH_UNIT (LENGTH_MEASURE( 1.000000000000000100E-005 ), #565, 'distance_accuracy_value', 'NONE');
#1334 = EDGE_CURVE ( 'NONE', #780, #2190, #2379, .T. ) ;
#1335 = DIRECTION ( 'NONE',  ( -0.0000000000000000000, -0.0000000000000000000, -1.000000000000000000 ) ) ;
#1336 = ORIENTED_EDGE ( 'NONE', *, *, #3560, .T. ) ;
#1337 = PLANE ( 'NONE',  #4069 ) ;
#1338 = CARTESIAN_POINT ( 'NONE',  ( -1.199999999999999700, 7.400000000000000400, 1.199999999999999700 ) ) ;
#1339 = EDGE_LOOP ( 'NONE', ( #3788, #3833, #3185, #1967 ) ) ;
#1340 = AXIS2_PLACEMENT_3D ( 'NONE', #3241, #1890, #2541 ) ;
#1341 = ORIENTED_EDGE ( 'NONE', *, *, #523, .T. ) ;
#1342 = CARTESIAN_POINT ( 'NONE',  ( 3.680384757729344300, 1.099999999999998100, -2.600000000000000100 ) ) ;
#1343 = DIRECTION ( 'NONE',  ( 0.0000000000000000000, 0.0000000000000000000, 1.000000000000000000 ) ) ;
#1344 = ADVANCED_FACE ( 'NONE', ( #3493 ), #517, .F. ) ;
#1345 = PRESENTATION_LAYER_ASSIGNMENT (  '', '', ( #1509 ) ) ;
#1346 = ORIENTED_EDGE ( 'NONE', *, *, #1387, .F. ) ;
#1347 = VECTOR ( 'NONE', #2644, 1000.000000000000000 ) ;
#1348 = LINE ( 'NONE', #549, #3960 ) ;
#1349 = VECTOR ( 'NONE', #1717, 1000.000000000000000 ) ;
#1350 = CARTESIAN_POINT ( 'NONE',  ( 3.000000000000000000, 0.1000000000000000100, 1.450000000000001100 ) ) ;
#1351 = AXIS2_PLACEMENT_3D ( 'NONE', #3528, #2118, #2173 ) ;
#1352 = LINE ( 'NONE', #2271, #437 ) ;
#1353 = EDGE_CURVE ( 'NONE', #1873, #556, #3545, .T. ) ;
#1354 = VECTOR ( 'NONE', #1046, 1000.000000000000000 ) ;
#1355 = CARTESIAN_POINT ( 'NONE',  ( -2.199999999999999300, 3.725000000000002800, -2.199999999999999700 ) ) ;
#1356 = DIRECTION ( 'NONE',  ( 0.0000000000000000000, 1.000000000000000000, 0.0000000000000000000 ) ) ;
#1357 = FACE_BOUND ( 'NONE', #259, .T. ) ;
#1358 = CARTESIAN_POINT ( 'NONE',  ( -3.000000000000000000, 0.5000000000000000000, 3.000000000000000900 ) ) ;
#1359 = EDGE_CURVE ( 'NONE', #3428, #300, #805, .T. ) ;
#1360 = CARTESIAN_POINT ( 'NONE',  ( 1.350000000000000100, 0.4999999999999993300, 3.000000000000000400 ) ) ;
#1361 = VECTOR ( 'NONE', #3729, 1000.000000000000000 ) ;
#1362 = ORIENTED_EDGE ( 'NONE', *, *, #4368, .F. ) ;
#1363 = CARTESIAN_POINT ( 'NONE',  ( 0.0000000000000000000, 4.549999999999999800, -1.534749683439675400 ) ) ;
#1364 = PRESENTATION_LAYER_ASSIGNMENT (  '', '', ( #994 ) ) ;
#1365 = ORIENTED_EDGE ( 'NONE', *, *, #1558, .T. ) ;
#1366 = VECTOR ( 'NONE', #2803, 1000.000000000000000 ) ;
#1367 = ADVANCED_FACE ( 'NONE', ( #3280 ), #1567, .F. ) ;
#1368 = VERTEX_POINT ( 'NONE', #472 ) ;
#1369 = CARTESIAN_POINT ( 'NONE',  ( 3.333974596215567600, 1.300000000000000000, -2.600000000000000100 ) ) ;
#1370 = DIRECTION ( 'NONE',  ( 0.0000000000000000000, 1.000000000000000000, 0.0000000000000000000 ) ) ;
#1371 = ORIENTED_EDGE ( 'NONE', *, *, #3363, .F. ) ;
#1372 = ORIENTED_EDGE ( 'NONE', *, *, #2416, .T. ) ;
#1373 = PLANE ( 'NONE',  #99 ) ;
#1374 = ORIENTED_EDGE ( 'NONE', *, *, #3875, .T. ) ;
#1375 = EDGE_CURVE ( 'NONE', #91, #1745, #1186, .T. ) ;
#1376 = DIRECTION ( 'NONE',  ( 0.0000000000000000000, 1.000000000000000000, -0.0000000000000000000 ) ) ;
#1377 = CARTESIAN_POINT ( 'NONE',  ( 3.680384757729344300, 1.099999999999998100, 2.600000000000000100 ) ) ;
#1378 = ORIENTED_EDGE ( 'NONE', *, *, #4189, .T. ) ;
#1379 = VERTEX_POINT ( 'NONE', #813 ) ;
#1380 = EDGE_CURVE ( 'NONE', #1918, #578, #151, .T. ) ;
#1381 = ORIENTED_EDGE ( 'NONE', *, *, #1069, .F. ) ;
#1382 = ORIENTED_EDGE ( 'NONE', *, *, #1892, .F. ) ;
#1383 = MANIFOLD_SOLID_BREP ( 'Boss-Extrude2', #319 ) ;
#1384 = CARTESIAN_POINT ( 'NONE',  ( 0.0000000000000000000, 4.555234924505374000, -1.684658307492539900 ) ) ;
#1385 = ADVANCED_FACE ( 'NONE', ( #2147 ), #828, .F. ) ;
#1386 = VERTEX_POINT ( 'NONE', #2962 ) ;
#1387 = EDGE_CURVE ( 'NONE', #1602, #967, #745, .T. ) ;
#1388 = PLANE ( 'NONE',  #2050 ) ;
#1389 = DIRECTION ( 'NONE',  ( -0.0000000000000000000, -0.0000000000000000000, 1.000000000000000000 ) ) ;
#1390 = ORIENTED_EDGE ( 'NONE', *, *, #276, .T. ) ;
#1391 = DIRECTION ( 'NONE',  ( 0.0000000000000000000, 1.000000000000000000, 0.0000000000000000000 ) ) ;
#1392 = FILL_AREA_STYLE ('',( #2711 ) ) ;
#1393 = VERTEX_POINT ( 'NONE', #4020 ) ;
#1394 = CARTESIAN_POINT ( 'NONE',  ( 1.200000000000000000, 5.799999999999999800, -1.200000000000000600 ) ) ;
#1395 = CARTESIAN_POINT ( 'NONE',  ( -2.199999999999999300, 3.725000000000002800, 2.199999999999999700 ) ) ;
#1396 = CIRCLE ( 'NONE', #3209, 0.2000000000000000900 ) ;
#1397 = ORIENTED_EDGE ( 'NONE', *, *, #3681, .F. ) ;
#1398 = EDGE_CURVE ( 'NONE', #3413, #586, #3217, .T. ) ;
#1399 = LINE ( 'NONE', #2208, #4356 ) ;
#1400 = LINE ( 'NONE', #1462, #1458 ) ;
#1401 = EDGE_LOOP ( 'NONE', ( #1362, #3778, #3264, #1779 ) ) ;
#1402 = CARTESIAN_POINT ( 'NONE',  ( 0.0000000000000000000, 5.799999999999999800, 0.0000000000000000000 ) ) ;
#1403 = LINE ( 'NONE', #2873, #2044 ) ;
#1404 = CARTESIAN_POINT ( 'NONE',  ( -5.000000000000000000, 0.0000000000000000000, -1.899999999999999700 ) ) ;
#1405 = CIRCLE ( 'NONE', #598, 0.2500000000000002200 ) ;
#1406 = AXIS2_PLACEMENT_3D ( 'NONE', #660, #4450, #644 ) ;
#1407 = ADVANCED_FACE ( 'NONE', ( #4078 ), #4405, .T. ) ;
#1408 = EDGE_CURVE ( 'NONE', #4301, #4309, #1238, .T. ) ;
#1409 = VECTOR ( 'NONE', #4235, 1000.000000000000000 ) ;
#1410 = VECTOR ( 'NONE', #1816, 1000.000000000000000 ) ;
#1411 = EDGE_LOOP ( 'NONE', ( #2970, #2883, #1855, #2031 ) ) ;
#1412 = LINE ( 'NONE', #2619, #1776 ) ;
#1413 = DIRECTION ( 'NONE',  ( -0.0000000000000000000, -1.000000000000000000, -0.0000000000000000000 ) ) ;
#1414 = CIRCLE ( 'NONE', #1298, 0.3749999999999990600 ) ;
#1415 = ORIENTED_EDGE ( 'NONE', *, *, #3619, .T. ) ;
#1416 = FACE_OUTER_BOUND ( 'NONE', #876, .T. ) ;
#1417 = EDGE_CURVE ( 'NONE', #3042, #109, #1348, .T. ) ;
#1418 = VERTEX_POINT ( 'NONE', #258 ) ;
#1419 = CARTESIAN_POINT ( 'NONE',  ( -3.420577136594011900, 0.9499999999999995100, -1.899999999999999700 ) ) ;
#1420 = CARTESIAN_POINT ( 'NONE',  ( 3.000000000000000000, -8.485281374238571300, -2.749999999999999100 ) ) ;
#1421 = DIRECTION ( 'NONE',  ( 0.0000000000000000000, 0.0000000000000000000, -1.000000000000000000 ) ) ;
#1422 = AXIS2_PLACEMENT_3D ( 'NONE', #3089, #2084, #1424 ) ;
#1423 = EDGE_LOOP ( 'NONE', ( #27, #763, #3327, #3267 ) ) ;
#1424 = DIRECTION ( 'NONE',  ( 0.0000000000000000000, 0.0000000000000000000, 1.000000000000000000 ) ) ;
#1425 = CARTESIAN_POINT ( 'NONE',  ( 2.199999999999999300, 3.400000000000000400, 2.574999999999999700 ) ) ;
#1426 = ORIENTED_EDGE ( 'NONE', *, *, #172, .T. ) ;
#1427 = CARTESIAN_POINT ( 'NONE',  ( -4.200000000000000200, 0.2999999999999999900, 2.600000000000000100 ) ) ;
#1428 = ADVANCED_FACE ( 'NONE', ( #3064 ), #4222, .T. ) ;
#1429 = ORIENTED_EDGE ( 'NONE', *, *, #2597, .T. ) ;
#1430 = EDGE_LOOP ( 'NONE', ( #2612, #2990, #154, #1381 ) ) ;
#1431 = AXIS2_PLACEMENT_3D ( 'NONE', #216, #1227, #3956 ) ;
#1432 = ORIENTED_EDGE ( 'NONE', *, *, #346, .F. ) ;
#1433 = EDGE_CURVE ( 'NONE', #3732, #1418, #1715, .T. ) ;
#1434 = EDGE_LOOP ( 'NONE', ( #2879, #776 ) ) ;
#1435 = CARTESIAN_POINT ( 'NONE',  ( -1.200000000000000000, 7.400000000000000400, 1.199999999999999700 ) ) ;
#1436 = ORIENTED_EDGE ( 'NONE', *, *, #1064, .F. ) ;
#1437 = DIRECTION ( 'NONE',  ( -1.000000000000000000, 0.0000000000000000000, 0.0000000000000000000 ) ) ;
#1438 = ORIENTED_EDGE ( 'NONE', *, *, #717, .T. ) ;
#1439 = MECHANICAL_DESIGN_GEOMETRIC_PRESENTATION_REPRESENTATION (  '', ( #487 ), #522 ) ;
#1440 = EDGE_CURVE ( 'NONE', #2494, #3983, #3429, .T. ) ;
#1441 = DIRECTION ( 'NONE',  ( -1.000000000000000000, 0.0000000000000000000, 0.0000000000000000000 ) ) ;
#1442 = ORIENTED_EDGE ( 'NONE', *, *, #346, .T. ) ;
#1443 = PLANE ( 'NONE',  #1526 ) ;
#1444 = DIRECTION ( 'NONE',  ( -0.0000000000000000000, -0.0000000000000000000, 1.000000000000000000 ) ) ;
#1445 = ORIENTED_EDGE ( 'NONE', *, *, #2985, .F. ) ;
#1446 = MECHANICAL_DESIGN_GEOMETRIC_PRESENTATION_REPRESENTATION (  '', ( #994 ), #3741 ) ;
#1447 = CARTESIAN_POINT ( 'NONE',  ( 2.199999999999999300, 3.400000000000000400, -2.574999999999999700 ) ) ;
#1448 = VECTOR ( 'NONE', #2583, 1000.000000000000000 ) ;
#1449 = CARTESIAN_POINT ( 'NONE',  ( -3.000000000000000400, 1.000000000000000000, 1.899999999999999700 ) ) ;
#1450 = DIRECTION ( 'NONE',  ( -0.0000000000000000000, 1.000000000000000000, -0.0000000000000000000 ) ) ;
#1451 = EDGE_LOOP ( 'NONE', ( #2759, #4014, #1805, #3457 ) ) ;
#1452 = VECTOR ( 'NONE', #1444, 1000.000000000000000 ) ;
#1453 = CYLINDRICAL_SURFACE ( 'NONE', #3841, 0.3749999999999994400 ) ;
#1454 = ADVANCED_FACE ( 'NONE', ( #3485 ), #3318, .F. ) ;
#1455 = VECTOR ( 'NONE', #2402, 1000.000000000000000 ) ;
#1456 = CARTESIAN_POINT ( 'NONE',  ( -3.333974596215567600, 0.9000000000000000200, 2.600000000000000100 ) ) ;
#1457 = CARTESIAN_POINT ( 'NONE',  ( 3.000000000000000000, 0.5000000000000000000, 1.450000000000001100 ) ) ;
#1458 = VECTOR ( 'NONE', #3202, 1000.000000000000000 ) ;
#1459 = VECTOR ( 'NONE', #3346, 1000.000000000000000 ) ;
#1460 = FACE_OUTER_BOUND ( 'NONE', #1005, .T. ) ;
#1461 = CARTESIAN_POINT ( 'NONE',  ( 3.000000000000000000, 3.400000000000000400, -2.749999999999999100 ) ) ;
#1462 = CARTESIAN_POINT ( 'NONE',  ( 4.200000000000000200, 0.2999999999999999900, 2.600000000000000100 ) ) ;
#1463 = DIRECTION ( 'NONE',  ( -0.0000000000000000000, 0.0000000000000000000, -1.000000000000000000 ) ) ;
#1464 = LINE ( 'NONE', #3716, #390 ) ;
#1465 = ORIENTED_EDGE ( 'NONE', *, *, #3435, .T. ) ;
#1466 = CYLINDRICAL_SURFACE ( 'NONE', #2909, 0.3999999999999997400 ) ;
#1467 = AXIS2_PLACEMENT_3D ( 'NONE', #211, #3650, #2037 ) ;
#1468 = EDGE_CURVE ( 'NONE', #510, #1918, #2373, .T. ) ;
#1469 = DIRECTION ( 'NONE',  ( 0.0000000000000000000, 0.0000000000000000000, -1.000000000000000000 ) ) ;
#1470 = ORIENTED_EDGE ( 'NONE', *, *, #1269, .F. ) ;
#1471 = LINE ( 'NONE', #720, #939 ) ;
#1472 = EDGE_CURVE ( 'NONE', #521, #2448, #2420, .T. ) ;
#1473 = EDGE_LOOP ( 'NONE', ( #4213, #3302, #462, #3111 ) ) ;
#1474 = ADVANCED_FACE ( 'NONE', ( #3276 ), #2017, .F. ) ;
#1475 = CARTESIAN_POINT ( 'NONE',  ( -3.000000000000000400, 1.300000000000000000, -1.899999999999999700 ) ) ;
#1476 = DIRECTION ( 'NONE',  ( 1.000000000000000000, 0.0000000000000000000, 0.0000000000000000000 ) ) ;
#1477 = ORIENTED_EDGE ( 'NONE', *, *, #4276, .F. ) ;
#1478 = PLANE ( 'NONE',  #424 ) ;
#1479 = AXIS2_PLACEMENT_3D ( 'NONE', #2479, #3208, #421 ) ;
#1480 = ORIENTED_EDGE ( 'NONE', *, *, #1892, .T. ) ;
#1481 = EDGE_LOOP ( 'NONE', ( #1003, #431, #3632, #3087 ) ) ;
#1482 = DIRECTION ( 'NONE',  ( 0.0000000000000000000, -1.000000000000000000, 0.0000000000000000000 ) ) ;
#1483 = EDGE_CURVE ( 'NONE', #3781, #3874, #855, .T. ) ;
#1484 = ORIENTED_EDGE ( 'NONE', *, *, #551, .F. ) ;
#1485 = LINE ( 'NONE', #3730, #4328 ) ;
#1486 = ORIENTED_EDGE ( 'NONE', *, *, #2321, .T. ) ;
#1487 = DIRECTION ( 'NONE',  ( -0.0000000000000000000, -1.000000000000000000, -0.0000000000000000000 ) ) ;
#1488 = ORIENTED_EDGE ( 'NONE', *, *, #609, .T. ) ;
#1489 = CARTESIAN_POINT ( 'NONE',  ( -4.113397459621556800, 0.3500000000000005300, 2.600000000000000100 ) ) ;
#1490 = MECHANICAL_DESIGN_GEOMETRIC_PRESENTATION_REPRESENTATION (  '', ( #2562 ), #4396 ) ;
#1491 = EDGE_CURVE ( 'NONE', #2911, #1929, #315, .T. ) ;
#1492 = EDGE_LOOP ( 'NONE', ( #2022, #4443, #4108, #623 ) ) ;
#1493 = ADVANCED_FACE ( 'NONE', ( #2953 ), #2524, .T. ) ;
#1494 = DIRECTION ( 'NONE',  ( 0.0000000000000000000, 1.000000000000000000, 0.0000000000000000000 ) ) ;
#1495 = ORIENTED_EDGE ( 'NONE', *, *, #789, .F. ) ;
#1496 = DIRECTION ( 'NONE',  ( -0.0000000000000000000, -1.000000000000000000, -0.0000000000000000000 ) ) ;
#1497 = EDGE_CURVE ( 'NONE', #3683, #3964, #1877, .T. ) ;
#1498 = ORIENTED_EDGE ( 'NONE', *, *, #2314, .T. ) ;
#1499 = VECTOR ( 'NONE', #297, 1000.000000000000000 ) ;
#1500 = LINE ( 'NONE', #678, #209 ) ;
#1501 = AXIS2_PLACEMENT_3D ( 'NONE', #2497, #1150, #1117 ) ;
#1502 = CARTESIAN_POINT ( 'NONE',  ( -2.199999999999999300, 3.725000000000002800, 2.199999999999999700 ) ) ;
#1503 = ORIENTED_EDGE ( 'NONE', *, *, #3887, .F. ) ;
#1504 = CARTESIAN_POINT ( 'NONE',  ( -2.500000000000000000, 0.1000000000000000100, -3.000000000000000900 ) ) ;
#1505 = FACE_OUTER_BOUND ( 'NONE', #1423, .T. ) ;
#1506 = VECTOR ( 'NONE', #4027, 1000.000000000000000 ) ;
#1507 = LINE ( 'NONE', #955, #1754 ) ;
#1508 = LINE ( 'NONE', #3969, #2429 ) ;
#1509 = STYLED_ITEM ( 'NONE', ( #4074 ), #3114 ) ;
#1510 = CIRCLE ( 'NONE', #4265, 0.3749999999999998900 ) ;
#1511 = DIRECTION ( 'NONE',  ( 0.0000000000000000000, -0.0000000000000000000, -1.000000000000000000 ) ) ;
#1512 = CARTESIAN_POINT ( 'NONE',  ( 1.350000000000000100, -0.4999999999999994400, 3.000000000000000400 ) ) ;
#1513 = CIRCLE ( 'NONE', #1940, 0.3749999999999990600 ) ;
#1514 = ORIENTED_EDGE ( 'NONE', *, *, #2285, .F. ) ;
#1515 = LINE ( 'NONE', #920, #1625 ) ;
#1516 = DIRECTION ( 'NONE',  ( 0.0000000000000000000, 0.0000000000000000000, 1.000000000000000000 ) ) ;
#1517 = ADVANCED_FACE ( 'NONE', ( #94 ), #968, .F. ) ;
#1518 = EDGE_CURVE ( 'NONE', #3526, #15, #42, .T. ) ;
#1519 = UNCERTAINTY_MEASURE_WITH_UNIT (LENGTH_MEASURE( 1.000000000000000100E-005 ), #4160, 'distance_accuracy_value', 'NONE');
#1520 = CYLINDRICAL_SURFACE ( 'NONE', #3530, 0.2000000000000000900 ) ;
#1521 = LINE ( 'NONE', #3344, #2861 ) ;
#1522 = VERTEX_POINT ( 'NONE', #632 ) ;
#1523 = CIRCLE ( 'NONE', #1501, 0.2499999999999993600 ) ;
#1524 = FILL_AREA_STYLE_COLOUR ( '', #976 ) ;
#1525 = ORIENTED_EDGE ( 'NONE', *, *, #4054, .F. ) ;
#1526 = AXIS2_PLACEMENT_3D ( 'NONE', #762, #3169, #2848 ) ;
#1527 = DIRECTION ( 'NONE',  ( -1.000000000000000000, 0.0000000000000000000, 0.0000000000000000000 ) ) ;
#1528 = EDGE_CURVE ( 'NONE', #1173, #786, #1668, .T. ) ;
#1529 = DIRECTION ( 'NONE',  ( -1.000000000000000000, 6.492722409255913900E-016, 0.0000000000000000000 ) ) ;
#1530 = DIRECTION ( 'NONE',  ( -0.0000000000000000000, -0.0000000000000000000, -1.000000000000000000 ) ) ;
#1531 = EDGE_LOOP ( 'NONE', ( #57, #4067, #1742, #1126 ) ) ;
#1532 = EDGE_CURVE ( 'NONE', #2684, #962, #4447, .T. ) ;
#1533 = CARTESIAN_POINT ( 'NONE',  ( -3.333974596215567600, 0.9000000000000000200, -2.600000000000000100 ) ) ;
#1534 = CLOSED_SHELL ( 'NONE', ( #275, #3495, #2703, #3248, #4122, #483, #180, #1067, #2867, #2760, #2318, #1563, #3848, #4204 ) ) ;
#1535 = CARTESIAN_POINT ( 'NONE',  ( 3.000000000000000000, 0.09999999999999939500, -1.450000000000001100 ) ) ;
#1536 = DIRECTION ( 'NONE',  ( 0.0000000000000000000, 1.000000000000000000, 0.0000000000000000000 ) ) ;
#1537 = ORIENTED_EDGE ( 'NONE', *, *, #3560, .F. ) ;
#1538 = PLANE ( 'NONE',  #1743 ) ;
#1539 = ORIENTED_EDGE ( 'NONE', *, *, #1843, .T. ) ;
#1540 = DIRECTION ( 'NONE',  ( 0.0000000000000000000, 0.0000000000000000000, 1.000000000000000000 ) ) ;
#1541 = CIRCLE ( 'NONE', #2312, 0.3749999999999998900 ) ;
#1542 = ORIENTED_EDGE ( 'NONE', *, *, #1375, .F. ) ;
#1543 = ORIENTED_EDGE ( 'NONE', *, *, #868, .F. ) ;
#1544 = DIRECTION ( 'NONE',  ( 0.0000000000000000000, 0.0000000000000000000, -1.000000000000000000 ) ) ;
#1545 = DIRECTION ( 'NONE',  ( -1.000000000000000000, 0.0000000000000000000, 1.548860246407863600E-016 ) ) ;
#1546 = ORIENTED_EDGE ( 'NONE', *, *, #1806, .T. ) ;
#1547 = CARTESIAN_POINT ( 'NONE',  ( -2.750000000000000900, 0.5000000000000000000, 3.000000000000000900 ) ) ;
#1548 = ORIENTED_EDGE ( 'NONE', *, *, #1998, .T. ) ;
#1549 = DIRECTION ( 'NONE',  ( 0.0000000000000000000, 0.0000000000000000000, -1.000000000000000000 ) ) ;
#1550 = AXIS2_PLACEMENT_3D ( 'NONE', #954, #3038, #1674 ) ;
#1551 = EDGE_CURVE ( 'NONE', #3688, #3308, #1606, .T. ) ;
#1552 = CARTESIAN_POINT ( 'NONE',  ( -4.200000000000000200, 0.0000000000000000000, 1.899999999999999700 ) ) ;
#1553 = VERTEX_POINT ( 'NONE', #3706 ) ;
#1554 = CYLINDRICAL_SURFACE ( 'NONE', #819, 0.3749999999999998900 ) ;
#1555 = DIRECTION ( 'NONE',  ( -0.0000000000000000000, -0.0000000000000000000, -1.000000000000000000 ) ) ;
#1556 = DIRECTION ( 'NONE',  ( 0.0000000000000000000, 1.000000000000000000, -0.0000000000000000000 ) ) ;
#1557 = VERTEX_POINT ( 'NONE', #330 ) ;
#1558 = EDGE_CURVE ( 'NONE', #1951, #2400, #591, .T. ) ;
#1559 = CIRCLE ( 'NONE', #857, 0.4000000000000001900 ) ;
#1560 = FACE_OUTER_BOUND ( 'NONE', #1473, .T. ) ;
#1561 = SURFACE_STYLE_FILL_AREA ( #1176 ) ;
#1562 = DIRECTION ( 'NONE',  ( -0.0000000000000000000, 1.000000000000000000, -0.0000000000000000000 ) ) ;
#1563 = ADVANCED_FACE ( 'NONE', ( #4124 ), #3719, .F. ) ;
#1564 = CIRCLE ( 'NONE', #4220, 0.3749999999999998900 ) ;
#1565 = LINE ( 'NONE', #3113, #4127 ) ;
#1566 = AXIS2_PLACEMENT_3D ( 'NONE', #4354, #3978, #2654 ) ;
#1567 = PLANE ( 'NONE',  #3944 ) ;
#1568 = CARTESIAN_POINT ( 'NONE',  ( 0.0000000000000000000, 3.400000000000000400, -0.8499999999999999800 ) ) ;
#1569 = FACE_OUTER_BOUND ( 'NONE', #1847, .T. ) ;
#1570 = DIRECTION ( 'NONE',  ( 0.0000000000000000000, 0.0000000000000000000, 1.000000000000000000 ) ) ;
#1571 = FACE_OUTER_BOUND ( 'NONE', #4073, .T. ) ;
#1572 = AXIS2_PLACEMENT_3D ( 'NONE', #1848, #3262, #2548 ) ;
#1573 = VECTOR ( 'NONE', #2986, 1000.000000000000000 ) ;
#1574 = ORIENTED_EDGE ( 'NONE', *, *, #436, .T. ) ;
#1575 = DIRECTION ( 'NONE',  ( 0.0000000000000000000, 0.0000000000000000000, 1.000000000000000000 ) ) ;
#1576 = CARTESIAN_POINT ( 'NONE',  ( 1.350000000000000100, 0.1000000000000000100, 0.0000000000000000000 ) ) ;
#1577 = CARTESIAN_POINT ( 'NONE',  ( 3.333974596215567600, 1.000000000000000200, 2.600000000000000100 ) ) ;
#1578 = EDGE_LOOP ( 'NONE', ( #3342, #3522, #4203, #3542 ) ) ;
#1579 = CIRCLE ( 'NONE', #1218, 0.1499999999999999700 ) ;
#1580 = EDGE_CURVE ( 'NONE', #1702, #4318, #642, .T. ) ;
#1581 = PLANE ( 'NONE',  #2695 ) ;
#1582 = CARTESIAN_POINT ( 'NONE',  ( 3.000000000000000400, 1.000000000000000000, -2.600000000000000100 ) ) ;
#1583 = ORIENTED_EDGE ( 'NONE', *, *, #2410, .T. ) ;
#1584 = DIRECTION ( 'NONE',  ( -1.000000000000000000, 0.0000000000000000000, 0.0000000000000000000 ) ) ;
#1585 = CARTESIAN_POINT ( 'NONE',  ( 3.000000000000000400, 1.000000000000000000, -1.899999999999999700 ) ) ;
#1586 = DIRECTION ( 'NONE',  ( 0.0000000000000000000, 1.000000000000000000, 0.0000000000000000000 ) ) ;
#1587 = ADVANCED_FACE ( 'NONE', ( #4287 ), #1453, .T. ) ;
#1588 = EDGE_CURVE ( 'NONE', #728, #4137, #2039, .T. ) ;
#1589 = ORIENTED_EDGE ( 'NONE', *, *, #2168, .F. ) ;
#1590 = DIRECTION ( 'NONE',  ( -1.577021341797097800E-016, 0.0000000000000000000, -1.000000000000000000 ) ) ;
#1591 = PLANE ( 'NONE',  #978 ) ;
#1592 = CARTESIAN_POINT ( 'NONE',  ( 4.200000000000000200, 1.626303258728256700E-016, 1.899999999999999700 ) ) ;
#1593 = ORIENTED_EDGE ( 'NONE', *, *, #3945, .F. ) ;
#1594 = ORIENTED_EDGE ( 'NONE', *, *, #3011, .T. ) ;
#1595 = EDGE_LOOP ( 'NONE', ( #1707, #2343, #514, #66 ) ) ;
#1596 = ORIENTED_EDGE ( 'NONE', *, *, #933, .T. ) ;
#1597 = DIRECTION ( 'NONE',  ( -1.000000000000000000, 0.0000000000000000000, 0.0000000000000000000 ) ) ;
#1598 = ORIENTED_EDGE ( 'NONE', *, *, #2967, .T. ) ;
#1599 = ORIENTED_EDGE ( 'NONE', *, *, #3219, .F. ) ;
#1600 = AXIS2_PLACEMENT_3D ( 'NONE', #1230, #1556, #2905 ) ;
#1601 = DIRECTION ( 'NONE',  ( -0.0000000000000000000, -1.000000000000000000, -0.0000000000000000000 ) ) ;
#1602 = VERTEX_POINT ( 'NONE', #1369 ) ;
#1603 = DIRECTION ( 'NONE',  ( -1.000000000000000000, 0.0000000000000000000, 1.548860246407863600E-016 ) ) ;
#1604 = DIRECTION ( 'NONE',  ( 0.0000000000000000000, 0.0000000000000000000, 1.000000000000000000 ) ) ;
#1605 = ORIENTED_EDGE ( 'NONE', *, *, #4087, .T. ) ;
#1606 = CIRCLE ( 'NONE', #1268, 0.3749999999999990600 ) ;
#1607 = AXIS2_PLACEMENT_3D ( 'NONE', #2784, #3825, #82 ) ;
#1608 = CYLINDRICAL_SURFACE ( 'NONE', #3407, 0.8499999999999999800 ) ;
#1609 = EDGE_CURVE ( 'NONE', #1273, #2230, #1128, .T. ) ;
#1610 = CARTESIAN_POINT ( 'NONE',  ( -1.399999999999999900, 7.400000000000000400, -1.200000000000000200 ) ) ;
#1611 = DIRECTION ( 'NONE',  ( -0.0000000000000000000, -1.000000000000000000, -0.0000000000000000000 ) ) ;
#1612 = CARTESIAN_POINT ( 'NONE',  ( 2.574999999999998400, 3.725000000000002800, 2.199999999999999700 ) ) ;
#1613 = ORIENTED_EDGE ( 'NONE', *, *, #600, .F. ) ;
#1614 = SPHERICAL_SURFACE ( 'NONE', #845, 0.3749999999999988300 ) ;
#1615 = DIRECTION ( 'NONE',  ( 0.0000000000000000000, 0.0000000000000000000, -1.000000000000000000 ) ) ;
#1616 = DIRECTION ( 'NONE',  ( 1.000000000000000000, 0.0000000000000000000, 0.0000000000000000000 ) ) ;
#1617 = LINE ( 'NONE', #3460, #3659 ) ;
#1618 = EDGE_CURVE ( 'NONE', #3076, #1929, #3749, .T. ) ;
#1619 = FACE_BOUND ( 'NONE', #2591, .T. ) ;
#1620 = LINE ( 'NONE', #511, #866 ) ;
#1621 = DIRECTION ( 'NONE',  ( -0.0000000000000000000, 0.0000000000000000000, 1.000000000000000000 ) ) ;
#1622 = FACE_OUTER_BOUND ( 'NONE', #901, .T. ) ;
#1623 = AXIS2_PLACEMENT_3D ( 'NONE', #4090, #17, #371 ) ;
#1624 = VERTEX_POINT ( 'NONE', #2906 ) ;
#1625 = VECTOR ( 'NONE', #3695, 1000.000000000000000 ) ;
#1626 = CARTESIAN_POINT ( 'NONE',  ( -2.750000000000000000, 3.400000000000000400, -2.749999999999999100 ) ) ;
#1627 = CARTESIAN_POINT ( 'NONE',  ( 3.000000000000000400, 1.300000000000000000, -2.600000000000000100 ) ) ;
#1628 = VECTOR ( 'NONE', #25, 1000.000000000000000 ) ;
#1629 = EDGE_LOOP ( 'NONE', ( #3053, #203, #1908, #2463 ) ) ;
#1630 = FACE_OUTER_BOUND ( 'NONE', #2768, .T. ) ;
#1631 = EDGE_CURVE ( 'NONE', #2595, #2802, #4178, .T. ) ;
#1632 = CARTESIAN_POINT ( 'NONE',  ( -4.200000000000000200, 0.2999999999999999900, -2.600000000000000100 ) ) ;
#1633 = DIRECTION ( 'NONE',  ( -1.000000000000000000, 0.0000000000000000000, -1.577021341797097300E-016 ) ) ;
#1634 = EDGE_LOOP ( 'NONE', ( #3938, #2042, #2523, #3451 ) ) ;
#1635 = CARTESIAN_POINT ( 'NONE',  ( -2.199999999999999300, 3.725000000000002800, 1.825000000000000600 ) ) ;
#1636 = VERTEX_POINT ( 'NONE', #2557 ) ;
#1637 = PRESENTATION_LAYER_ASSIGNMENT (  '', '', ( #2869 ) ) ;
#1638 = EDGE_CURVE ( 'NONE', #3603, #2934, #1559, .T. ) ;
#1639 = DIRECTION ( 'NONE',  ( -0.0000000000000000000, -0.0000000000000000000, 1.000000000000000000 ) ) ;
#1640 = CARTESIAN_POINT ( 'NONE',  ( 3.680384757729344300, 1.099999999999998100, 1.899999999999999700 ) ) ;
#1641 = EDGE_LOOP ( 'NONE', ( #3561, #2866, #2459, #34 ) ) ;
#1642 = CARTESIAN_POINT ( 'NONE',  ( -1.200000000000000000, 1.840202025355333300, -1.200000000000000200 ) ) ;
#1643 = EDGE_CURVE ( 'NONE', #2738, #3512, #1026, .T. ) ;
#1644 = ORIENTED_EDGE ( 'NONE', *, *, #3537, .T. ) ;
#1645 = PRESENTATION_STYLE_ASSIGNMENT (( #3164 ) ) ;
#1646 = DIRECTION ( 'NONE',  ( 1.000000000000000000, -0.0000000000000000000, -0.0000000000000000000 ) ) ;
#1647 = ORIENTED_EDGE ( 'NONE', *, *, #1703, .T. ) ;
#1648 = FACE_OUTER_BOUND ( 'NONE', #1709, .T. ) ;
#1649 = EDGE_LOOP ( 'NONE', ( #2508, #164 ) ) ;
#1650 = DIRECTION ( 'NONE',  ( -0.0000000000000000000, 1.000000000000000000, -0.0000000000000000000 ) ) ;
#1651 = AXIS2_PLACEMENT_3D ( 'NONE', #2891, #588, #1937 ) ;
#1652 = EDGE_LOOP ( 'NONE', ( #563, #375, #1295, #469 ) ) ;
#1653 = SURFACE_STYLE_USAGE ( .BOTH. , #3680 ) ;
#1654 = DIRECTION ( 'NONE',  ( -0.0000000000000000000, 0.0000000000000000000, -1.000000000000000000 ) ) ;
#1655 = DIRECTION ( 'NONE',  ( 0.0000000000000000000, -0.0000000000000000000, -1.000000000000000000 ) ) ;
#1656 = DIRECTION ( 'NONE',  ( 0.0000000000000000000, 0.0000000000000000000, -1.000000000000000000 ) ) ;
#1657 = ADVANCED_FACE ( 'NONE', ( #2785 ), #2264, .T. ) ;
#1658 = ORIENTED_EDGE ( 'NONE', *, *, #1618, .F. ) ;
#1659 = VECTOR ( 'NONE', #2115, 1000.000000000000000 ) ;
#1660 = DIRECTION ( 'NONE',  ( 1.000000000000000000, 0.0000000000000000000, 0.0000000000000000000 ) ) ;
#1661 = ORIENTED_EDGE ( 'NONE', *, *, #3421, .T. ) ;
#1662 = FACE_OUTER_BOUND ( 'NONE', #4432, .T. ) ;
#1663 = AXIS2_PLACEMENT_3D ( 'NONE', #167, #1494, #4259 ) ;
#1664 = EDGE_CURVE ( 'NONE', #77, #1199, #973, .T. ) ;
#1665 = CARTESIAN_POINT ( 'NONE',  ( -2.199999999999999300, 3.725000000000002800, -2.199999999999999700 ) ) ;
#1666 = VERTEX_POINT ( 'NONE', #3988 ) ;
#1667 = LINE ( 'NONE', #748, #1452 ) ;
#1668 = LINE ( 'NONE', #2058, #1499 ) ;
#1669 = VECTOR ( 'NONE', #1247, 1000.000000000000000 ) ;
#1670 = FACE_BOUND ( 'NONE', #3394, .T. ) ;
#1671 = CARTESIAN_POINT ( 'NONE',  ( 3.333974596215567600, 0.9000000000000000200, 2.600000000000000100 ) ) ;
#1672 = DIRECTION ( 'NONE',  ( -1.000000000000000000, 0.0000000000000000000, 0.0000000000000000000 ) ) ;
#1673 = AXIS2_PLACEMENT_3D ( 'NONE', #1456, #758, #4190 ) ;
#1674 = DIRECTION ( 'NONE',  ( 0.0000000000000000000, 0.0000000000000000000, -1.000000000000000000 ) ) ;
#1675 = EDGE_LOOP ( 'NONE', ( #1484, #906, #303, #3254 ) ) ;
#1676 = DIRECTION ( 'NONE',  ( 1.000000000000000000, 0.0000000000000000000, 0.0000000000000000000 ) ) ;
#1677 = VECTOR ( 'NONE', #4246, 1000.000000000000000 ) ;
#1678 = FACE_OUTER_BOUND ( 'NONE', #1091, .T. ) ;
#1679 = ORIENTED_EDGE ( 'NONE', *, *, #3887, .T. ) ;
#1680 = DIRECTION ( 'NONE',  ( -0.0000000000000000000, -0.0000000000000000000, 1.000000000000000000 ) ) ;
#1681 = DIRECTION ( 'NONE',  ( 1.000000000000000000, 0.0000000000000000000, 0.0000000000000000000 ) ) ;
#1682 = LINE ( 'NONE', #239, #871 ) ;
#1683 = ADVANCED_FACE ( 'NONE', ( #2698 ), #687, .T. ) ;
#1684 = DIRECTION ( 'NONE',  ( -0.0000000000000000000, -0.0000000000000000000, -1.000000000000000000 ) ) ;
#1685 = CIRCLE ( 'NONE', #2175, 0.3749999999999990600 ) ;
#1686 = CARTESIAN_POINT ( 'NONE',  ( 0.0000000000000000000, 3.400000000000000400, 0.0000000000000000000 ) ) ;
#1687 = ORIENTED_EDGE ( 'NONE', *, *, #1491, .F. ) ;
#1688 = LINE ( 'NONE', #853, #4042 ) ;
#1689 = AXIS2_PLACEMENT_3D ( 'NONE', #33, #4116, #2065 ) ;
#1690 = EDGE_LOOP ( 'NONE', ( #87, #1121, #1693, #1962 ) ) ;
#1691 = ORIENTED_EDGE ( 'NONE', *, *, #2457, .T. ) ;
#1692 = CARTESIAN_POINT ( 'NONE',  ( -1.200000000000000000, 7.400000000000000400, 1.199999999999999700 ) ) ;
#1693 = ORIENTED_EDGE ( 'NONE', *, *, #2870, .T. ) ;
#1694 = DIRECTION ( 'NONE',  ( 0.0000000000000000000, 0.0000000000000000000, -1.000000000000000000 ) ) ;
#1695 = PRESENTATION_LAYER_ASSIGNMENT (  '', '', ( #2562 ) ) ;
#1696 = ORIENTED_EDGE ( 'NONE', *, *, #3626, .T. ) ;
#1697 = EDGE_CURVE ( 'NONE', #3320, #2038, #1767, .T. ) ;
#1698 = ORIENTED_EDGE ( 'NONE', *, *, #3822, .F. ) ;
#1699 = DIRECTION ( 'NONE',  ( 0.0000000000000000000, -1.000000000000000000, 0.0000000000000000000 ) ) ;
#1700 = ADVANCED_FACE ( 'NONE', ( #3539 ), #309, .T. ) ;
#1701 = ORIENTED_EDGE ( 'NONE', *, *, #890, .F. ) ;
#1702 = VERTEX_POINT ( 'NONE', #306 ) ;
#1703 = EDGE_CURVE ( 'NONE', #2638, #3713, #913, .T. ) ;
#1704 = DIRECTION ( 'NONE',  ( 1.000000000000000000, 0.0000000000000000000, 0.0000000000000000000 ) ) ;
#1705 = ORIENTED_EDGE ( 'NONE', *, *, #3537, .F. ) ;
#1706 = PLANE ( 'NONE',  #1689 ) ;
#1707 = ORIENTED_EDGE ( 'NONE', *, *, #3698, .F. ) ;
#1708 = DIRECTION ( 'NONE',  ( 0.0000000000000000000, 0.0000000000000000000, -1.000000000000000000 ) ) ;
#1709 = EDGE_LOOP ( 'NONE', ( #2019, #1432, #1106, #631 ) ) ;
#1710 = DIRECTION ( 'NONE',  ( 0.0000000000000000000, 0.0000000000000000000, 1.000000000000000000 ) ) ;
#1711 = CARTESIAN_POINT ( 'NONE',  ( 1.399999999999999900, 1.840202025355333300, -1.200000000000000600 ) ) ;
#1712 = CARTESIAN_POINT ( 'NONE',  ( 2.199999999999999300, 3.400000000000000400, -2.199999999999999700 ) ) ;
#1713 = EDGE_CURVE ( 'NONE', #4392, #3627, #2587, .T. ) ;
#1714 = VERTEX_POINT ( 'NONE', #326 ) ;
#1715 = LINE ( 'NONE', #2331, #543 ) ;
#1716 = LINE ( 'NONE', #3369, #96 ) ;
#1717 = DIRECTION ( 'NONE',  ( -1.000000000000000000, -0.0000000000000000000, -0.0000000000000000000 ) ) ;
#1718 = ORIENTED_EDGE ( 'NONE', *, *, #2337, .T. ) ;
#1719 = AXIS2_PLACEMENT_3D ( 'NONE', #1984, #1650, #996 ) ;
#1720 = ADVANCED_FACE ( 'NONE', ( #2949 ), #852, .T. ) ;
#1721 = FACE_OUTER_BOUND ( 'NONE', #2087, .T. ) ;
#1722 = EDGE_CURVE ( 'NONE', #2190, #237, #2322, .T. ) ;
#1723 = VECTOR ( 'NONE', #1476, 1000.000000000000000 ) ;
#1724 = DIRECTION ( 'NONE',  ( -0.0000000000000000000, -1.000000000000000000, 0.0000000000000000000 ) ) ;
#1725 = CIRCLE ( 'NONE', #3546, 0.1000000000000002600 ) ;
#1726 = LINE ( 'NONE', #2518, #808 ) ;
#1727 = CYLINDRICAL_SURFACE ( 'NONE', #1663, 0.2500000000000002200 ) ;
#1728 = CARTESIAN_POINT ( 'NONE',  ( 1.350000000000000100, 0.4999999999999993300, -2.999999999999999100 ) ) ;
#1729 = EDGE_CURVE ( 'NONE', #4137, #3192, #144, .T. ) ;
#1730 = LINE ( 'NONE', #3692, #3911 ) ;
#1731 = ORIENTED_EDGE ( 'NONE', *, *, #2122, .T. ) ;
#1732 = CIRCLE ( 'NONE', #905, 0.3749999999999994400 ) ;
#1733 = CARTESIAN_POINT ( 'NONE',  ( 2.750000000000000900, 3.700000000000000200, 2.750000000000000000 ) ) ;
#1734 = DIRECTION ( 'NONE',  ( 0.0000000000000000000, 0.0000000000000000000, -1.000000000000000000 ) ) ;
#1735 = CARTESIAN_POINT ( 'NONE',  ( 1.200000000000000000, 5.799999999999999800, 1.399999999999999200 ) ) ;
#1736 = CARTESIAN_POINT ( 'NONE',  ( -3.333974596215567600, 0.9000000000000000200, -2.600000000000000100 ) ) ;
#1737 = FACE_OUTER_BOUND ( 'NONE', #3686, .T. ) ;
#1738 = ORIENTED_EDGE ( 'NONE', *, *, #3646, .T. ) ;
#1739 = CIRCLE ( 'NONE', #2819, 0.2000000000000000900 ) ;
#1740 = CARTESIAN_POINT ( 'NONE',  ( 0.0000000000000000000, 4.555234924505374000, -1.684658307492539900 ) ) ;
#1741 = DIRECTION ( 'NONE',  ( 0.0000000000000000000, 0.0000000000000000000, 1.000000000000000000 ) ) ;
#1742 = ORIENTED_EDGE ( 'NONE', *, *, #2999, .T. ) ;
#1743 = AXIS2_PLACEMENT_3D ( 'NONE', #2204, #2915, #161 ) ;
#1744 = CARTESIAN_POINT ( 'NONE',  ( 3.000000000000000400, 1.300000000000000000, 1.899999999999999700 ) ) ;
#1745 = VERTEX_POINT ( 'NONE', #1735 ) ;
#1746 = ADVANCED_FACE ( 'NONE', ( #367 ), #1981, .F. ) ;
#1747 = DIRECTION ( 'NONE',  ( -1.000000000000000000, 0.0000000000000000000, 0.0000000000000000000 ) ) ;
#1748 = VERTEX_POINT ( 'NONE', #3864 ) ;
#1749 = AXIS2_PLACEMENT_3D ( 'NONE', #2887, #3564, #4247 ) ;
#1750 = EDGE_CURVE ( 'NONE', #237, #402, #2884, .T. ) ;
#1751 = ORIENTED_EDGE ( 'NONE', *, *, #4062, .F. ) ;
#1752 = LINE ( 'NONE', #1965, #2300 ) ;
#1753 = ORIENTED_EDGE ( 'NONE', *, *, #635, .T. ) ;
#1754 = VECTOR ( 'NONE', #3039, 1000.000000000000000 ) ;
#1755 = EDGE_CURVE ( 'NONE', #1199, #4056, #612, .T. ) ;
#1756 = EDGE_LOOP ( 'NONE', ( #3835, #3991, #3596, #177 ) ) ;
#1757 = CARTESIAN_POINT ( 'NONE',  ( 0.0000000000000000000, 4.700000000000000200, 0.0000000000000000000 ) ) ;
#1758 = EDGE_LOOP ( 'NONE', ( #2631, #1972, #3824, #4332 ) ) ;
#1759 = EDGE_CURVE ( 'NONE', #256, #1553, #2709, .T. ) ;
#1760 = DIRECTION ( 'NONE',  ( 0.0000000000000000000, -1.000000000000000000, 0.0000000000000000000 ) ) ;
#1761 = ORIENTED_EDGE ( 'NONE', *, *, #1729, .T. ) ;
#1762 = ADVANCED_FACE ( 'NONE', ( #710 ), #3499, .F. ) ;
#1763 = CARTESIAN_POINT ( 'NONE',  ( 3.000000000000000400, 1.300000000000000000, 1.899999999999999700 ) ) ;
#1764 = ORIENTED_EDGE ( 'NONE', *, *, #3842, .F. ) ;
#1765 = CARTESIAN_POINT ( 'NONE',  ( -3.000000000000000000, 0.5000000000000000000, -1.450000000000001100 ) ) ;
#1766 = ORIENTED_EDGE ( 'NONE', *, *, #107, .F. ) ;
#1767 = LINE ( 'NONE', #3684, #3649 ) ;
#1768 = LINE ( 'NONE', #2466, #692 ) ;
#1769 = CIRCLE ( 'NONE', #363, 0.2000000000000000900 ) ;
#1770 = CIRCLE ( 'NONE', #3971, 0.2000000000000000900 ) ;
#1771 = CARTESIAN_POINT ( 'NONE',  ( 5.000000000000000000, 0.2999999999999999900, 2.600000000000000100 ) ) ;
#1772 = VECTOR ( 'NONE', #1646, 1000.000000000000000 ) ;
#1773 = DIRECTION ( 'NONE',  ( 0.0000000000000000000, 0.0000000000000000000, -1.000000000000000000 ) ) ;
#1774 = EDGE_CURVE ( 'NONE', #2983, #4436, #3061, .T. ) ;
#1775 = LINE ( 'NONE', #3800, #983 ) ;
#1776 = VECTOR ( 'NONE', #3928, 1000.000000000000000 ) ;
#1777 = DIRECTION ( 'NONE',  ( 0.0000000000000000000, 0.0000000000000000000, 1.000000000000000000 ) ) ;
#1778 = FACE_OUTER_BOUND ( 'NONE', #3377, .T. ) ;
#1779 = ORIENTED_EDGE ( 'NONE', *, *, #2021, .T. ) ;
#1780 = LINE ( 'NONE', #4320, #3767 ) ;
#1781 = EDGE_CURVE ( 'NONE', #3964, #510, #1286, .T. ) ;
#1782 = ADVANCED_FACE ( 'NONE', ( #432 ), #2584, .T. ) ;
#1783 = EDGE_LOOP ( 'NONE', ( #3726, #1923, #1574, #287, #575, #3040, #450, #1691, #1986, #2528, #661, #2943 ) ) ;
#1784 = CARTESIAN_POINT ( 'NONE',  ( 3.000000000000000900, 3.400000000000000400, 2.750000000000000000 ) ) ;
#1785 = CARTESIAN_POINT ( 'NONE',  ( -5.000000000000000000, 0.2999999999999999900, 2.600000000000000100 ) ) ;
#1786 = AXIS2_PLACEMENT_3D ( 'NONE', #916, #628, #4383 ) ;
#1787 = ORIENTED_EDGE ( 'NONE', *, *, #3681, .T. ) ;
#1788 = CARTESIAN_POINT ( 'NONE',  ( 5.000000000000000000, 0.2999999999999999900, -1.899999999999999700 ) ) ;
#1789 = EDGE_LOOP ( 'NONE', ( #2569, #2405 ) ) ;
#1790 = CARTESIAN_POINT ( 'NONE',  ( -3.000000000000000000, 3.400000000000000400, 2.750000000000000000 ) ) ;
#1791 = CARTESIAN_POINT ( 'NONE',  ( 1.350000000000000100, 0.4999999999999993300, 3.000000000000000400 ) ) ;
#1792 = VERTEX_POINT ( 'NONE', #163 ) ;
#1793 = VERTEX_POINT ( 'NONE', #3306 ) ;
#1794 = DIRECTION ( 'NONE',  ( 0.0000000000000000000, 0.0000000000000000000, 1.000000000000000000 ) ) ;
#1795 = DIRECTION ( 'NONE',  ( 0.0000000000000000000, -1.000000000000000000, -0.0000000000000000000 ) ) ;
#1796 = DIRECTION ( 'NONE',  ( -1.000000000000000000, 6.492722409255913900E-016, 0.0000000000000000000 ) ) ;
#1797 = AXIS2_PLACEMENT_3D ( 'NONE', #2011, #3724, #1318 ) ;
#1798 = ORIENTED_EDGE ( 'NONE', *, *, #3225, .T. ) ;
#1799 = VECTOR ( 'NONE', #1611, 1000.000000000000000 ) ;
#1800 = EDGE_CURVE ( 'NONE', #777, #4271, #2998, .T. ) ;
#1801 = CARTESIAN_POINT ( 'NONE',  ( -3.680384757729344300, 1.099999999999998100, 1.899999999999999700 ) ) ;
#1802 = VERTEX_POINT ( 'NONE', #244 ) ;
#1803 = ADVANCED_FACE ( 'NONE', ( #1934 ), #1976, .F. ) ;
#1804 = EDGE_LOOP ( 'NONE', ( #1045, #2544, #1596, #2586 ) ) ;
#1805 = ORIENTED_EDGE ( 'NONE', *, *, #2930, .F. ) ;
#1806 = EDGE_CURVE ( 'NONE', #4365, #2003, #3633, .T. ) ;
#1807 = ORIENTED_EDGE ( 'NONE', *, *, #3626, .F. ) ;
#1808 = DIRECTION ( 'NONE',  ( 0.0000000000000000000, 1.000000000000000000, 0.0000000000000000000 ) ) ;
#1809 = EDGE_LOOP ( 'NONE', ( #3410, #359 ) ) ;
#1810 = AXIS2_PLACEMENT_3D ( 'NONE', #121, #3535, #804 ) ;
#1811 = DIRECTION ( 'NONE',  ( 1.000000000000000000, 0.0000000000000000000, 0.0000000000000000000 ) ) ;
#1812 = SURFACE_STYLE_FILL_AREA ( #2917 ) ;
#1813 = DIRECTION ( 'NONE',  ( 0.0000000000000000000, 0.0000000000000000000, -1.000000000000000000 ) ) ;
#1814 = ORIENTED_EDGE ( 'NONE', *, *, #313, .T. ) ;
#1815 = VECTOR ( 'NONE', #672, 1000.000000000000000 ) ;
#1816 = DIRECTION ( 'NONE',  ( 0.0000000000000000000, 0.0000000000000000000, 1.000000000000000000 ) ) ;
#1817 = LINE ( 'NONE', #3101, #2892 ) ;
#1818 = DIRECTION ( 'NONE',  ( 0.0000000000000000000, -0.0000000000000000000, 1.000000000000000000 ) ) ;
#1819 = AXIS2_PLACEMENT_3D ( 'NONE', #2536, #2522, #478 ) ;
#1820 = ORIENTED_EDGE ( 'NONE', *, *, #2985, .T. ) ;
#1821 = DIRECTION ( 'NONE',  ( -0.0000000000000000000, -0.0000000000000000000, 1.000000000000000000 ) ) ;
#1822 = CYLINDRICAL_SURFACE ( 'NONE', #2363, 0.2499999999999993600 ) ;
#1823 = DIRECTION ( 'NONE',  ( 1.000000000000000000, 0.0000000000000000000, 7.885106708985485300E-017 ) ) ;
#1824 = ADVANCED_FACE ( 'NONE', ( #2728 ), #950, .T. ) ;
#1825 = LINE ( 'NONE', #4022, #2799 ) ;
#1826 = VECTOR ( 'NONE', #2194, 1000.000000000000000 ) ;
#1827 = EDGE_CURVE ( 'NONE', #967, #109, #3789, .T. ) ;
#1828 = DIRECTION ( 'NONE',  ( 0.0000000000000000000, -0.0000000000000000000, 1.000000000000000000 ) ) ;
#1829 = LINE ( 'NONE', #2693, #4032 ) ;
#1830 = CARTESIAN_POINT ( 'NONE',  ( 1.399999999999999900, 1.840202025355333300, 1.399999999999999200 ) ) ;
#1831 = DIRECTION ( 'NONE',  ( -0.0000000000000000000, -1.000000000000000000, -0.0000000000000000000 ) ) ;
#1832 = FACE_OUTER_BOUND ( 'NONE', #1888, .T. ) ;
#1833 = EDGE_LOOP ( 'NONE', ( #2748, #189 ) ) ;
#1834 = LINE ( 'NONE', #1236, #335 ) ;
#1835 = AXIS2_PLACEMENT_3D ( 'NONE', #1712, #2409, #2753 ) ;
#1836 = EDGE_CURVE ( 'NONE', #2400, #1101, #899, .T. ) ;
#1837 = DIRECTION ( 'NONE',  ( 1.000000000000000000, 0.0000000000000000000, -0.0000000000000000000 ) ) ;
#1838 = DIRECTION ( 'NONE',  ( -0.0000000000000000000, 1.000000000000000000, -0.0000000000000000000 ) ) ;
#1839 = VECTOR ( 'NONE', #2726, 1000.000000000000000 ) ;
#1840 = LINE ( 'NONE', #2825, #4039 ) ;
#1841 = PLANE ( 'NONE',  #1819 ) ;
#1842 = ORIENTED_EDGE ( 'NONE', *, *, #1472, .F. ) ;
#1843 = EDGE_CURVE ( 'NONE', #1160, #1557, #1053, .T. ) ;
#1844 = CARTESIAN_POINT ( 'NONE',  ( -3.333974596215567600, 0.9000000000000000200, -2.600000000000000100 ) ) ;
#1845 = ORIENTED_EDGE ( 'NONE', *, *, #3847, .T. ) ;
#1846 = DIRECTION ( 'NONE',  ( -0.0000000000000000000, -0.0000000000000000000, -1.000000000000000000 ) ) ;
#1847 = EDGE_LOOP ( 'NONE', ( #4161, #3693, #3559, #1374 ) ) ;
#1848 = CARTESIAN_POINT ( 'NONE',  ( 0.0000000000000000000, 0.0000000000000000000, 0.0000000000000000000 ) ) ;
#1849 = AXIS2_PLACEMENT_3D ( 'NONE', #2889, #2828, #3534 ) ;
#1850 = ADVANCED_FACE ( 'NONE', ( #2622 ), #781, .F. ) ;
#1851 = ORIENTED_EDGE ( 'NONE', *, *, #3826, .F. ) ;
#1852 = DIRECTION ( 'NONE',  ( 0.0000000000000000000, 0.0000000000000000000, 1.000000000000000000 ) ) ;
#1853 = DIRECTION ( 'NONE',  ( 0.4999999999999950600, 0.8660254037844414800, 0.0000000000000000000 ) ) ;
#1854 = EDGE_CURVE ( 'NONE', #4415, #4256, #1752, .T. ) ;
#1855 = ORIENTED_EDGE ( 'NONE', *, *, #3847, .F. ) ;
#1856 = VECTOR ( 'NONE', #3783, 1000.000000000000000 ) ;
#1857 = EDGE_LOOP ( 'NONE', ( #4349, #3707, #1705, #952 ) ) ;
#1858 = PLANE ( 'NONE',  #2689 ) ;
#1859 = ORIENTED_EDGE ( 'NONE', *, *, #980, .F. ) ;
#1860 = FACE_OUTER_BOUND ( 'NONE', #1531, .T. ) ;
#1861 = ORIENTED_EDGE ( 'NONE', *, *, #890, .T. ) ;
#1862 = DIRECTION ( 'NONE',  ( -1.000000000000000000, 0.0000000000000000000, 0.0000000000000000000 ) ) ;
#1863 = SURFACE_SIDE_STYLE ('',( #2899 ) ) ;
#1864 = AXIS2_PLACEMENT_3D ( 'NONE', #3007, #562, #892 ) ;
#1865 = EDGE_CURVE ( 'NONE', #1160, #3413, #4262, .T. ) ;
#1866 = ORIENTED_EDGE ( 'NONE', *, *, #2258, .F. ) ;
#1867 =( NAMED_UNIT ( * ) PLANE_ANGLE_UNIT ( ) SI_UNIT ( $, .RADIAN. ) );
#1868 = CARTESIAN_POINT ( 'NONE',  ( 4.200000000000000200, 0.2999999999999999900, 2.600000000000000100 ) ) ;
#1869 = CARTESIAN_POINT ( 'NONE',  ( -1.200000000000000000, 7.599999999999999600, -1.200000000000000200 ) ) ;
#1870 = ORIENTED_EDGE ( 'NONE', *, *, #774, .T. ) ;
#1871 = EDGE_CURVE ( 'NONE', #1602, #3042, #3458, .T. ) ;
#1872 = DIRECTION ( 'NONE',  ( 0.0000000000000000000, 1.000000000000000000, 0.0000000000000000000 ) ) ;
#1873 = VERTEX_POINT ( 'NONE', #4023 ) ;
#1874 = DIRECTION ( 'NONE',  ( 0.0000000000000000000, 0.0000000000000000000, -1.000000000000000000 ) ) ;
#1875 = DIRECTION ( 'NONE',  ( 0.0000000000000000000, -1.000000000000000000, 0.0000000000000000000 ) ) ;
#1876 = ORIENTED_EDGE ( 'NONE', *, *, #172, .F. ) ;
#1877 = LINE ( 'NONE', #2041, #2745 ) ;
#1878 = DIRECTION ( 'NONE',  ( 2.797941090285173100E-016, 0.0000000000000000000, 1.000000000000000000 ) ) ;
#1879 = CARTESIAN_POINT ( 'NONE',  ( 5.000000000000000000, 0.2999999999999999900, -2.600000000000000100 ) ) ;
#1880 =( NAMED_UNIT ( * ) SI_UNIT ( $, .STERADIAN. ) SOLID_ANGLE_UNIT ( ) );
#1881 = PRESENTATION_STYLE_ASSIGNMENT (( #4004 ) ) ;
#1882 = CARTESIAN_POINT ( 'NONE',  ( -4.200000000000000200, 0.2999999999999999900, 1.899999999999999700 ) ) ;
#1883 = FACE_OUTER_BOUND ( 'NONE', #2766, .T. ) ;
#1884 = PLANE ( 'NONE',  #2944 ) ;
#1885 = CYLINDRICAL_SURFACE ( 'NONE', #889, 0.3749999999999998900 ) ;
#1886 = CARTESIAN_POINT ( 'NONE',  ( 5.000000000000000000, 0.2999999999999999900, 1.899999999999999700 ) ) ;
#1887 = VECTOR ( 'NONE', #1040, 1000.000000000000000 ) ;
#1888 = EDGE_LOOP ( 'NONE', ( #3152, #773, #2408, #1486, #170, #3269, #2205, #3311 ) ) ;
#1889 = LINE ( 'NONE', #4092, #3610 ) ;
#1890 = DIRECTION ( 'NONE',  ( 0.0000000000000000000, -0.0000000000000000000, -1.000000000000000000 ) ) ;
#1891 = AXIS2_PLACEMENT_3D ( 'NONE', #385, #3071, #721 ) ;
#1892 = EDGE_CURVE ( 'NONE', #3408, #2831, #2769, .T. ) ;
#1893 = VECTOR ( 'NONE', #3082, 1000.000000000000000 ) ;
#1894 = FACE_OUTER_BOUND ( 'NONE', #667, .T. ) ;
#1895 = ORIENTED_EDGE ( 'NONE', *, *, #868, .T. ) ;
#1896 = DIRECTION ( 'NONE',  ( 0.0000000000000000000, 1.000000000000000000, 0.0000000000000000000 ) ) ;
#1897 = CARTESIAN_POINT ( 'NONE',  ( 0.0000000000000000000, 3.400000000000000400, 0.0000000000000000000 ) ) ;
#1898 = DIRECTION ( 'NONE',  ( -0.0000000000000000000, -0.0000000000000000000, 1.000000000000000000 ) ) ;
#1899 = CARTESIAN_POINT ( 'NONE',  ( 3.000000000000000400, 1.300000000000000000, -2.600000000000000100 ) ) ;
#1900 = EDGE_LOOP ( 'NONE', ( #235, #2816, #380, #3518 ) ) ;
#1901 = AXIS2_PLACEMENT_3D ( 'NONE', #2185, #2526, #2818 ) ;
#1902 = EDGE_CURVE ( 'NONE', #348, #18, #1009, .T. ) ;
#1903 = PLANE ( 'NONE',  #3090 ) ;
#1904 = CARTESIAN_POINT ( 'NONE',  ( 5.000000000000000000, 0.2999999999999999900, -2.600000000000000100 ) ) ;
#1905 = PLANE ( 'NONE',  #2002 ) ;
#1906 = ORIENTED_EDGE ( 'NONE', *, *, #1697, .F. ) ;
#1907 = AXIS2_PLACEMENT_3D ( 'NONE', #4051, #1270, #4387 ) ;
#1908 = ORIENTED_EDGE ( 'NONE', *, *, #3945, .T. ) ;
#1909 = DIRECTION ( 'NONE',  ( -1.000000000000000000, 0.0000000000000000000, 0.0000000000000000000 ) ) ;
#1910 = DIRECTION ( 'NONE',  ( 0.0000000000000000000, 1.000000000000000000, -0.0000000000000000000 ) ) ;
#1911 = VERTEX_POINT ( 'NONE', #1585 ) ;
#1912 = VECTOR ( 'NONE', #4037, 1000.000000000000000 ) ;
#1913 = EDGE_LOOP ( 'NONE', ( #4389, #80, #283, #1123 ) ) ;
#1914 = DIRECTION ( 'NONE',  ( -1.000000000000000000, 0.0000000000000000000, 0.0000000000000000000 ) ) ;
#1915 = AXIS2_PLACEMENT_3D ( 'NONE', #354, #1389, #690 ) ;
#1916 = EDGE_LOOP ( 'NONE', ( #2352, #2359, #4071, #634 ) ) ;
#1917 = DIRECTION ( 'NONE',  ( -1.000000000000000000, 0.0000000000000000000, 0.0000000000000000000 ) ) ;
#1918 = VERTEX_POINT ( 'NONE', #1928 ) ;
#1919 = PLANE ( 'NONE',  #4386 ) ;
#1920 = CARTESIAN_POINT ( 'NONE',  ( -4.200000000000000200, 0.2999999999999999900, -1.899999999999999700 ) ) ;
#1921 = VERTEX_POINT ( 'NONE', #2297 ) ;
#1922 = VERTEX_POINT ( 'NONE', #227 ) ;
#1923 = ORIENTED_EDGE ( 'NONE', *, *, #2016, .T. ) ;
#1924 = CARTESIAN_POINT ( 'NONE',  ( -2.750000000000000000, 3.400000000000000400, 3.000000000000000000 ) ) ;
#1925 = CARTESIAN_POINT ( 'NONE',  ( 3.000000000000000900, 3.400000000000000400, 2.750000000000000000 ) ) ;
#1926 = EDGE_CURVE ( 'NONE', #2464, #3964, #2988, .T. ) ;
#1927 = CARTESIAN_POINT ( 'NONE',  ( 3.333974596215567600, 0.9000000000000000200, -1.899999999999999700 ) ) ;
#1928 = CARTESIAN_POINT ( 'NONE',  ( -1.200000000000000000, 7.400000000000000400, -1.400000000000000100 ) ) ;
#1929 = VERTEX_POINT ( 'NONE', #2643 ) ;
#1930 = PLANE ( 'NONE',  #4291 ) ;
#1931 = CARTESIAN_POINT ( 'NONE',  ( -3.000000000000000400, 1.000000000000000000, 2.600000000000000100 ) ) ;
#1932 = ORIENTED_EDGE ( 'NONE', *, *, #341, .F. ) ;
#1933 = EDGE_CURVE ( 'NONE', #1065, #2003, #3359, .T. ) ;
#1934 = FACE_OUTER_BOUND ( 'NONE', #1652, .T. ) ;
#1935 = FACE_OUTER_BOUND ( 'NONE', #4041, .T. ) ;
#1936 = DIRECTION ( 'NONE',  ( 0.0000000000000000000, 1.000000000000000000, 0.0000000000000000000 ) ) ;
#1937 = DIRECTION ( 'NONE',  ( 0.0000000000000000000, 0.0000000000000000000, -1.000000000000000000 ) ) ;
#1938 = VECTOR ( 'NONE', #497, 1000.000000000000000 ) ;
#1939 = CIRCLE ( 'NONE', #3046, 0.1000000000000002600 ) ;
#1940 = AXIS2_PLACEMENT_3D ( 'NONE', #3284, #3630, #2275 ) ;
#1941 =( NAMED_UNIT ( * ) PLANE_ANGLE_UNIT ( ) SI_UNIT ( $, .RADIAN. ) );
#1942 = VERTEX_POINT ( 'NONE', #2946 ) ;
#1943 = DIRECTION ( 'NONE',  ( 1.000000000000000000, 0.0000000000000000000, 0.0000000000000000000 ) ) ;
#1944 = DIRECTION ( 'NONE',  ( 1.000000000000000000, 6.492722409255913900E-016, 0.0000000000000000000 ) ) ;
#1945 = LINE ( 'NONE', #2841, #4359 ) ;
#1946 = DIRECTION ( 'NONE',  ( 0.0000000000000000000, 1.000000000000000000, 0.0000000000000000000 ) ) ;
#1947 = LINE ( 'NONE', #1350, #1772 ) ;
#1948 = ADVANCED_FACE ( 'NONE', ( #2935 ), #3687, .T. ) ;
#1949 = CARTESIAN_POINT ( 'NONE',  ( -2.199999999999999300, 3.725000000000002800, 2.199999999999999700 ) ) ;
#1950 = CYLINDRICAL_SURFACE ( 'NONE', #1566, 0.1000000000000002600 ) ;
#1951 = VERTEX_POINT ( 'NONE', #343 ) ;
#1952 = FACE_BOUND ( 'NONE', #1102, .T. ) ;
#1953 = CARTESIAN_POINT ( 'NONE',  ( -1.350000000000000100, 0.1000000000000000100, 0.0000000000000000000 ) ) ;
#1954 = LINE ( 'NONE', #2495, #3345 ) ;
#1955 = DIRECTION ( 'NONE',  ( -0.0000000000000000000, -1.000000000000000000, 0.0000000000000000000 ) ) ;
#1956 = ORIENTED_EDGE ( 'NONE', *, *, #1120, .T. ) ;
#1957 = CIRCLE ( 'NONE', #3370, 0.2500000000000002200 ) ;
#1958 = MECHANICAL_DESIGN_GEOMETRIC_PRESENTATION_REPRESENTATION (  '', ( #2869 ), #4079 ) ;
#1959 = EDGE_CURVE ( 'NONE', #2821, #3827, #1485, .T. ) ;
#1960 = DIRECTION ( 'NONE',  ( 0.0000000000000000000, -1.000000000000000000, 0.0000000000000000000 ) ) ;
#1961 = DIRECTION ( 'NONE',  ( -0.0000000000000000000, -0.0000000000000000000, 1.000000000000000000 ) ) ;
#1962 = ORIENTED_EDGE ( 'NONE', *, *, #2258, .T. ) ;
#1963 = CARTESIAN_POINT ( 'NONE',  ( 1.200000000000000000, 7.400000000000000400, 1.199999999999999300 ) ) ;
#1964 = DIRECTION ( 'NONE',  ( -0.0000000000000000000, -1.000000000000000000, -0.0000000000000000000 ) ) ;
#1965 = CARTESIAN_POINT ( 'NONE',  ( -5.000000000000000000, 0.0000000000000000000, -2.600000000000000100 ) ) ;
#1966 = EDGE_CURVE ( 'NONE', #2617, #733, #4207, .T. ) ;
#1967 = ORIENTED_EDGE ( 'NONE', *, *, #2597, .F. ) ;
#1968 = DIRECTION ( 'NONE',  ( 0.0000000000000000000, 1.000000000000000000, -0.0000000000000000000 ) ) ;
#1969 = CARTESIAN_POINT ( 'NONE',  ( -4.200000000000000200, 0.4000000000000000200, 2.600000000000000100 ) ) ;
#1970 = DIRECTION ( 'NONE',  ( 1.000000000000000000, 0.0000000000000000000, 0.0000000000000000000 ) ) ;
#1971 = ORIENTED_EDGE ( 'NONE', *, *, #1966, .F. ) ;
#1972 = ORIENTED_EDGE ( 'NONE', *, *, #14, .F. ) ;
#1973 = AXIS2_PLACEMENT_3D ( 'NONE', #1830, #454, #1161 ) ;
#1974 = DIRECTION ( 'NONE',  ( -0.0000000000000000000, -0.0000000000000000000, 1.000000000000000000 ) ) ;
#1975 = VERTEX_POINT ( 'NONE', #2086 ) ;
#1976 = CYLINDRICAL_SURFACE ( 'NONE', #2655, 0.1000000000000002600 ) ;
#1977 = ORIENTED_EDGE ( 'NONE', *, *, #2865, .F. ) ;
#1978 = ORIENTED_EDGE ( 'NONE', *, *, #2626, .F. ) ;
#1979 = MECHANICAL_DESIGN_GEOMETRIC_PRESENTATION_REPRESENTATION (  '', ( #1509 ), #971 ) ;
#1980 = ORIENTED_EDGE ( 'NONE', *, *, #2349, .F. ) ;
#1981 = CYLINDRICAL_SURFACE ( 'NONE', #3102, 0.3749999999999998900 ) ;
#1982 = DIRECTION ( 'NONE',  ( 0.0000000000000000000, -1.000000000000000000, 0.0000000000000000000 ) ) ;
#1983 = AXIS2_PLACEMENT_3D ( 'NONE', #4269, #1910, #3230 ) ;
#1984 = CARTESIAN_POINT ( 'NONE',  ( 0.0000000000000000000, 3.400000000000000400, 0.0000000000000000000 ) ) ;
#1985 = EDGE_CURVE ( 'NONE', #174, #2230, #2564, .T. ) ;
#1986 = ORIENTED_EDGE ( 'NONE', *, *, #3443, .T. ) ;
#1987 = ORIENTED_EDGE ( 'NONE', *, *, #2501, .T. ) ;
#1988 = AXIS2_PLACEMENT_3D ( 'NONE', #513, #3602, #173 ) ;
#1989 = CIRCLE ( 'NONE', #391, 0.2000000000000000900 ) ;
#1990 = EDGE_CURVE ( 'NONE', #2932, #1793, #4001, .T. ) ;
#1991 = CARTESIAN_POINT ( 'NONE',  ( 3.420577136594011900, 0.9499999999999995100, -2.600000000000000100 ) ) ;
#1992 = DIRECTION ( 'NONE',  ( 0.0000000000000000000, 0.0000000000000000000, 1.000000000000000000 ) ) ;
#1993 = MANIFOLD_SOLID_BREP ( 'Mirror2[1]', #1534 ) ;
#1994 = ORIENTED_EDGE ( 'NONE', *, *, #1472, .T. ) ;
#1995 = LINE ( 'NONE', #3221, #2593 ) ;
#1996 = DIRECTION ( 'NONE',  ( 1.000000000000000000, -0.0000000000000000000, -0.0000000000000000000 ) ) ;
#1997 = DIRECTION ( 'NONE',  ( 0.0000000000000000000, 0.0000000000000000000, 1.000000000000000000 ) ) ;
#1998 = EDGE_CURVE ( 'NONE', #402, #3250, #2074, .T. ) ;
#1999 = ADVANCED_FACE ( 'NONE', ( #2305 ), #3258, .T. ) ;
#2000 = VECTOR ( 'NONE', #2481, 1000.000000000000000 ) ;
#2001 = VECTOR ( 'NONE', #1555, 1000.000000000000000 ) ;
#2002 = AXIS2_PLACEMENT_3D ( 'NONE', #3925, #902, #233 ) ;
#2003 = VERTEX_POINT ( 'NONE', #125 ) ;
#2004 = CARTESIAN_POINT ( 'NONE',  ( 0.0000000000000000000, 0.5000000000000000000, 0.0000000000000000000 ) ) ;
#2005 = CIRCLE ( 'NONE', #2747, 0.1000000000000002600 ) ;
#2006 = DIRECTION ( 'NONE',  ( -0.0000000000000000000, 0.0000000000000000000, -1.000000000000000000 ) ) ;
#2007 = DIRECTION ( 'NONE',  ( -1.000000000000000000, 0.0000000000000000000, 0.0000000000000000000 ) ) ;
#2008 = LINE ( 'NONE', #1360, #1839 ) ;
#2009 = ORIENTED_EDGE ( 'NONE', *, *, #2432, .T. ) ;
#2010 = FACE_BOUND ( 'NONE', #1833, .T. ) ;
#2011 = CARTESIAN_POINT ( 'NONE',  ( -2.199999999999999300, 3.400000000000000400, 2.199999999999999700 ) ) ;
#2012 = EDGE_LOOP ( 'NONE', ( #1155, #1438, #2083, #658 ) ) ;
#2013 = CARTESIAN_POINT ( 'NONE',  ( 0.0000000000000000000, 4.555234924505374000, 0.0000000000000000000 ) ) ;
#2014 = CARTESIAN_POINT ( 'NONE',  ( 3.420577136594011900, 0.9499999999999995100, -2.600000000000000100 ) ) ;
#2015 = EDGE_LOOP ( 'NONE', ( #4050, #2907, #3590, #459 ) ) ;
#2016 = EDGE_CURVE ( 'NONE', #3263, #2896, #3462, .T. ) ;
#2017 = PLANE ( 'NONE',  #2476 ) ;
#2018 = CARTESIAN_POINT ( 'NONE',  ( -2.500000000000000000, 0.5000000000000000000, 3.000000000000000900 ) ) ;
#2019 = ORIENTED_EDGE ( 'NONE', *, *, #580, .F. ) ;
#2020 = ADVANCED_FACE ( 'NONE', ( #525 ), #3099, .T. ) ;
#2021 = EDGE_CURVE ( 'NONE', #777, #2114, #3153, .T. ) ;
#2022 = ORIENTED_EDGE ( 'NONE', *, *, #2225, .F. ) ;
#2023 = CARTESIAN_POINT ( 'NONE',  ( 1.040949779275250100E-016, 5.799999999999999800, 0.8499999999999999800 ) ) ;
#2024 = ORIENTED_EDGE ( 'NONE', *, *, #1038, .T. ) ;
#2025 = CARTESIAN_POINT ( 'NONE',  ( -5.000000000000000000, 0.2999999999999999900, -2.600000000000000100 ) ) ;
#2026 = ORIENTED_EDGE ( 'NONE', *, *, #515, .F. ) ;
#2027 = DIRECTION ( 'NONE',  ( 0.0000000000000000000, 0.0000000000000000000, 1.000000000000000000 ) ) ;
#2028 = EDGE_LOOP ( 'NONE', ( #1488, #2817, #1477, #3358 ) ) ;
#2029 = DIRECTION ( 'NONE',  ( 0.0000000000000000000, 0.0000000000000000000, 1.000000000000000000 ) ) ;
#2030 = DIRECTION ( 'NONE',  ( -1.000000000000000000, 0.0000000000000000000, 0.0000000000000000000 ) ) ;
#2031 = ORIENTED_EDGE ( 'NONE', *, *, #1518, .T. ) ;
#2032 = CARTESIAN_POINT ( 'NONE',  ( 3.333974596215567600, 1.300000000000000000, 1.899999999999999700 ) ) ;
#2033 = CARTESIAN_POINT ( 'NONE',  ( 4.200000000000000200, 0.2999999999999999900, 2.600000000000000100 ) ) ;
#2034 = VERTEX_POINT ( 'NONE', #3985 ) ;
#2035 = ADVANCED_FACE ( 'NONE', ( #1860 ), #2132, .T. ) ;
#2036 = EDGE_CURVE ( 'NONE', #1793, #4428, #957, .T. ) ;
#2037 = DIRECTION ( 'NONE',  ( -1.000000000000000000, 0.0000000000000000000, 0.0000000000000000000 ) ) ;
#2038 = VERTEX_POINT ( 'NONE', #3762 ) ;
#2039 = LINE ( 'NONE', #3761, #208 ) ;
#2040 = CIRCLE ( 'NONE', #3831, 0.2000000000000000900 ) ;
#2041 = CARTESIAN_POINT ( 'NONE',  ( -1.399999999999999900, 5.799999999999999800, 1.399999999999999700 ) ) ;
#2042 = ORIENTED_EDGE ( 'NONE', *, *, #2741, .T. ) ;
#2043 = EDGE_CURVE ( 'NONE', #4000, #3996, #3048, .T. ) ;
#2044 = VECTOR ( 'NONE', #1529, 1000.000000000000000 ) ;
#2045 = LINE ( 'NONE', #3172, #919 ) ;
#2046 = ORIENTED_EDGE ( 'NONE', *, *, #4306, .T. ) ;
#2047 = DIRECTION ( 'NONE',  ( 1.000000000000000000, 0.0000000000000000000, 0.0000000000000000000 ) ) ;
#2048 = CIRCLE ( 'NONE', #1422, 0.2500000000000002200 ) ;
#2049 = LINE ( 'NONE', #1180, #1082 ) ;
#2050 = AXIS2_PLACEMENT_3D ( 'NONE', #1733, #2078, #368 ) ;
#2051 = FACE_BOUND ( 'NONE', #4170, .T. ) ;
#2052 = DIRECTION ( 'NONE',  ( -1.000000000000000000, -0.0000000000000000000, -0.0000000000000000000 ) ) ;
#2053 = ORIENTED_EDGE ( 'NONE', *, *, #1156, .T. ) ;
#2054 = CARTESIAN_POINT ( 'NONE',  ( 3.680384757729344300, 1.099999999999998100, -2.600000000000000100 ) ) ;
#2055 = FACE_BOUND ( 'NONE', #3147, .T. ) ;
#2056 = STYLED_ITEM ( 'NONE', ( #4184 ), #3771 ) ;
#2057 = LINE ( 'NONE', #3364, #2604 ) ;
#2058 = CARTESIAN_POINT ( 'NONE',  ( -3.000000000000000400, 1.300000000000000000, -2.600000000000000100 ) ) ;
#2059 = EDGE_LOOP ( 'NONE', ( #4402, #149, #4115, #2734, #2089 ) ) ;
#2060 = DIRECTION ( 'NONE',  ( 1.000000000000000000, 0.0000000000000000000, 0.0000000000000000000 ) ) ;
#2061 = LINE ( 'NONE', #1088, #3187 ) ;
#2062 = CARTESIAN_POINT ( 'NONE',  ( -2.750000000000000000, 3.400000000000000400, 3.000000000000000000 ) ) ;
#2063 = VERTEX_POINT ( 'NONE', #4451 ) ;
#2064 = EDGE_CURVE ( 'NONE', #2388, #2712, #3207, .T. ) ;
#2065 = DIRECTION ( 'NONE',  ( 1.000000000000000000, 0.0000000000000000000, 0.0000000000000000000 ) ) ;
#2066 = VERTEX_POINT ( 'NONE', #716 ) ;
#2067 = DIRECTION ( 'NONE',  ( -0.8660254037844415900, -0.4999999999999950600, 0.0000000000000000000 ) ) ;
#2068 = CARTESIAN_POINT ( 'NONE',  ( -2.750000000000000000, 3.400000000000000400, 2.750000000000000000 ) ) ;
#2069 = ORIENTED_EDGE ( 'NONE', *, *, #630, .F. ) ;
#2070 = EDGE_CURVE ( 'NONE', #3042, #3653, #1521, .T. ) ;
#2071 = ORIENTED_EDGE ( 'NONE', *, *, #1408, .F. ) ;
#2072 = CARTESIAN_POINT ( 'NONE',  ( 0.0000000000000000000, 4.700000000000000200, -0.8499999999999999800 ) ) ;
#2073 = EDGE_LOOP ( 'NONE', ( #486, #3891, #2782 ) ) ;
#2074 = LINE ( 'NONE', #2054, #1856 ) ;
#2075 = EDGE_LOOP ( 'NONE', ( #1110, #1978 ) ) ;
#2076 = VERTEX_POINT ( 'NONE', #1308 ) ;
#2077 = EDGE_CURVE ( 'NONE', #3713, #2063, #3773, .T. ) ;
#2078 = DIRECTION ( 'NONE',  ( 0.0000000000000000000, 1.000000000000000000, 0.0000000000000000000 ) ) ;
#2079 = PLANE ( 'NONE',  #123 ) ;
#2080 = ORIENTED_EDGE ( 'NONE', *, *, #1638, .T. ) ;
#2081 = DIRECTION ( 'NONE',  ( 1.000000000000000000, 0.0000000000000000000, 0.0000000000000000000 ) ) ;
#2082 = ADVANCED_FACE ( 'NONE', ( #2543 ), #114, .T. ) ;
#2083 = ORIENTED_EDGE ( 'NONE', *, *, #3162, .F. ) ;
#2084 = DIRECTION ( 'NONE',  ( 0.0000000000000000000, 1.000000000000000000, 0.0000000000000000000 ) ) ;
#2085 = PRESENTATION_LAYER_ASSIGNMENT (  '', '', ( #2056 ) ) ;
#2086 = CARTESIAN_POINT ( 'NONE',  ( -3.000000000000000400, 1.300000000000000000, -1.899999999999999700 ) ) ;
#2087 = EDGE_LOOP ( 'NONE', ( #784, #3574, #262, #1514, #4315, #2606, #481, #213 ) ) ;
#2088 = EDGE_CURVE ( 'NONE', #2610, #3320, #935, .T. ) ;
#2089 = ORIENTED_EDGE ( 'NONE', *, *, #1095, .T. ) ;
#2090 = CARTESIAN_POINT ( 'NONE',  ( 2.500000000000000000, 0.5000000000000000000, 3.000000000000000900 ) ) ;
#2091 = LINE ( 'NONE', #3014, #1240 ) ;
#2092 = CARTESIAN_POINT ( 'NONE',  ( -2.750000000000000000, 3.400000000000000400, -2.999999999999998200 ) ) ;
#2093 = ORIENTED_EDGE ( 'NONE', *, *, #858, .F. ) ;
#2094 = EDGE_CURVE ( 'NONE', #1220, #246, #1840, .T. ) ;
#2095 = SURFACE_SIDE_STYLE ('',( #271 ) ) ;
#2096 = CIRCLE ( 'NONE', #3482, 0.3749999999999990600 ) ;
#2097 = FACE_OUTER_BOUND ( 'NONE', #4418, .T. ) ;
#2098 = EDGE_CURVE ( 'NONE', #709, #2638, #874, .T. ) ;
#2099 = DIRECTION ( 'NONE',  ( 0.0000000000000000000, 0.0000000000000000000, -1.000000000000000000 ) ) ;
#2100 = ADVANCED_FACE ( 'NONE', ( #4142 ), #2141, .F. ) ;
#2101 = SPHERICAL_SURFACE ( 'NONE', #2723, 0.2000000000000000100 ) ;
#2102 = ORIENTED_EDGE ( 'NONE', *, *, #2685, .T. ) ;
#2103 = CIRCLE ( 'NONE', #2500, 0.3999999999999997400 ) ;
#2104 = DIRECTION ( 'NONE',  ( -0.0000000000000000000, 1.000000000000000000, -0.0000000000000000000 ) ) ;
#2105 = CARTESIAN_POINT ( 'NONE',  ( -3.333974596215567600, 0.9000000000000000200, -1.899999999999999700 ) ) ;
#2106 = CARTESIAN_POINT ( 'NONE',  ( 1.399999999999999900, 7.400000000000000400, -1.200000000000000600 ) ) ;
#2107 = VECTOR ( 'NONE', #970, 1000.000000000000000 ) ;
#2108 = AXIS2_PLACEMENT_3D ( 'NONE', #247, #4329, #3992 ) ;
#2109 = ORIENTED_EDGE ( 'NONE', *, *, #3811, .T. ) ;
#2110 = CARTESIAN_POINT ( 'NONE',  ( -2.199999999999999300, 3.700000000000000200, -2.199999999999999700 ) ) ;
#2111 = CARTESIAN_POINT ( 'NONE',  ( 1.399999999999999900, 5.799999999999999800, 1.399999999999999200 ) ) ;
#2112 = CARTESIAN_POINT ( 'NONE',  ( -3.420577136594011900, 0.9499999999999995100, 1.899999999999999700 ) ) ;
#2113 = SURFACE_STYLE_USAGE ( .BOTH. , #3820 ) ;
#2114 = VERTEX_POINT ( 'NONE', #2224 ) ;
#2115 = DIRECTION ( 'NONE',  ( -0.0000000000000000000, 1.000000000000000000, -0.0000000000000000000 ) ) ;
#2116 = DIRECTION ( 'NONE',  ( 1.000000000000000000, -0.0000000000000000000, -0.0000000000000000000 ) ) ;
#2117 = ORIENTED_EDGE ( 'NONE', *, *, #1865, .F. ) ;
#2118 = DIRECTION ( 'NONE',  ( 0.0000000000000000000, 1.000000000000000000, -0.0000000000000000000 ) ) ;
#2119 = DIRECTION ( 'NONE',  ( 0.0000000000000000000, -1.000000000000000000, 0.0000000000000000000 ) ) ;
#2120 = EDGE_LOOP ( 'NONE', ( #3287, #2009, #295, #2868 ) ) ;
#2121 = AXIS2_PLACEMENT_3D ( 'NONE', #1897, #1536, #2599 ) ;
#2122 = EDGE_CURVE ( 'NONE', #1748, #2332, #656, .T. ) ;
#2123 = CARTESIAN_POINT ( 'NONE',  ( 4.200000000000000200, 1.626303258728256700E-016, -2.600000000000000100 ) ) ;
#2124 = UNCERTAINTY_MEASURE_WITH_UNIT (LENGTH_MEASURE( 1.000000000000000100E-005 ), #4340, 'distance_accuracy_value', 'NONE');
#2125 = ADVANCED_FACE ( 'NONE', ( #4244 ), #4136, .T. ) ;
#2126 = ORIENTED_EDGE ( 'NONE', *, *, #3475, .T. ) ;
#2127 = ORIENTED_EDGE ( 'NONE', *, *, #4017, .F. ) ;
#2128 = CARTESIAN_POINT ( 'NONE',  ( -3.000000000000000400, 1.000000000000000000, -2.600000000000000100 ) ) ;
#2129 = AXIS2_PLACEMENT_3D ( 'NONE', #1259, #3652, #2181 ) ;
#2130 = EDGE_CURVE ( 'NONE', #1793, #91, #4193, .T. ) ;
#2131 = ORIENTED_EDGE ( 'NONE', *, *, #3921, .F. ) ;
#2132 = CONICAL_SURFACE ( 'NONE', #1550, 1.684658307492539900, 0.03490658503987936100 ) ;
#2133 = PLANE ( 'NONE',  #666 ) ;
#2134 = VECTOR ( 'NONE', #67, 1000.000000000000000 ) ;
#2135 = ORIENTED_EDGE ( 'NONE', *, *, #3396, .F. ) ;
#2136 = AXIS2_PLACEMENT_3D ( 'NONE', #2004, #1960, #2976 ) ;
#2137 = CARTESIAN_POINT ( 'NONE',  ( 2.499999999999999600, 0.5000000000000000000, -1.450000000000001100 ) ) ;
#2138 = CARTESIAN_POINT ( 'NONE',  ( -3.000000000000000000, 0.5000000000000000000, -2.750000000000000000 ) ) ;
#2139 = VERTEX_POINT ( 'NONE', #3249 ) ;
#2140 = LINE ( 'NONE', #1083, #1659 ) ;
#2141 = PLANE ( 'NONE',  #711 ) ;
#2142 = DIRECTION ( 'NONE',  ( -0.0000000000000000000, -0.0000000000000000000, 1.000000000000000000 ) ) ;
#2143 = AXIS2_PLACEMENT_3D ( 'NONE', #1736, #4125, #2081 ) ;
#2144 = ORIENTED_EDGE ( 'NONE', *, *, #2285, .T. ) ;
#2145 = ORIENTED_EDGE ( 'NONE', *, *, #4107, .T. ) ;
#2146 = DIRECTION ( 'NONE',  ( -0.0000000000000000000, -1.000000000000000000, -0.0000000000000000000 ) ) ;
#2147 = FACE_OUTER_BOUND ( 'NONE', #1043, .T. ) ;
#2148 = ADVANCED_FACE ( 'NONE', ( #3390 ), #132, .F. ) ;
#2149 = FACE_OUTER_BOUND ( 'NONE', #1151, .T. ) ;
#2150 = CARTESIAN_POINT ( 'NONE',  ( 2.199999999999999300, 3.400000000000000400, 2.199999999999999700 ) ) ;
#2151 = CARTESIAN_POINT ( 'NONE',  ( 1.879526287316812200E-016, 4.549999999999999800, 1.534749683439675400 ) ) ;
#2152 = ORIENTED_EDGE ( 'NONE', *, *, #802, .F. ) ;
#2153 = CARTESIAN_POINT ( 'NONE',  ( 3.333974596215567600, 0.9000000000000000200, -2.600000000000000100 ) ) ;
#2154 = DIRECTION ( 'NONE',  ( -1.000000000000000000, -0.0000000000000000000, -0.0000000000000000000 ) ) ;
#2155 = CIRCLE ( 'NONE', #3233, 0.3749999999999994400 ) ;
#2156 = CIRCLE ( 'NONE', #1119, 0.1499999999999999700 ) ;
#2157 = CARTESIAN_POINT ( 'NONE',  ( -3.000000000000000400, 1.300000000000000000, -2.600000000000000100 ) ) ;
#2158 = EDGE_CURVE ( 'NONE', #2697, #477, #1726, .T. ) ;
#2159 = LINE ( 'NONE', #4172, #3608 ) ;
#2160 = FACE_OUTER_BOUND ( 'NONE', #1916, .T. ) ;
#2161 = CARTESIAN_POINT ( 'NONE',  ( 2.199999999999999300, 3.400000000000000400, -1.825000000000000200 ) ) ;
#2162 = FACE_OUTER_BOUND ( 'NONE', #2921, .T. ) ;
#2163 = DIRECTION ( 'NONE',  ( -1.000000000000000000, 0.0000000000000000000, -0.0000000000000000000 ) ) ;
#2164 = CARTESIAN_POINT ( 'NONE',  ( -1.350000000000000100, -0.4999999999999994400, -2.999999999999999100 ) ) ;
#2165 = VECTOR ( 'NONE', #2923, 1000.000000000000000 ) ;
#2166 = ORIENTED_EDGE ( 'NONE', *, *, #2447, .F. ) ;
#2167 = LINE ( 'NONE', #2218, #1200 ) ;
#2168 = EDGE_CURVE ( 'NONE', #174, #4167, #328, .T. ) ;
#2169 = CARTESIAN_POINT ( 'NONE',  ( 2.199999999999999300, 3.400000000000000400, -2.199999999999999700 ) ) ;
#2170 = VECTOR ( 'NONE', #2116, 1000.000000000000000 ) ;
#2171 = VERTEX_POINT ( 'NONE', #2901 ) ;
#2172 = CARTESIAN_POINT ( 'NONE',  ( 1.200000000000000000, 7.400000000000000400, -1.200000000000000600 ) ) ;
#2173 = DIRECTION ( 'NONE',  ( 0.0000000000000000000, 0.0000000000000000000, 1.000000000000000000 ) ) ;
#2174 = CARTESIAN_POINT ( 'NONE',  ( -1.200000000000000000, 7.599999999999999600, 0.0000000000000000000 ) ) ;
#2175 = AXIS2_PLACEMENT_3D ( 'NONE', #1355, #947, #963 ) ;
#2176 = ORIENTED_EDGE ( 'NONE', *, *, #2626, .T. ) ;
#2177 = ADVANCED_FACE ( 'NONE', ( #441 ), #3905, .F. ) ;
#2178 = DIRECTION ( 'NONE',  ( -1.000000000000000000, 0.0000000000000000000, 0.0000000000000000000 ) ) ;
#2179 = CARTESIAN_POINT ( 'NONE',  ( 2.750000000000000900, 3.400000000000000400, -2.749999999999999100 ) ) ;
#2180 = VERTEX_POINT ( 'NONE', #3972 ) ;
#2181 = DIRECTION ( 'NONE',  ( 1.000000000000000000, 0.0000000000000000000, 0.0000000000000000000 ) ) ;
#2182 = CARTESIAN_POINT ( 'NONE',  ( 2.499999999999999600, 0.5000000000000000000, 1.450000000000001100 ) ) ;
#2183 = ORIENTED_EDGE ( 'NONE', *, *, #3219, .T. ) ;
#2184 = ORIENTED_EDGE ( 'NONE', *, *, #3508, .T. ) ;
#2185 = CARTESIAN_POINT ( 'NONE',  ( 2.199999999999999300, 3.725000000000002800, -2.199999999999999700 ) ) ;
#2186 = MANIFOLD_SOLID_BREP ( 'Mirror1', #3222 ) ;
#2187 = DIRECTION ( 'NONE',  ( -0.0000000000000000000, -0.0000000000000000000, 1.000000000000000000 ) ) ;
#2188 = ORIENTED_EDGE ( 'NONE', *, *, #1871, .F. ) ;
#2189 = EDGE_CURVE ( 'NONE', #4436, #2610, #1025, .T. ) ;
#2190 = VERTEX_POINT ( 'NONE', #165 ) ;
#2191 = LINE ( 'NONE', #3509, #2134 ) ;
#2192 = DIRECTION ( 'NONE',  ( 0.0000000000000000000, -1.000000000000000000, 0.0000000000000000000 ) ) ;
#2193 = ORIENTED_EDGE ( 'NONE', *, *, #3898, .T. ) ;
#2194 = DIRECTION ( 'NONE',  ( -0.0000000000000000000, 1.000000000000000000, -0.0000000000000000000 ) ) ;
#2195 = EDGE_LOOP ( 'NONE', ( #3448, #2941, #2418, #4263 ) ) ;
#2196 = DIRECTION ( 'NONE',  ( 0.0000000000000000000, 1.000000000000000000, -0.0000000000000000000 ) ) ;
#2197 = EDGE_CURVE ( 'NONE', #2538, #2983, #542, .T. ) ;
#2198 = EDGE_LOOP ( 'NONE', ( #435, #2401, #895, #1442 ) ) ;
#2199 = DIRECTION ( 'NONE',  ( -0.0000000000000000000, 1.000000000000000000, -0.0000000000000000000 ) ) ;
#2200 = ADVANCED_FACE ( 'NONE', ( #314 ), #3484, .T. ) ;
#2201 = EDGE_LOOP ( 'NONE', ( #427, #1503, #936, #4324 ) ) ;
#2202 = AXIS2_PLACEMENT_3D ( 'NONE', #877, #1909, #1222 ) ;
#2203 = DIRECTION ( 'NONE',  ( -0.0000000000000000000, -1.000000000000000000, -0.0000000000000000000 ) ) ;
#2204 = CARTESIAN_POINT ( 'NONE',  ( -1.534749683439675400, 4.700000000000000200, 0.0000000000000000000 ) ) ;
#2205 = ORIENTED_EDGE ( 'NONE', *, *, #1205, .T. ) ;
#2206 = CYLINDRICAL_SURFACE ( 'NONE', #2549, 0.3749999999999998900 ) ;
#2207 = CARTESIAN_POINT ( 'NONE',  ( 2.199999999999999300, 3.400000000000000400, -2.199999999999999700 ) ) ;
#2208 = CARTESIAN_POINT ( 'NONE',  ( -3.853589838486224400, 0.2000000000000021800, -2.600000000000000100 ) ) ;
#2209 = VERTEX_POINT ( 'NONE', #3319 ) ;
#2210 = LINE ( 'NONE', #449, #3329 ) ;
#2211 = LINE ( 'NONE', #1632, #1506 ) ;
#2212 = DIRECTION ( 'NONE',  ( 0.0000000000000000000, 1.000000000000000000, 0.0000000000000000000 ) ) ;
#2213 = EDGE_LOOP ( 'NONE', ( #2262, #2454, #917, #1498 ) ) ;
#2214 = AXIS2_PLACEMENT_3D ( 'NONE', #2881, #3261, #3214 ) ;
#2215 = VECTOR ( 'NONE', #1943, 1000.000000000000000 ) ;
#2216 = EDGE_CURVE ( 'NONE', #4436, #3263, #3168, .T. ) ;
#2217 = LINE ( 'NONE', #4379, #3662 ) ;
#2218 = CARTESIAN_POINT ( 'NONE',  ( 3.000000000000000000, 0.5000000000000000000, -1.450000000000001100 ) ) ;
#2219 =( LENGTH_UNIT ( ) NAMED_UNIT ( * ) SI_UNIT ( .MILLI., .METRE. ) );
#2220 = LINE ( 'NONE', #657, #3181 ) ;
#2221 = VERTEX_POINT ( 'NONE', #3307 ) ;
#2222 = VECTOR ( 'NONE', #4316, 1000.000000000000000 ) ;
#2223 = AXIS2_PLACEMENT_3D ( 'NONE', #2585, #1586, #3639 ) ;
#2224 = CARTESIAN_POINT ( 'NONE',  ( -3.000000000000000400, 1.000000000000000000, 1.899999999999999700 ) ) ;
#2225 = EDGE_CURVE ( 'NONE', #1922, #3792, #3378, .T. ) ;
#2226 = DIRECTION ( 'NONE',  ( 0.0000000000000000000, 1.000000000000000000, 0.0000000000000000000 ) ) ;
#2227 = DIRECTION ( 'NONE',  ( -1.000000000000000000, 0.0000000000000000000, -0.0000000000000000000 ) ) ;
#2228 = FACE_OUTER_BOUND ( 'NONE', #2502, .T. ) ;
#2229 = DIRECTION ( 'NONE',  ( -0.0000000000000000000, 1.000000000000000000, -0.0000000000000000000 ) ) ;
#2230 = VERTEX_POINT ( 'NONE', #1612 ) ;
#2231 = LINE ( 'NONE', #2991, #3918 ) ;
#2232 = EDGE_CURVE ( 'NONE', #946, #2494, #4286, .T. ) ;
#2233 = DIRECTION ( 'NONE',  ( 0.0000000000000000000, 0.0000000000000000000, -1.000000000000000000 ) ) ;
#2234 = EDGE_LOOP ( 'NONE', ( #2398, #3244, #272, #2361 ) ) ;
#2235 = PRODUCT_DEFINITION_SHAPE ( 'NONE', 'NONE',  #3041 ) ;
#2236 = DIRECTION ( 'NONE',  ( 0.0000000000000000000, 0.0000000000000000000, -1.000000000000000000 ) ) ;
#2237 = DIRECTION ( 'NONE',  ( -0.0000000000000000000, -0.0000000000000000000, 1.000000000000000000 ) ) ;
#2238 = ORIENTED_EDGE ( 'NONE', *, *, #2690, .T. ) ;
#2239 = DIRECTION ( 'NONE',  ( 0.0000000000000000000, 0.0000000000000000000, 1.000000000000000000 ) ) ;
#2240 = SURFACE_SIDE_STYLE ('',( #1561 ) ) ;
#2241 = DIRECTION ( 'NONE',  ( -0.0000000000000000000, -1.000000000000000000, -0.0000000000000000000 ) ) ;
#2242 = AXIS2_PLACEMENT_3D ( 'NONE', #2430, #3770, #3740 ) ;
#2243 = SURFACE_STYLE_USAGE ( .BOTH. , #2254 ) ;
#2244 = ORIENTED_EDGE ( 'NONE', *, *, #1985, .T. ) ;
#2245 = DIRECTION ( 'NONE',  ( 0.0000000000000000000, 0.0000000000000000000, -1.000000000000000000 ) ) ;
#2246 = EDGE_LOOP ( 'NONE', ( #743, #942, #366, #362, #334, #452, #3203, #829, #4272, #3423, #1052, #1906 ) ) ;
#2247 = ORIENTED_EDGE ( 'NONE', *, *, #1183, .F. ) ;
#2248 = EDGE_LOOP ( 'NONE', ( #4434, #792, #2145, #2183 ) ) ;
#2249 = VECTOR ( 'NONE', #1655, 1000.000000000000000 ) ;
#2250 = AXIS2_PLACEMENT_3D ( 'NONE', #2640, #2281, #1597 ) ;
#2251 = EDGE_CURVE ( 'NONE', #2230, #1802, #4077, .T. ) ;
#2252 = DIRECTION ( 'NONE',  ( 0.0000000000000000000, 0.0000000000000000000, -1.000000000000000000 ) ) ;
#2253 = ORIENTED_EDGE ( 'NONE', *, *, #1722, .T. ) ;
#2254 = SURFACE_SIDE_STYLE ('',( #1812 ) ) ;
#2255 = DIRECTION ( 'NONE',  ( 0.0000000000000000000, 0.0000000000000000000, -1.000000000000000000 ) ) ;
#2256 = ORIENTED_EDGE ( 'NONE', *, *, #1307, .F. ) ;
#2257 = DIRECTION ( 'NONE',  ( -0.0000000000000000000, 1.000000000000000000, 0.0000000000000000000 ) ) ;
#2258 = EDGE_CURVE ( 'NONE', #1368, #1065, #1667, .T. ) ;
#2259 = EDGE_LOOP ( 'NONE', ( #249, #3459, #1365, #825 ) ) ;
#2260 = AXIS2_PLACEMENT_3D ( 'NONE', #3908, #475, #864 ) ;
#2261 = DIRECTION ( 'NONE',  ( -1.000000000000000000, 0.0000000000000000000, 0.0000000000000000000 ) ) ;
#2262 = ORIENTED_EDGE ( 'NONE', *, *, #2043, .T. ) ;
#2263 = VECTOR ( 'NONE', #3670, 1000.000000000000000 ) ;
#2264 = TOROIDAL_SURFACE ( 'NONE', #3018, 1.534749683439675400, 0.1499999999999999400 ) ;
#2265 = VECTOR ( 'NONE', #625, 1000.000000000000000 ) ;
#2266 = DIRECTION ( 'NONE',  ( -0.0000000000000000000, -1.000000000000000000, -0.0000000000000000000 ) ) ;
#2267 = DIRECTION ( 'NONE',  ( 1.000000000000000000, 0.0000000000000000000, 0.0000000000000000000 ) ) ;
#2268 = ADVANCED_FACE ( 'NONE', ( #4264 ), #731, .T. ) ;
#2269 = EDGE_LOOP ( 'NONE', ( #3047, #2340, #305, #4064 ) ) ;
#2270 = VECTOR ( 'NONE', #695, 1000.000000000000000 ) ;
#2271 = CARTESIAN_POINT ( 'NONE',  ( 2.063111403927736300E-016, 4.555234924505374000, 1.684658307492539900 ) ) ;
#2272 = LINE ( 'NONE', #4168, #1723 ) ;
#2273 = DIRECTION ( 'NONE',  ( 0.0000000000000000000, 0.0000000000000000000, 1.000000000000000000 ) ) ;
#2274 = DIRECTION ( 'NONE',  ( 1.000000000000000000, 0.0000000000000000000, 0.0000000000000000000 ) ) ;
#2275 = DIRECTION ( 'NONE',  ( 0.0000000000000000000, 0.0000000000000000000, 1.000000000000000000 ) ) ;
#2276 = AXIS2_PLACEMENT_3D ( 'NONE', #476, #404, #4277 ) ;
#2277 = EDGE_CURVE ( 'NONE', #3507, #518, #2568, .T. ) ;
#2278 = LINE ( 'NONE', #137, #499 ) ;
#2279 = ORIENTED_EDGE ( 'NONE', *, *, #827, .T. ) ;
#2280 = LINE ( 'NONE', #4302, #2857 ) ;
#2281 = DIRECTION ( 'NONE',  ( -0.0000000000000000000, -0.0000000000000000000, -1.000000000000000000 ) ) ;
#2282 = DIRECTION ( 'NONE',  ( 0.0000000000000000000, 0.0000000000000000000, -1.000000000000000000 ) ) ;
#2283 = ORIENTED_EDGE ( 'NONE', *, *, #4455, .T. ) ;
#2284 = FACE_OUTER_BOUND ( 'NONE', #2234, .T. ) ;
#2285 = EDGE_CURVE ( 'NONE', #1164, #3627, #3362, .T. ) ;
#2286 = DIRECTION ( 'NONE',  ( 1.000000000000000000, 0.0000000000000000000, -1.577021341797097800E-016 ) ) ;
#2287 = DIRECTION ( 'NONE',  ( 0.0000000000000000000, -0.0000000000000000000, 1.000000000000000000 ) ) ;
#2288 = CARTESIAN_POINT ( 'NONE',  ( 1.400000000000000100, 7.599999999999999600, 1.199999999999999300 ) ) ;
#2289 = CARTESIAN_POINT ( 'NONE',  ( 2.199999999999999300, 3.725000000000002800, -2.199999999999999700 ) ) ;
#2290 = ORIENTED_EDGE ( 'NONE', *, *, #2813, .F. ) ;
#2291 = CARTESIAN_POINT ( 'NONE',  ( -2.750000000000000000, 3.400000000000000400, -2.999999999999999100 ) ) ;
#2292 = AXIS2_PLACEMENT_3D ( 'NONE', #3878, #2187, #2487 ) ;
#2293 = ORIENTED_EDGE ( 'NONE', *, *, #2665, .T. ) ;
#2294 = VERTEX_POINT ( 'NONE', #470 ) ;
#2295 = DIRECTION ( 'NONE',  ( 1.000000000000000000, 0.0000000000000000000, 0.0000000000000000000 ) ) ;
#2296 = ORIENTED_EDGE ( 'NONE', *, *, #3898, .F. ) ;
#2297 = CARTESIAN_POINT ( 'NONE',  ( 2.750000000000000900, 3.700000000000000200, -2.999999999999998200 ) ) ;
#2298 = AXIS2_PLACEMENT_3D ( 'NONE', #218, #2938, #2632 ) ;
#2299 = EDGE_LOOP ( 'NONE', ( #862, #931, #1851, #392, #1807, #2952, #3098, #1495 ) ) ;
#2300 = VECTOR ( 'NONE', #1570, 1000.000000000000000 ) ;
#2301 = CARTESIAN_POINT ( 'NONE',  ( 3.333974596215567600, 0.9000000000000000200, -1.899999999999999700 ) ) ;
#2302 = ORIENTED_EDGE ( 'NONE', *, *, #4163, .F. ) ;
#2303 = DIRECTION ( 'NONE',  ( 1.000000000000000000, -0.0000000000000000000, 0.0000000000000000000 ) ) ;
#2304 = ORIENTED_EDGE ( 'NONE', *, *, #2070, .F. ) ;
#2305 = FACE_OUTER_BOUND ( 'NONE', #3399, .T. ) ;
#2306 = DIRECTION ( 'NONE',  ( 0.0000000000000000000, -1.000000000000000000, 0.0000000000000000000 ) ) ;
#2307 = EDGE_CURVE ( 'NONE', #3874, #3781, #1541, .T. ) ;
#2308 = CARTESIAN_POINT ( 'NONE',  ( -3.680384757729344300, 1.099999999999998100, -1.899999999999999700 ) ) ;
#2309 = ORIENTED_EDGE ( 'NONE', *, *, #2457, .F. ) ;
#2310 = DIRECTION ( 'NONE',  ( -1.000000000000000000, 0.0000000000000000000, -0.0000000000000000000 ) ) ;
#2311 =( NAMED_UNIT ( * ) PLANE_ANGLE_UNIT ( ) SI_UNIT ( $, .RADIAN. ) );
#2312 = AXIS2_PLACEMENT_3D ( 'NONE', #2150, #453, #1794 ) ;
#2313 = CARTESIAN_POINT ( 'NONE',  ( 2.199999999999999300, 3.725000000000002800, -2.199999999999999700 ) ) ;
#2314 = EDGE_CURVE ( 'NONE', #1702, #4000, #2191, .T. ) ;
#2315 = CARTESIAN_POINT ( 'NONE',  ( 1.200000000000000000, 7.400000000000000400, -1.200000000000000600 ) ) ;
#2316 = CARTESIAN_POINT ( 'NONE',  ( -3.680384757729344300, 1.099999999999998100, 2.600000000000000100 ) ) ;
#2317 = ORIENTED_EDGE ( 'NONE', *, *, #1759, .T. ) ;
#2318 = ADVANCED_FACE ( 'NONE', ( #1648 ), #534, .T. ) ;
#2319 = DIRECTION ( 'NONE',  ( -0.0000000000000000000, -0.0000000000000000000, -1.000000000000000000 ) ) ;
#2320 = ORIENTED_EDGE ( 'NONE', *, *, #3128, .F. ) ;
#2321 = EDGE_CURVE ( 'NONE', #1223, #3683, #1231, .T. ) ;
#2322 = CIRCLE ( 'NONE', #948, 0.1000000000000002600 ) ;
#2323 = LINE ( 'NONE', #4380, #145 ) ;
#2324 = CARTESIAN_POINT ( 'NONE',  ( 3.680384757729344300, 1.099999999999998100, -1.899999999999999700 ) ) ;
#2325 = VERTEX_POINT ( 'NONE', #1790 ) ;
#2326 = DIRECTION ( 'NONE',  ( -0.0000000000000000000, -0.0000000000000000000, 1.000000000000000000 ) ) ;
#2327 = FACE_OUTER_BOUND ( 'NONE', #2773, .T. ) ;
#2328 = CYLINDRICAL_SURFACE ( 'NONE', #339, 0.1000000000000002600 ) ;
#2329 = AXIS2_PLACEMENT_3D ( 'NONE', #3725, #3341, #1997 ) ;
#2330 = CARTESIAN_POINT ( 'NONE',  ( -2.199999999999999300, 3.400000000000000400, -1.824999999999999700 ) ) ;
#2331 = CARTESIAN_POINT ( 'NONE',  ( -5.000000000000000000, 0.2999999999999999900, 1.899999999999999700 ) ) ;
#2332 = VERTEX_POINT ( 'NONE', #364 ) ;
#2333 = DIRECTION ( 'NONE',  ( -0.0000000000000000000, -0.0000000000000000000, -1.000000000000000000 ) ) ;
#2334 = CIRCLE ( 'NONE', #2260, 0.1000000000000002600 ) ;
#2335 = CARTESIAN_POINT ( 'NONE',  ( -4.200000000000000200, 0.2999999999999999900, -2.600000000000000100 ) ) ;
#2336 = LINE ( 'NONE', #865, #2001 ) ;
#2337 = EDGE_CURVE ( 'NONE', #2325, #229, #965, .T. ) ;
#2338 = CARTESIAN_POINT ( 'NONE',  ( -1.350000000000000100, 0.4999999999999993300, -2.999999999999999100 ) ) ;
#2339 = CYLINDRICAL_SURFACE ( 'NONE', #1786, 0.8499999999999999800 ) ;
#2340 = ORIENTED_EDGE ( 'NONE', *, *, #4216, .F. ) ;
#2341 = VECTOR ( 'NONE', #4191, 1000.000000000000000 ) ;
#2342 = CIRCLE ( 'NONE', #2837, 0.3999999999999997400 ) ;
#2343 = ORIENTED_EDGE ( 'NONE', *, *, #1058, .T. ) ;
#2344 = CYLINDRICAL_SURFACE ( 'NONE', #3663, 0.3749999999999994400 ) ;
#2345 = CARTESIAN_POINT ( 'NONE',  ( 4.200000000000000200, 0.4000000000000000200, -1.899999999999999700 ) ) ;
#2346 = AXIS2_PLACEMENT_3D ( 'NONE', #944, #4308, #2601 ) ;
#2347 = EDGE_CURVE ( 'NONE', #1273, #3839, #2582, .T. ) ;
#2348 = EDGE_LOOP ( 'NONE', ( #3144, #4149, #2253, #1415 ) ) ;
#2349 = EDGE_CURVE ( 'NONE', #3159, #1873, #2140, .T. ) ;
#2350 = ORIENTED_EDGE ( 'NONE', *, *, #255, .F. ) ;
#2351 = DIRECTION ( 'NONE',  ( -1.577021341797097800E-016, -0.0000000000000000000, -1.000000000000000000 ) ) ;
#2352 = ORIENTED_EDGE ( 'NONE', *, *, #2394, .F. ) ;
#2353 = CARTESIAN_POINT ( 'NONE',  ( 3.000000000000000400, 1.300000000000000000, 1.899999999999999700 ) ) ;
#2354 = AXIS2_PLACEMENT_3D ( 'NONE', #1195, #4311, #2255 ) ;
#2355 = ORIENTED_EDGE ( 'NONE', *, *, #2847, .F. ) ;
#2356 = ORIENTED_EDGE ( 'NONE', *, *, #383, .F. ) ;
#2357 = EDGE_LOOP ( 'NONE', ( #4109, #3922 ) ) ;
#2358 = CARTESIAN_POINT ( 'NONE',  ( 3.000000000000000400, 1.300000000000000000, -1.899999999999999700 ) ) ;
#2359 = ORIENTED_EDGE ( 'NONE', *, *, #379, .F. ) ;
#2360 = DIRECTION ( 'NONE',  ( 1.000000000000000000, 0.0000000000000000000, 0.0000000000000000000 ) ) ;
#2361 = ORIENTED_EDGE ( 'NONE', *, *, #4314, .T. ) ;
#2362 = DIRECTION ( 'NONE',  ( -1.000000000000000000, -0.0000000000000000000, 1.548860246407863600E-016 ) ) ;
#2363 = AXIS2_PLACEMENT_3D ( 'NONE', #856, #194, #842 ) ;
#2364 = ADVANCED_FACE ( 'NONE', ( #3477 ), #4030, .F. ) ;
#2365 = EDGE_CURVE ( 'NONE', #2638, #709, #1303, .T. ) ;
#2366 = EDGE_LOOP ( 'NONE', ( #1537, #4101, #3195, #3139, #1282 ) ) ;
#2367 = DIRECTION ( 'NONE',  ( 0.0000000000000000000, 0.0000000000000000000, -1.000000000000000000 ) ) ;
#2368 = EDGE_LOOP ( 'NONE', ( #2080, #2776, #3056, #734 ) ) ;
#2369 = CARTESIAN_POINT ( 'NONE',  ( 0.0000000000000000000, 5.799999999999999800, 0.0000000000000000000 ) ) ;
#2370 = AXIS2_PLACEMENT_3D ( 'NONE', #2607, #3643, #1575 ) ;
#2371 = DIRECTION ( 'NONE',  ( -1.000000000000000000, 0.0000000000000000000, 0.0000000000000000000 ) ) ;
#2372 = ORIENTED_EDGE ( 'NONE', *, *, #3501, .T. ) ;
#2373 = LINE ( 'NONE', #2977, #2592 ) ;
#2374 = VECTOR ( 'NONE', #3353, 1000.000000000000000 ) ;
#2375 = DIRECTION ( 'NONE',  ( -0.0000000000000000000, 1.000000000000000000, -0.0000000000000000000 ) ) ;
#2376 = AXIS2_PLACEMENT_3D ( 'NONE', #394, #480, #4233 ) ;
#2377 = DIRECTION ( 'NONE',  ( 1.000000000000000000, 0.0000000000000000000, 0.0000000000000000000 ) ) ;
#2378 = VECTOR ( 'NONE', #3607, 1000.000000000000000 ) ;
#2379 = LINE ( 'NONE', #3616, #217 ) ;
#2380 = CARTESIAN_POINT ( 'NONE',  ( -3.000000000000000000, 0.09999999999999939500, 2.750000000000000000 ) ) ;
#2381 = VECTOR ( 'NONE', #4398, 1000.000000000000000 ) ;
#2382 = ADVANCED_FACE ( 'NONE', ( #1229 ), #460, .F. ) ;
#2383 = CIRCLE ( 'NONE', #640, 0.3749999999999994400 ) ;
#2384 = EDGE_LOOP ( 'NONE', ( #2663, #2777, #32, #715, #186, #181, #766, #3033, #1299, #1977, #83, #143 ) ) ;
#2385 = CIRCLE ( 'NONE', #749, 0.2500000000000002200 ) ;
#2386 = CARTESIAN_POINT ( 'NONE',  ( 0.0000000000000000000, 4.549999999999999800, 0.0000000000000000000 ) ) ;
#2387 = DIRECTION ( 'NONE',  ( 0.0000000000000000000, 0.0000000000000000000, 1.000000000000000000 ) ) ;
#2388 = VERTEX_POINT ( 'NONE', #3569 ) ;
#2389 = DIRECTION ( 'NONE',  ( 1.000000000000000000, 0.0000000000000000000, 0.0000000000000000000 ) ) ;
#2390 = DIRECTION ( 'NONE',  ( 0.0000000000000000000, 1.000000000000000000, 0.0000000000000000000 ) ) ;
#2391 = DIRECTION ( 'NONE',  ( 0.0000000000000000000, -0.9993908270190958700, -0.03489949670249373900 ) ) ;
#2392 = VERTEX_POINT ( 'NONE', #1882 ) ;
#2393 = AXIS2_PLACEMENT_3D ( 'NONE', #4438, #3068, #331 ) ;
#2394 = EDGE_CURVE ( 'NONE', #854, #2507, #1276, .T. ) ;
#2395 = PLANE ( 'NONE',  #2608 ) ;
#2396 = CARTESIAN_POINT ( 'NONE',  ( -3.420577136594011900, 0.9499999999999995100, -2.600000000000000100 ) ) ;
#2397 = DIRECTION ( 'NONE',  ( 1.000000000000000000, 0.0000000000000000000, 7.885106708985486600E-017 ) ) ;
#2398 = ORIENTED_EDGE ( 'NONE', *, *, #1959, .T. ) ;
#2399 = EDGE_CURVE ( 'NONE', #1666, #4428, #2929, .T. ) ;
#2400 = VERTEX_POINT ( 'NONE', #242 ) ;
#2401 = ORIENTED_EDGE ( 'NONE', *, *, #1843, .F. ) ;
#2402 = DIRECTION ( 'NONE',  ( -0.0000000000000000000, -1.000000000000000000, -0.0000000000000000000 ) ) ;
#2403 = ADVANCED_FACE ( 'NONE', ( #4280 ), #286, .F. ) ;
#2404 = DIRECTION ( 'NONE',  ( 0.0000000000000000000, 0.0000000000000000000, -1.000000000000000000 ) ) ;
#2405 = ORIENTED_EDGE ( 'NONE', *, *, #2999, .F. ) ;
#2406 = ORIENTED_EDGE ( 'NONE', *, *, #3103, .T. ) ;
#2407 = STYLED_ITEM ( 'NONE', ( #650 ), #3196 ) ;
#2408 = ORIENTED_EDGE ( 'NONE', *, *, #4048, .T. ) ;
#2409 = DIRECTION ( 'NONE',  ( -0.0000000000000000000, 1.000000000000000000, -0.0000000000000000000 ) ) ;
#2410 = EDGE_CURVE ( 'NONE', #4211, #1393, #1332, .T. ) ;
#2411 = VERTEX_POINT ( 'NONE', #1287 ) ;
#2412 = CARTESIAN_POINT ( 'NONE',  ( 4.200000000000000200, 0.4000000000000000200, 2.600000000000000100 ) ) ;
#2413 = DIRECTION ( 'NONE',  ( -0.0000000000000000000, -1.000000000000000000, -0.0000000000000000000 ) ) ;
#2414 = ORIENTED_EDGE ( 'NONE', *, *, #4081, .T. ) ;
#2415 = AXIS2_PLACEMENT_3D ( 'NONE', #846, #3923, #103 ) ;
#2416 = EDGE_CURVE ( 'NONE', #3736, #2928, #280, .T. ) ;
#2417 = CARTESIAN_POINT ( 'NONE',  ( -2.199999999999999300, 3.400000000000000400, 2.199999999999999700 ) ) ;
#2418 = ORIENTED_EDGE ( 'NONE', *, *, #3426, .F. ) ;
#2419 =( NAMED_UNIT ( * ) SI_UNIT ( $, .STERADIAN. ) SOLID_ANGLE_UNIT ( ) );
#2420 = LINE ( 'NONE', #4321, #3325 ) ;
#2421 = FACE_OUTER_BOUND ( 'NONE', #2456, .T. ) ;
#2422 = ORIENTED_EDGE ( 'NONE', *, *, #2540, .T. ) ;
#2423 = EDGE_CURVE ( 'NONE', #15, #3603, #1507, .T. ) ;
#2424 = CARTESIAN_POINT ( 'NONE',  ( -2.750000000000000000, -8.485281374238571300, -2.999999999999999100 ) ) ;
#2425 = ADVANCED_FACE ( 'NONE', ( #4404 ), #3553, .F. ) ;
#2426 = CYLINDRICAL_SURFACE ( 'NONE', #1797, 0.3749999999999998900 ) ;
#2427 = DIRECTION ( 'NONE',  ( 0.0000000000000000000, 0.0000000000000000000, 1.000000000000000000 ) ) ;
#2428 = DIRECTION ( 'NONE',  ( 1.000000000000000000, 0.0000000000000000000, -1.548860246407863600E-016 ) ) ;
#2429 = VECTOR ( 'NONE', #3278, 1000.000000000000000 ) ;
#2430 = CARTESIAN_POINT ( 'NONE',  ( -2.199999999999999300, 3.725000000000002800, -2.199999999999999700 ) ) ;
#2431 = VECTOR ( 'NONE', #1917, 1000.000000000000000 ) ;
#2432 = EDGE_CURVE ( 'NONE', #36, #1101, #744, .T. ) ;
#2433 = VECTOR ( 'NONE', #886, 1000.000000000000000 ) ;
#2434 = DIRECTION ( 'NONE',  ( 0.0000000000000000000, 1.000000000000000000, 0.0000000000000000000 ) ) ;
#2435 = EDGE_LOOP ( 'NONE', ( #703, #2722, #2126, #2135 ) ) ;
#2436 = DIRECTION ( 'NONE',  ( 0.0000000000000000000, 0.0000000000000000000, 1.000000000000000000 ) ) ;
#2437 = VECTOR ( 'NONE', #3004, 1000.000000000000000 ) ;
#2438 = DIRECTION ( 'NONE',  ( 1.000000000000000000, 6.492722409255913900E-016, 0.0000000000000000000 ) ) ;
#2439 = FACE_OUTER_BOUND ( 'NONE', #904, .T. ) ;
#2440 = ORIENTED_EDGE ( 'NONE', *, *, #1902, .T. ) ;
#2441 = VECTOR ( 'NONE', #1795, 1000.000000000000000 ) ;
#2442 = CARTESIAN_POINT ( 'NONE',  ( 3.333974596215567600, 0.9000000000000000200, 1.899999999999999700 ) ) ;
#2443 = ORIENTED_EDGE ( 'NONE', *, *, #4282, .F. ) ;
#2444 = EDGE_LOOP ( 'NONE', ( #2471, #1698, #2645, #821 ) ) ;
#2445 = CARTESIAN_POINT ( 'NONE',  ( -3.420577136594011900, 0.9499999999999995100, 2.600000000000000100 ) ) ;
#2446 = AXIS2_PLACEMENT_3D ( 'NONE', #270, #3057, #2360 ) ;
#2447 = EDGE_CURVE ( 'NONE', #3192, #1182, #357, .T. ) ;
#2448 = VERTEX_POINT ( 'NONE', #3696 ) ;
#2449 = ADVANCED_FACE ( 'NONE', ( #2160 ), #3268, .T. ) ;
#2450 = DIRECTION ( 'NONE',  ( 0.0000000000000000000, 1.000000000000000000, 0.0000000000000000000 ) ) ;
#2451 = CARTESIAN_POINT ( 'NONE',  ( 3.853589838486224400, 0.2000000000000021800, 1.899999999999999700 ) ) ;
#2452 = AXIS2_PLACEMENT_3D ( 'NONE', #1172, #2199, #839 ) ;
#2453 = EDGE_CURVE ( 'NONE', #677, #2595, #468, .T. ) ;
#2454 = ORIENTED_EDGE ( 'NONE', *, *, #411, .F. ) ;
#2455 = ORIENTED_EDGE ( 'NONE', *, *, #1211, .T. ) ;
#2456 = EDGE_LOOP ( 'NONE', ( #1876, #991, #2193, #79 ) ) ;
#2457 = EDGE_CURVE ( 'NONE', #4045, #4253, #1825, .T. ) ;
#2458 = CARTESIAN_POINT ( 'NONE',  ( 3.853589838486224400, 0.2000000000000021800, -1.899999999999999700 ) ) ;
#2459 = ORIENTED_EDGE ( 'NONE', *, *, #2565, .T. ) ;
#2460 = CARTESIAN_POINT ( 'NONE',  ( 4.200000000000000200, 0.2999999999999999900, -1.899999999999999700 ) ) ;
#2461 = CARTESIAN_POINT ( 'NONE',  ( -1.200000000000000200, 7.400000000000000400, -1.200000000000000200 ) ) ;
#2462 = CARTESIAN_POINT ( 'NONE',  ( -4.113397459621556800, 0.3500000000000005300, -2.600000000000000100 ) ) ;
#2463 = ORIENTED_EDGE ( 'NONE', *, *, #3926, .T. ) ;
#2464 = VERTEX_POINT ( 'NONE', #1610 ) ;
#2465 = AXIS2_PLACEMENT_3D ( 'NONE', #4417, #3045, #289 ) ;
#2466 = CARTESIAN_POINT ( 'NONE',  ( -3.000000000000000400, 1.300000000000000000, -2.600000000000000100 ) ) ;
#2467 = PRODUCT ( 'TL3301SPF160QG', 'TL3301SPF160QG', '', ( #795 ) ) ;
#2468 = VERTEX_POINT ( 'NONE', #1640 ) ;
#2469 = DIRECTION ( 'NONE',  ( -0.0000000000000000000, -1.000000000000000000, -0.0000000000000000000 ) ) ;
#2470 = ADVANCED_FACE ( 'NONE', ( #168 ), #2691, .F. ) ;
#2471 = ORIENTED_EDGE ( 'NONE', *, *, #1990, .F. ) ;
#2472 = VECTOR ( 'NONE', #2834, 1000.000000000000000 ) ;
#2473 = CARTESIAN_POINT ( 'NONE',  ( 5.000000000000000000, 0.0000000000000000000, 2.600000000000000100 ) ) ;
#2474 = EDGE_LOOP ( 'NONE', ( #3881, #2238, #595, #790, #41 ) ) ;
#2475 = VECTOR ( 'NONE', #2029, 1000.000000000000000 ) ;
#2476 = AXIS2_PLACEMENT_3D ( 'NONE', #3733, #1654, #1672 ) ;
#2477 = LINE ( 'NONE', #1198, #3655 ) ;
#2478 = EDGE_CURVE ( 'NONE', #2983, #1020, #2057, .T. ) ;
#2479 = CARTESIAN_POINT ( 'NONE',  ( 0.0000000000000000000, 3.400000000000000400, 0.0000000000000000000 ) ) ;
#2480 = SURFACE_SIDE_STYLE ('',( #3575 ) ) ;
#2481 = DIRECTION ( 'NONE',  ( -0.0000000000000000000, -1.000000000000000000, 0.0000000000000000000 ) ) ;
#2482 = FACE_OUTER_BOUND ( 'NONE', #4035, .T. ) ;
#2483 = CYLINDRICAL_SURFACE ( 'NONE', #3809, 0.3999999999999997400 ) ;
#2484 = EDGE_CURVE ( 'NONE', #2190, #4429, #1260, .T. ) ;
#2485 = CARTESIAN_POINT ( 'NONE',  ( 1.040949779275250100E-016, 3.400000000000000400, 0.8499999999999999800 ) ) ;
#2486 = VECTOR ( 'NONE', #4412, 1000.000000000000000 ) ;
#2487 = DIRECTION ( 'NONE',  ( -1.000000000000000000, 0.0000000000000000000, 0.0000000000000000000 ) ) ;
#2488 = DIRECTION ( 'NONE',  ( 1.000000000000000000, 0.0000000000000000000, 0.0000000000000000000 ) ) ;
#2489 = CIRCLE ( 'NONE', #1651, 0.3749999999999998900 ) ;
#2490 = AXIS2_PLACEMENT_3D ( 'NONE', #2859, #2493, #1154 ) ;
#2491 = ORIENTED_EDGE ( 'NONE', *, *, #1774, .F. ) ;
#2492 = ADVANCED_FACE ( 'NONE', ( #3671 ), #1520, .T. ) ;
#2493 = DIRECTION ( 'NONE',  ( 0.0000000000000000000, 1.000000000000000000, 0.0000000000000000000 ) ) ;
#2494 = VERTEX_POINT ( 'NONE', #633 ) ;
#2495 = CARTESIAN_POINT ( 'NONE',  ( 1.350000000000000100, -0.4999999999999994400, -2.999999999999999100 ) ) ;
#2496 = VERTEX_POINT ( 'NONE', #3392 ) ;
#2497 = CARTESIAN_POINT ( 'NONE',  ( 2.750000000000000900, 3.700000000000000200, -2.749999999999999100 ) ) ;
#2498 = CARTESIAN_POINT ( 'NONE',  ( -2.199999999999999300, 3.400000000000000400, -2.199999999999999700 ) ) ;
#2499 = ORIENTED_EDGE ( 'NONE', *, *, #4107, .F. ) ;
#2500 = AXIS2_PLACEMENT_3D ( 'NONE', #292, #1684, #2377 ) ;
#2501 = EDGE_CURVE ( 'NONE', #109, #1911, #934, .T. ) ;
#2502 = EDGE_LOOP ( 'NONE', ( #3869, #1687, #4197, #2372 ) ) ;
#2503 = ORIENTED_EDGE ( 'NONE', *, *, #2251, .T. ) ;
#2504 = CARTESIAN_POINT ( 'NONE',  ( 3.000000000000000000, 0.5000000000000000000, -1.450000000000001100 ) ) ;
#2505 = CARTESIAN_POINT ( 'NONE',  ( -3.000000000000000400, 1.300000000000000000, 1.899999999999999700 ) ) ;
#2506 = EDGE_CURVE ( 'NONE', #3977, #4166, #3558, .T. ) ;
#2507 = VERTEX_POINT ( 'NONE', #4425 ) ;
#2508 = ORIENTED_EDGE ( 'NONE', *, *, #1836, .F. ) ;
#2509 = DIRECTION ( 'NONE',  ( 0.0000000000000000000, 0.0000000000000000000, -1.000000000000000000 ) ) ;
#2510 = ADVANCED_FACE ( 'NONE', ( #1778 ), #4084, .F. ) ;
#2511 = ORIENTED_EDGE ( 'NONE', *, *, #923, .F. ) ;
#2512 = ORIENTED_EDGE ( 'NONE', *, *, #4010, .F. ) ;
#2513 = AXIS2_PLACEMENT_3D ( 'NONE', #176, #1206, #1862 ) ;
#2514 = DIRECTION ( 'NONE',  ( 0.0000000000000000000, -1.000000000000000000, 0.0000000000000000000 ) ) ;
#2515 = CARTESIAN_POINT ( 'NONE',  ( -2.500000000000000000, 0.5000000000000000000, -3.000000000000000900 ) ) ;
#2516 = CARTESIAN_POINT ( 'NONE',  ( 1.200000000000000000, 7.400000000000000400, 1.199999999999999300 ) ) ;
#2517 = ORIENTED_EDGE ( 'NONE', *, *, #307, .T. ) ;
#2518 = CARTESIAN_POINT ( 'NONE',  ( 2.500000000000000000, 0.5000000000000000000, -3.000000000000000900 ) ) ;
#2519 = DIRECTION ( 'NONE',  ( 6.492722409255913900E-016, 1.000000000000000000, 0.0000000000000000000 ) ) ;
#2520 = AXIS2_PLACEMENT_3D ( 'NONE', #867, #3941, #2616 ) ;
#2521 = ORIENTED_EDGE ( 'NONE', *, *, #3240, .T. ) ;
#2522 = DIRECTION ( 'NONE',  ( -1.000000000000000000, 0.0000000000000000000, 1.577021341797098100E-016 ) ) ;
#2523 = ORIENTED_EDGE ( 'NONE', *, *, #1293, .F. ) ;
#2524 = CYLINDRICAL_SURFACE ( 'NONE', #74, 0.3749999999999994400 ) ;
#2525 = EDGE_CURVE ( 'NONE', #229, #3637, #2542, .T. ) ;
#2526 = DIRECTION ( 'NONE',  ( -0.0000000000000000000, 1.000000000000000000, 0.0000000000000000000 ) ) ;
#2527 = DIRECTION ( 'NONE',  ( 0.8660254037844413700, 0.4999999999999952300, -0.0000000000000000000 ) ) ;
#2528 = ORIENTED_EDGE ( 'NONE', *, *, #3426, .T. ) ;
#2529 = VECTOR ( 'NONE', #71, 1000.000000000000000 ) ;
#2530 = AXIS2_PLACEMENT_3D ( 'NONE', #3197, #4252, #1874 ) ;
#2531 = ADVANCED_FACE ( 'NONE', ( #3872 ), #1001, .F. ) ;
#2532 = SPHERICAL_SURFACE ( 'NONE', #4003, 0.2000000000000000100 ) ;
#2533 = CARTESIAN_POINT ( 'NONE',  ( 1.399999999999999900, 1.840202025355333300, 1.399999999999999200 ) ) ;
#2534 = DIRECTION ( 'NONE',  ( 0.0000000000000000000, 0.0000000000000000000, 1.000000000000000000 ) ) ;
#2535 = CYLINDRICAL_SURFACE ( 'NONE', #793, 0.2000000000000000900 ) ;
#2536 = CARTESIAN_POINT ( 'NONE',  ( 3.000000000000000000, -8.485281374238571300, -2.749999999999999100 ) ) ;
#2537 = VECTOR ( 'NONE', #997, 1000.000000000000000 ) ;
#2538 = VERTEX_POINT ( 'NONE', #2774 ) ;
#2539 = VECTOR ( 'NONE', #3355, 1000.000000000000000 ) ;
#2540 = EDGE_CURVE ( 'NONE', #2468, #1020, #2342, .T. ) ;
#2541 = DIRECTION ( 'NONE',  ( 1.000000000000000000, 0.0000000000000000000, 0.0000000000000000000 ) ) ;
#2542 = LINE ( 'NONE', #2062, #277 ) ;
#2543 = FACE_OUTER_BOUND ( 'NONE', #3371, .T. ) ;
#2544 = ORIENTED_EDGE ( 'NONE', *, *, #4117, .F. ) ;
#2545 = PLANE ( 'NONE',  #3060 ) ;
#2546 = VECTOR ( 'NONE', #485, 1000.000000000000000 ) ;
#2547 = DIRECTION ( 'NONE',  ( 1.000000000000000000, -0.0000000000000000000, -1.548860246407863600E-016 ) ) ;
#2548 = DIRECTION ( 'NONE',  ( 1.000000000000000000, 0.0000000000000000000, 0.0000000000000000000 ) ) ;
#2549 = AXIS2_PLACEMENT_3D ( 'NONE', #637, #2375, #3689 ) ;
#2550 = ORIENTED_EDGE ( 'NONE', *, *, #1248, .F. ) ;
#2551 = DIRECTION ( 'NONE',  ( 0.0000000000000000000, 0.0000000000000000000, 1.000000000000000000 ) ) ;
#2552 = CARTESIAN_POINT ( 'NONE',  ( 3.680384757729344300, 1.099999999999998100, 2.600000000000000100 ) ) ;
#2553 = DIRECTION ( 'NONE',  ( -1.224646799147353200E-016, 0.0000000000000000000, -1.000000000000000000 ) ) ;
#2554 = DIRECTION ( 'NONE',  ( 0.0000000000000000000, 0.0000000000000000000, -1.000000000000000000 ) ) ;
#2555 = EDGE_CURVE ( 'NONE', #3192, #1666, #3823, .T. ) ;
#2556 = EDGE_LOOP ( 'NONE', ( #3305, #3900, #413, #1593 ) ) ;
#2557 = CARTESIAN_POINT ( 'NONE',  ( -1.350000000000000100, 0.1000000000000000500, 3.000000000000000400 ) ) ;
#2558 = DIRECTION ( 'NONE',  ( 0.0000000000000000000, 0.0000000000000000000, 1.000000000000000000 ) ) ;
#2559 = ADVANCED_FACE ( 'NONE', ( #2972 ), #1197, .F. ) ;
#2560 = ORIENTED_EDGE ( 'NONE', *, *, #3566, .F. ) ;
#2561 = DIRECTION ( 'NONE',  ( -0.0000000000000000000, 1.000000000000000000, -0.0000000000000000000 ) ) ;
#2562 = STYLED_ITEM ( 'NONE', ( #1645 ), #1993 ) ;
#2563 = ORIENTED_EDGE ( 'NONE', *, *, #2783, .T. ) ;
#2564 = CIRCLE ( 'NONE', #3160, 0.3749999999999990600 ) ;
#2565 = EDGE_CURVE ( 'NONE', #566, #1714, #503, .T. ) ;
#2566 = EDGE_LOOP ( 'NONE', ( #1390, #3350, #415, #1598 ) ) ;
#2567 = DIRECTION ( 'NONE',  ( 1.000000000000000000, 0.0000000000000000000, 0.0000000000000000000 ) ) ;
#2568 = CIRCLE ( 'NONE', #1901, 0.3749999999999990600 ) ;
#2569 = ORIENTED_EDGE ( 'NONE', *, *, #2077, .F. ) ;
#2570 = DIRECTION ( 'NONE',  ( 0.0000000000000000000, 0.0000000000000000000, 1.000000000000000000 ) ) ;
#2571 = DIRECTION ( 'NONE',  ( 2.797941090285173100E-016, 0.0000000000000000000, -1.000000000000000000 ) ) ;
#2572 = CARTESIAN_POINT ( 'NONE',  ( 3.680384757729344300, 1.099999999999998100, -2.600000000000000100 ) ) ;
#2573 = DIRECTION ( 'NONE',  ( 0.0000000000000000000, 0.0000000000000000000, -1.000000000000000000 ) ) ;
#2574 = EDGE_CURVE ( 'NONE', #2712, #2987, #2008, .T. ) ;
#2575 = ORIENTED_EDGE ( 'NONE', *, *, #285, .F. ) ;
#2576 = ORIENTED_EDGE ( 'NONE', *, *, #4424, .T. ) ;
#2577 = DIRECTION ( 'NONE',  ( -7.885106708985485300E-017, 0.0000000000000000000, 1.000000000000000000 ) ) ;
#2578 = VERTEX_POINT ( 'NONE', #3763 ) ;
#2579 = AXIS2_PLACEMENT_3D ( 'NONE', #1277, #201, #3309 ) ;
#2580 = DIRECTION ( 'NONE',  ( 1.000000000000000000, 0.0000000000000000000, -0.0000000000000000000 ) ) ;
#2581 = CARTESIAN_POINT ( 'NONE',  ( -5.000000000000000000, 0.2999999999999999900, -1.899999999999999700 ) ) ;
#2582 = CIRCLE ( 'NONE', #2129, 0.3749999999999990600 ) ;
#2583 = DIRECTION ( 'NONE',  ( 0.0000000000000000000, 1.000000000000000000, 0.0000000000000000000 ) ) ;
#2584 = PLANE ( 'NONE',  #4016 ) ;
#2585 = CARTESIAN_POINT ( 'NONE',  ( 0.0000000000000000000, 0.1000000000000000100, 0.0000000000000000000 ) ) ;
#2586 = ORIENTED_EDGE ( 'NONE', *, *, #4251, .T. ) ;
#2587 = LINE ( 'NONE', #2380, #3006 ) ;
#2588 = CARTESIAN_POINT ( 'NONE',  ( -2.574999999999998400, 3.725000000000002800, 2.199999999999999700 ) ) ;
#2589 = CARTESIAN_POINT ( 'NONE',  ( -3.333974596215567600, 1.000000000000000200, -1.899999999999999700 ) ) ;
#2590 = DIRECTION ( 'NONE',  ( 0.0000000000000000000, -1.000000000000000000, 0.0000000000000000000 ) ) ;
#2591 = EDGE_LOOP ( 'NONE', ( #2443, #898 ) ) ;
#2592 = VECTOR ( 'NONE', #3333, 1000.000000000000000 ) ;
#2593 = VECTOR ( 'NONE', #3565, 1000.000000000000000 ) ;
#2594 = VECTOR ( 'NONE', #417, 1000.000000000000000 ) ;
#2595 = VERTEX_POINT ( 'NONE', #3796 ) ;
#2596 = CIRCLE ( 'NONE', #64, 0.3999999999999997400 ) ;
#2597 = EDGE_CURVE ( 'NONE', #1666, #728, #610, .T. ) ;
#2598 = CIRCLE ( 'NONE', #1056, 0.8499999999999999800 ) ;
#2599 = DIRECTION ( 'NONE',  ( 0.0000000000000000000, 0.0000000000000000000, 1.000000000000000000 ) ) ;
#2600 = FACE_BOUND ( 'NONE', #1789, .T. ) ;
#2601 = DIRECTION ( 'NONE',  ( 0.0000000000000000000, 0.0000000000000000000, -1.000000000000000000 ) ) ;
#2602 = CARTESIAN_POINT ( 'NONE',  ( -3.680384757729344300, 1.099999999999998100, 2.600000000000000100 ) ) ;
#2603 = DIRECTION ( 'NONE',  ( -0.0000000000000000000, 1.000000000000000000, -0.0000000000000000000 ) ) ;
#2604 = VECTOR ( 'NONE', #2333, 1000.000000000000000 ) ;
#2605 = CARTESIAN_POINT ( 'NONE',  ( 3.000000000000000400, 1.000000000000000000, -2.600000000000000100 ) ) ;
#2606 = ORIENTED_EDGE ( 'NONE', *, *, #2349, .T. ) ;
#2607 = CARTESIAN_POINT ( 'NONE',  ( -2.750000000000000000, 3.400000000000000400, 2.750000000000000000 ) ) ;
#2608 = AXIS2_PLACEMENT_3D ( 'NONE', #1671, #345, #3155 ) ;
#2609 = PLANE ( 'NONE',  #505 ) ;
#2610 = VERTEX_POINT ( 'NONE', #1744 ) ;
#2611 = DIRECTION ( 'NONE',  ( 0.0000000000000000000, 1.000000000000000000, 0.0000000000000000000 ) ) ;
#2612 = ORIENTED_EDGE ( 'NONE', *, *, #2719, .T. ) ;
#2613 = CARTESIAN_POINT ( 'NONE',  ( -4.200000000000000200, 0.2999999999999999900, 2.600000000000000100 ) ) ;
#2614 = AXIS2_PLACEMENT_3D ( 'NONE', #22, #2811, #757 ) ;
#2615 = EDGE_LOOP ( 'NONE', ( #4394, #4344, #2762, #2770 ) ) ;
#2616 = DIRECTION ( 'NONE',  ( -1.000000000000000000, 0.0000000000000000000, 0.0000000000000000000 ) ) ;
#2617 = VERTEX_POINT ( 'NONE', #4453 ) ;
#2618 = VERTEX_POINT ( 'NONE', #4121 ) ;
#2619 = CARTESIAN_POINT ( 'NONE',  ( 3.000000000000000000, 0.5000000000000000000, 3.000000000000000900 ) ) ;
#2620 = CARTESIAN_POINT ( 'NONE',  ( 0.0000000000000000000, 3.400000000000000400, 0.0000000000000000000 ) ) ;
#2621 = VERTEX_POINT ( 'NONE', #2072 ) ;
#2622 = FACE_OUTER_BOUND ( 'NONE', #1675, .T. ) ;
#2623 = ORIENTED_EDGE ( 'NONE', *, *, #3180, .T. ) ;
#2624 = DIRECTION ( 'NONE',  ( -1.000000000000000000, -0.0000000000000000000, -0.0000000000000000000 ) ) ;
#2625 = AXIS2_PLACEMENT_3D ( 'NONE', #2424, #700, #2742 ) ;
#2626 = EDGE_CURVE ( 'NONE', #3405, #3896, #990, .T. ) ;
#2627 = DIRECTION ( 'NONE',  ( 0.0000000000000000000, 0.0000000000000000000, 1.000000000000000000 ) ) ;
#2628 = ORIENTED_EDGE ( 'NONE', *, *, #411, .T. ) ;
#2629 = DIRECTION ( 'NONE',  ( 0.0000000000000000000, 1.000000000000000000, 0.0000000000000000000 ) ) ;
#2630 = DIRECTION ( 'NONE',  ( -0.0000000000000000000, 0.0000000000000000000, 1.000000000000000000 ) ) ;
#2631 = ORIENTED_EDGE ( 'NONE', *, *, #1759, .F. ) ;
#2632 = DIRECTION ( 'NONE',  ( 1.000000000000000000, 0.0000000000000000000, 0.0000000000000000000 ) ) ;
#2633 = EDGE_CURVE ( 'NONE', #677, #3946, #3237, .T. ) ;
#2634 = ORIENTED_EDGE ( 'NONE', *, *, #3690, .T. ) ;
#2635 = CARTESIAN_POINT ( 'NONE',  ( 5.000000000000000000, 0.2999999999999999900, -2.600000000000000100 ) ) ;
#2636 = AXIS2_PLACEMENT_3D ( 'NONE', #3133, #360, #1708 ) ;
#2637 = DIRECTION ( 'NONE',  ( 0.0000000000000000000, 0.0000000000000000000, 1.000000000000000000 ) ) ;
#2638 = VERTEX_POINT ( 'NONE', #1384 ) ;
#2639 = VECTOR ( 'NONE', #4427, 1000.000000000000000 ) ;
#2640 = CARTESIAN_POINT ( 'NONE',  ( 3.333974596215567600, 0.9000000000000000200, 2.600000000000000100 ) ) ;
#2641 = DIRECTION ( 'NONE',  ( 1.000000000000000000, 6.492722409255913900E-016, 0.0000000000000000000 ) ) ;
#2642 = FACE_OUTER_BOUND ( 'NONE', #1629, .T. ) ;
#2643 = CARTESIAN_POINT ( 'NONE',  ( 2.499999999999999600, 0.1000000000000000100, 1.450000000000001100 ) ) ;
#2644 = DIRECTION ( 'NONE',  ( 0.0000000000000000000, 1.000000000000000000, 0.0000000000000000000 ) ) ;
#2645 = ORIENTED_EDGE ( 'NONE', *, *, #101, .F. ) ;
#2646 = EDGE_CURVE ( 'NONE', #2221, #3916, #1148, .T. ) ;
#2647 = LINE ( 'NONE', #3595, #4406 ) ;
#2648 = DIRECTION ( 'NONE',  ( 0.0000000000000000000, 0.0000000000000000000, -1.000000000000000000 ) ) ;
#2649 = VECTOR ( 'NONE', #509, 1000.000000000000000 ) ;
#2650 = CARTESIAN_POINT ( 'NONE',  ( 2.204364238465235600E-016, 3.400000000000000400, -1.800000000000000000 ) ) ;
#2651 = DIRECTION ( 'NONE',  ( -0.0000000000000000000, -0.0000000000000000000, 1.000000000000000000 ) ) ;
#2652 = LINE ( 'NONE', #2809, #807 ) ;
#2653 = CYLINDRICAL_SURFACE ( 'NONE', #429, 0.3999999999999997400 ) ;
#2654 = DIRECTION ( 'NONE',  ( -1.000000000000000000, 0.0000000000000000000, 0.0000000000000000000 ) ) ;
#2655 = AXIS2_PLACEMENT_3D ( 'NONE', #594, #2995, #3291 ) ;
#2656 = VECTOR ( 'NONE', #4299, 1000.000000000000000 ) ;
#2657 = ORIENTED_EDGE ( 'NONE', *, *, #1440, .T. ) ;
#2658 = DIRECTION ( 'NONE',  ( 0.0000000000000000000, 1.000000000000000000, 0.0000000000000000000 ) ) ;
#2659 = FACE_OUTER_BOUND ( 'NONE', #2900, .T. ) ;
#2660 = CARTESIAN_POINT ( 'NONE',  ( 2.499999999999999600, 0.5000000000000000000, 1.450000000000001100 ) ) ;
#2661 = CARTESIAN_POINT ( 'NONE',  ( -3.000000000000000400, 1.000000000000000000, 2.600000000000000100 ) ) ;
#2662 = CIRCLE ( 'NONE', #457, 1.534749683439675400 ) ;
#2663 = ORIENTED_EDGE ( 'NONE', *, *, #3704, .T. ) ;
#2664 = LINE ( 'NONE', #2090, #2864 ) ;
#2665 = EDGE_CURVE ( 'NONE', #2332, #3044, #228, .T. ) ;
#2666 = CARTESIAN_POINT ( 'NONE',  ( -1.200000000000000000, 7.400000000000000400, -1.200000000000000200 ) ) ;
#2667 = CARTESIAN_POINT ( 'NONE',  ( -2.199999999999999300, 3.700000000000000200, 2.199999999999999700 ) ) ;
#2668 = CARTESIAN_POINT ( 'NONE',  ( -3.000000000000000400, 1.000000000000000000, -2.600000000000000100 ) ) ;
#2669 = VERTEX_POINT ( 'NONE', #55 ) ;
#2670 = CARTESIAN_POINT ( 'NONE',  ( -3.333974596215567600, 1.300000000000000000, 2.600000000000000100 ) ) ;
#2671 = DIRECTION ( 'NONE',  ( -0.0000000000000000000, -0.0000000000000000000, 1.000000000000000000 ) ) ;
#2672 = ORIENTED_EDGE ( 'NONE', *, *, #1643, .T. ) ;
#2673 = CARTESIAN_POINT ( 'NONE',  ( 2.199999999999999300, 3.700000000000000200, 1.824999999999999700 ) ) ;
#2674 = CARTESIAN_POINT ( 'NONE',  ( 0.0000000000000000000, 3.700000000000000200, 0.0000000000000000000 ) ) ;
#2675 = CARTESIAN_POINT ( 'NONE',  ( 5.000000000000000000, 0.2999999999999999900, 2.600000000000000100 ) ) ;
#2676 = EDGE_LOOP ( 'NONE', ( #75, #1208, #670, #3005 ) ) ;
#2677 = DIRECTION ( 'NONE',  ( 0.0000000000000000000, 0.0000000000000000000, 1.000000000000000000 ) ) ;
#2678 = ORIENTED_EDGE ( 'NONE', *, *, #379, .T. ) ;
#2679 = CARTESIAN_POINT ( 'NONE',  ( -2.500000000000000000, 0.5000000000000000000, -3.000000000000000900 ) ) ;
#2680 = ORIENTED_EDGE ( 'NONE', *, *, #3795, .T. ) ;
#2681 = DIRECTION ( 'NONE',  ( -1.000000000000000000, 6.492722409255913900E-016, 0.0000000000000000000 ) ) ;
#2682 = AXIS2_PLACEMENT_3D ( 'NONE', #183, #2603, #1615 ) ;
#2683 = CARTESIAN_POINT ( 'NONE',  ( -3.000000000000000000, 3.700000000000000200, -2.749999999999999100 ) ) ;
#2684 = VERTEX_POINT ( 'NONE', #3432 ) ;
#2685 = EDGE_CURVE ( 'NONE', #4006, #680, #61, .T. ) ;
#2686 = CARTESIAN_POINT ( 'NONE',  ( 2.199999999999999300, 3.725000000000002800, 2.199999999999999700 ) ) ;
#2687 = VERTEX_POINT ( 'NONE', #1127 ) ;
#2688 = CARTESIAN_POINT ( 'NONE',  ( 5.000000000000000000, 0.0000000000000000000, 2.600000000000000100 ) ) ;
#2689 = AXIS2_PLACEMENT_3D ( 'NONE', #1844, #1516, #3929 ) ;
#2690 = EDGE_CURVE ( 'NONE', #3839, #174, #1414, .T. ) ;
#2691 = PLANE ( 'NONE',  #4053 ) ;
#2692 = ORIENTED_EDGE ( 'NONE', *, *, #1854, .T. ) ;
#2693 = CARTESIAN_POINT ( 'NONE',  ( 3.000000000000000400, 1.000000000000000000, -2.600000000000000100 ) ) ;
#2694 = VERTEX_POINT ( 'NONE', #3525 ) ;
#2695 = AXIS2_PLACEMENT_3D ( 'NONE', #3947, #2580, #891 ) ;
#2696 = DIRECTION ( 'NONE',  ( -0.0000000000000000000, -1.000000000000000000, -0.0000000000000000000 ) ) ;
#2697 = VERTEX_POINT ( 'NONE', #3138 ) ;
#2698 = FACE_OUTER_BOUND ( 'NONE', #3859, .T. ) ;
#2699 = VECTOR ( 'NONE', #1511, 1000.000000000000000 ) ;
#2700 = FACE_OUTER_BOUND ( 'NONE', #1578, .T. ) ;
#2701 = CARTESIAN_POINT ( 'NONE',  ( -4.200000000000000200, 0.4000000000000000200, -1.899999999999999700 ) ) ;
#2702 = ORIENTED_EDGE ( 'NONE', *, *, #2077, .T. ) ;
#2703 = ADVANCED_FACE ( 'NONE', ( #3027 ), #1309, .F. ) ;
#2704 = FACE_OUTER_BOUND ( 'NONE', #2059, .T. ) ;
#2705 = CYLINDRICAL_SURFACE ( 'NONE', #826, 0.2499999999999993600 ) ;
#2706 = CARTESIAN_POINT ( 'NONE',  ( -3.680384757729344300, 1.099999999999998100, -2.600000000000000100 ) ) ;
#2707 = LINE ( 'NONE', #1294, #2486 ) ;
#2708 = DIRECTION ( 'NONE',  ( 0.0000000000000000000, -0.0000000000000000000, -1.000000000000000000 ) ) ;
#2709 = LINE ( 'NONE', #3514, #3973 ) ;
#2710 = VECTOR ( 'NONE', #2146, 1000.000000000000000 ) ;
#2711 = FILL_AREA_STYLE_COLOUR ( '', #4298 ) ;
#2712 = VERTEX_POINT ( 'NONE', #1791 ) ;
#2713 = CYLINDRICAL_SURFACE ( 'NONE', #2292, 0.3999999999999997400 ) ;
#2714 = AXIS2_PLACEMENT_3D ( 'NONE', #4325, #2965, #3651 ) ;
#2715 = EDGE_CURVE ( 'NONE', #1951, #36, #4369, .T. ) ;
#2716 = DIRECTION ( 'NONE',  ( -0.0000000000000000000, -1.000000000000000000, -0.0000000000000000000 ) ) ;
#2717 = EDGE_LOOP ( 'NONE', ( #560, #2024, #2634, #2069 ) ) ;
#2718 = DIRECTION ( 'NONE',  ( 1.000000000000000000, 0.0000000000000000000, 0.0000000000000000000 ) ) ;
#2719 = EDGE_CURVE ( 'NONE', #243, #3515, #2662, .T. ) ;
#2720 = ORIENTED_EDGE ( 'NONE', *, *, #3926, .F. ) ;
#2721 = DIRECTION ( 'NONE',  ( 0.0000000000000000000, 0.0000000000000000000, -1.000000000000000000 ) ) ;
#2722 = ORIENTED_EDGE ( 'NONE', *, *, #1064, .T. ) ;
#2723 = AXIS2_PLACEMENT_3D ( 'NONE', #4395, #3400, #602 ) ;
#2724 = ORIENTED_EDGE ( 'NONE', *, *, #2555, .F. ) ;
#2725 = EDGE_LOOP ( 'NONE', ( #122, #3718, #294, #3469 ) ) ;
#2726 = DIRECTION ( 'NONE',  ( -1.000000000000000000, 0.0000000000000000000, 0.0000000000000000000 ) ) ;
#2727 = ORIENTED_EDGE ( 'NONE', *, *, #3404, .T. ) ;
#2728 = FACE_OUTER_BOUND ( 'NONE', #2444, .T. ) ;
#2729 = ORIENTED_EDGE ( 'NONE', *, *, #4110, .F. ) ;
#2730 = VECTOR ( 'NONE', #2850, 1000.000000000000000 ) ;
#2731 = DIRECTION ( 'NONE',  ( -0.0000000000000000000, -1.000000000000000000, -0.0000000000000000000 ) ) ;
#2732 = DIRECTION ( 'NONE',  ( 0.0000000000000000000, -1.000000000000000000, 0.0000000000000000000 ) ) ;
#2733 = EDGE_LOOP ( 'NONE', ( #2102, #1470, #2309, #2680 ) ) ;
#2734 = ORIENTED_EDGE ( 'NONE', *, *, #1044, .T. ) ;
#2735 = AXIS2_PLACEMENT_3D ( 'NONE', #3467, #3882, #2571 ) ;
#2736 = CARTESIAN_POINT ( 'NONE',  ( 4.200000000000000200, 0.2999999999999999900, 1.899999999999999700 ) ) ;
#2737 = EDGE_CURVE ( 'NONE', #3515, #243, #1090, .T. ) ;
#2738 = VERTEX_POINT ( 'NONE', #3805 ) ;
#2739 =( NAMED_UNIT ( * ) SI_UNIT ( $, .STERADIAN. ) SOLID_ANGLE_UNIT ( ) );
#2740 = ORIENTED_EDGE ( 'NONE', *, *, #1387, .T. ) ;
#2741 = EDGE_CURVE ( 'NONE', #962, #1942, #4038, .T. ) ;
#2742 = DIRECTION ( 'NONE',  ( 1.000000000000000000, 0.0000000000000000000, 1.577021341797097300E-016 ) ) ;
#2743 = ADVANCED_FACE ( 'NONE', ( #4248 ), #2758, .T. ) ;
#2744 = ORIENTED_EDGE ( 'NONE', *, *, #4130, .F. ) ;
#2745 = VECTOR ( 'NONE', #3037, 1000.000000000000000 ) ;
#2746 = CIRCLE ( 'NONE', #2143, 0.3999999999999997400 ) ;
#2747 = AXIS2_PLACEMENT_3D ( 'NONE', #4352, #219, #585 ) ;
#2748 = ORIENTED_EDGE ( 'NONE', *, *, #1483, .T. ) ;
#2749 = VECTOR ( 'NONE', #1796, 1000.000000000000000 ) ;
#2750 = DIRECTION ( 'NONE',  ( 0.0000000000000000000, 0.0000000000000000000, 1.000000000000000000 ) ) ;
#2751 = FACE_OUTER_BOUND ( 'NONE', #3156, .T. ) ;
#2752 = FACE_OUTER_BOUND ( 'NONE', #2120, .T. ) ;
#2753 = DIRECTION ( 'NONE',  ( 0.0000000000000000000, 0.0000000000000000000, -1.000000000000000000 ) ) ;
#2754 = LINE ( 'NONE', #1577, #2433 ) ;
#2755 = ORIENTED_EDGE ( 'NONE', *, *, #3704, .F. ) ;
#2756 = CARTESIAN_POINT ( 'NONE',  ( -3.420577136594011900, 0.9499999999999995100, 1.899999999999999700 ) ) ;
#2757 = EDGE_CURVE ( 'NONE', #1745, #1182, #3130, .T. ) ;
#2758 = CYLINDRICAL_SURFACE ( 'NONE', #608, 0.3749999999999994400 ) ;
#2759 = ORIENTED_EDGE ( 'NONE', *, *, #1609, .F. ) ;
#2760 = ADVANCED_FACE ( 'NONE', ( #3612 ), #1443, .F. ) ;
#2761 = CARTESIAN_POINT ( 'NONE',  ( -4.200000000000000200, 0.2999999999999999900, -1.899999999999999700 ) ) ;
#2762 = ORIENTED_EDGE ( 'NONE', *, *, #383, .T. ) ;
#2763 = ORIENTED_EDGE ( 'NONE', *, *, #2719, .F. ) ;
#2764 = EDGE_CURVE ( 'NONE', #3888, #2388, #1954, .T. ) ;
#2765 = DIRECTION ( 'NONE',  ( -0.0000000000000000000, 0.0000000000000000000, 1.000000000000000000 ) ) ;
#2766 = EDGE_LOOP ( 'NONE', ( #3108, #638, #3791, #2678 ) ) ;
#2767 = CARTESIAN_POINT ( 'NONE',  ( -2.199999999999999300, 3.400000000000000400, 2.199999999999999700 ) ) ;
#2768 = EDGE_LOOP ( 'NONE', ( #2924, #1275, #3642, #1215 ) ) ;
#2769 = LINE ( 'NONE', #2335, #28 ) ;
#2770 = ORIENTED_EDGE ( 'NONE', *, *, #2960, .T. ) ;
#2771 = AXIS2_PLACEMENT_3D ( 'NONE', #1879, #2920, #2648 ) ;
#2772 = CARTESIAN_POINT ( 'NONE',  ( 1.200000000000000000, 1.840202025355333300, -1.400000000000000600 ) ) ;
#2773 = EDGE_LOOP ( 'NONE', ( #3199, #1261, #1314, #2350, #4175, #4266, #624, #512 ) ) ;
#2774 = CARTESIAN_POINT ( 'NONE',  ( 3.680384757729344300, 1.099999999999998100, 2.600000000000000100 ) ) ;
#2775 = ADVANCED_FACE ( 'NONE', ( #3502 ), #3123, .F. ) ;
#2776 = ORIENTED_EDGE ( 'NONE', *, *, #200, .F. ) ;
#2777 = ORIENTED_EDGE ( 'NONE', *, *, #3501, .F. ) ;
#2778 = AXIS2_PLACEMENT_3D ( 'NONE', #1258, #535, #3685 ) ;
#2779 = EDGE_CURVE ( 'NONE', #4374, #3700, #1042, .T. ) ;
#2780 =( NAMED_UNIT ( * ) PLANE_ANGLE_UNIT ( ) SI_UNIT ( $, .RADIAN. ) );
#2781 = EDGE_LOOP ( 'NONE', ( #2127, #1264, #1870, #1539 ) ) ;
#2782 = ORIENTED_EDGE ( 'NONE', *, *, #736, .F. ) ;
#2783 = EDGE_CURVE ( 'NONE', #2617, #3526, #2860, .T. ) ;
#2784 = CARTESIAN_POINT ( 'NONE',  ( 0.0000000000000000000, 0.1000000000000000100, 0.0000000000000000000 ) ) ;
#2785 = FACE_OUTER_BOUND ( 'NONE', #1041, .T. ) ;
#2786 = VECTOR ( 'NONE', #1062, 1000.000000000000000 ) ;
#2787 = ORIENTED_EDGE ( 'NONE', *, *, #1697, .T. ) ;
#2788 = DIRECTION ( 'NONE',  ( 0.0000000000000000000, -1.000000000000000000, 0.0000000000000000000 ) ) ;
#2789 = LINE ( 'NONE', #2552, #1677 ) ;
#2790 = DIRECTION ( 'NONE',  ( 0.0000000000000000000, 1.000000000000000000, 0.0000000000000000000 ) ) ;
#2791 = CIRCLE ( 'NONE', #1431, 0.1000000000000002600 ) ;
#2792 = ADVANCED_FACE ( 'NONE', ( #2228 ), #2878, .F. ) ;
#2793 = DIRECTION ( 'NONE',  ( 0.0000000000000000000, 1.000000000000000000, 0.0000000000000000000 ) ) ;
#2794 = SPHERICAL_SURFACE ( 'NONE', #325, 0.3749999999999988300 ) ;
#2795 = CARTESIAN_POINT ( 'NONE',  ( 4.200000000000000200, 0.4000000000000000200, 1.899999999999999700 ) ) ;
#2796 = VERTEX_POINT ( 'NONE', #824 ) ;
#2797 = LINE ( 'NONE', #1512, #4091 ) ;
#2798 = CARTESIAN_POINT ( 'NONE',  ( 1.399999999999999900, 1.840202025355333300, -1.400000000000000600 ) ) ;
#2799 = VECTOR ( 'NONE', #4377, 1000.000000000000000 ) ;
#2800 = ORIENTED_EDGE ( 'NONE', *, *, #2098, .F. ) ;
#2801 = CARTESIAN_POINT ( 'NONE',  ( 0.0000000000000000000, 4.700000000000000200, 0.0000000000000000000 ) ) ;
#2802 = VERTEX_POINT ( 'NONE', #1547 ) ;
#2803 = DIRECTION ( 'NONE',  ( -0.0000000000000000000, 1.000000000000000000, -0.0000000000000000000 ) ) ;
#2804 = CARTESIAN_POINT ( 'NONE',  ( 1.200000000000000000, 7.400000000000000400, 1.399999999999999200 ) ) ;
#2805 = DIRECTION ( 'NONE',  ( -0.0000000000000000000, 1.000000000000000000, -0.0000000000000000000 ) ) ;
#2806 = AXIS2_PLACEMENT_3D ( 'NONE', #3932, #157, #1549 ) ;
#2807 = EDGE_CURVE ( 'NONE', #529, #3419, #112, .T. ) ;
#2808 = ORIENTED_EDGE ( 'NONE', *, *, #574, .F. ) ;
#2809 = CARTESIAN_POINT ( 'NONE',  ( -2.750000000000000000, 0.09999999999999939500, -2.999999999999999100 ) ) ;
#2810 = DIRECTION ( 'NONE',  ( 0.0000000000000000000, -1.000000000000000000, 0.0000000000000000000 ) ) ;
#2811 = DIRECTION ( 'NONE',  ( 0.0000000000000000000, 1.000000000000000000, 0.0000000000000000000 ) ) ;
#2812 = PRESENTATION_LAYER_ASSIGNMENT (  '', '', ( #487 ) ) ;
#2813 = EDGE_CURVE ( 'NONE', #4365, #2139, #395, .T. ) ;
#2814 = ORIENTED_EDGE ( 'NONE', *, *, #136, .F. ) ;
#2815 = ADVANCED_FACE ( 'NONE', ( #1737 ), #4243, .T. ) ;
#2816 = ORIENTED_EDGE ( 'NONE', *, *, #654, .T. ) ;
#2817 = ORIENTED_EDGE ( 'NONE', *, *, #3508, .F. ) ;
#2818 = DIRECTION ( 'NONE',  ( 0.0000000000000000000, 0.0000000000000000000, -1.000000000000000000 ) ) ;
#2819 = AXIS2_PLACEMENT_3D ( 'NONE', #2172, #1130, #4218 ) ;
#2820 = CARTESIAN_POINT ( 'NONE',  ( 1.399999999999999900, 5.799999999999999800, 1.199999999999999300 ) ) ;
#2821 = VERTEX_POINT ( 'NONE', #3570 ) ;
#2822 = COLOUR_RGB ( '',0.7921568627450980000, 0.8196078431372548800, 0.9333333333333333500 ) ;
#2823 = DIRECTION ( 'NONE',  ( 0.0000000000000000000, -1.000000000000000000, -0.0000000000000000000 ) ) ;
#2824 = ORIENTED_EDGE ( 'NONE', *, *, #1483, .F. ) ;
#2825 = CARTESIAN_POINT ( 'NONE',  ( 3.000000000000000000, 0.09999999999999939500, -2.749999999999999100 ) ) ;
#2826 = ORIENTED_EDGE ( 'NONE', *, *, #1902, .F. ) ;
#2827 = ORIENTED_EDGE ( 'NONE', *, *, #2633, .F. ) ;
#2828 = DIRECTION ( 'NONE',  ( 1.000000000000000000, 0.0000000000000000000, 0.0000000000000000000 ) ) ;
#2829 = ORIENTED_EDGE ( 'NONE', *, *, #831, .T. ) ;
#2830 = DIRECTION ( 'NONE',  ( 0.0000000000000000000, 0.0000000000000000000, -1.000000000000000000 ) ) ;
#2831 = VERTEX_POINT ( 'NONE', #502 ) ;
#2832 = DIRECTION ( 'NONE',  ( -1.000000000000000000, 0.0000000000000000000, -2.797941090285173100E-016 ) ) ;
#2833 = CARTESIAN_POINT ( 'NONE',  ( 2.199999999999999300, 3.400000000000000400, 2.574999999999999300 ) ) ;
#2834 = DIRECTION ( 'NONE',  ( 0.4999999999999950600, 0.8660254037844414800, 0.0000000000000000000 ) ) ;
#2835 = ORIENTED_EDGE ( 'NONE', *, *, #3594, .T. ) ;
#2836 = VECTOR ( 'NONE', #4162, 1000.000000000000000 ) ;
#2837 = AXIS2_PLACEMENT_3D ( 'NONE', #2442, #1343, #2030 ) ;
#2838 = ADVANCED_FACE ( 'NONE', ( #2439 ), #1858, .F. ) ;
#2839 = LINE ( 'NONE', #4072, #2265 ) ;
#2840 = EDGE_CURVE ( 'NONE', #1522, #3977, #604, .T. ) ;
#2841 = CARTESIAN_POINT ( 'NONE',  ( -3.420577136594011900, 0.9499999999999995100, 2.600000000000000100 ) ) ;
#2842 = CARTESIAN_POINT ( 'NONE',  ( 2.199999999999999300, 3.400000000000000400, -2.574999999999999300 ) ) ;
#2843 = ORIENTED_EDGE ( 'NONE', *, *, #1044, .F. ) ;
#2844 = LINE ( 'NONE', #4260, #1938 ) ;
#2845 = CARTESIAN_POINT ( 'NONE',  ( 3.333974596215567600, 0.9000000000000000200, -2.600000000000000100 ) ) ;
#2846 = LINE ( 'NONE', #992, #596 ) ;
#2847 = EDGE_CURVE ( 'NONE', #1182, #1624, #4363, .T. ) ;
#2848 = DIRECTION ( 'NONE',  ( -0.4999999999999950600, -0.8660254037844415900, 0.0000000000000000000 ) ) ;
#2849 = FACE_OUTER_BOUND ( 'NONE', #196, .T. ) ;
#2850 = DIRECTION ( 'NONE',  ( -0.0000000000000000000, -1.000000000000000000, -0.0000000000000000000 ) ) ;
#2851 = VECTOR ( 'NONE', #3352, 1000.000000000000000 ) ;
#2852 = CARTESIAN_POINT ( 'NONE',  ( 3.420577136594011900, 0.9499999999999995100, 2.600000000000000100 ) ) ;
#2853 = DIRECTION ( 'NONE',  ( -1.000000000000000000, 0.0000000000000000000, 0.0000000000000000000 ) ) ;
#2854 = FACE_OUTER_BOUND ( 'NONE', #3035, .T. ) ;
#2855 = AXIS2_PLACEMENT_3D ( 'NONE', #2417, #1724, #2750 ) ;
#2856 = ORIENTED_EDGE ( 'NONE', *, *, #3363, .T. ) ;
#2857 = VECTOR ( 'NONE', #2261, 1000.000000000000000 ) ;
#2858 = DIRECTION ( 'NONE',  ( -0.0000000000000000000, -1.000000000000000000, -0.0000000000000000000 ) ) ;
#2859 = CARTESIAN_POINT ( 'NONE',  ( 4.200000000000000200, 0.0000000000000000000, 2.600000000000000100 ) ) ;
#2860 = CIRCLE ( 'NONE', #1152, 0.1000000000000002600 ) ;
#2861 = VECTOR ( 'NONE', #3049, 1000.000000000000000 ) ;
#2862 = CARTESIAN_POINT ( 'NONE',  ( -1.200000000000000000, 7.400000000000000400, 1.399999999999999700 ) ) ;
#2863 = EDGE_LOOP ( 'NONE', ( #1525, #500, #3883, #2117, #912, #1057, #3351, #3808, #2296, #3556, #2356, #2997 ) ) ;
#2864 = VECTOR ( 'NONE', #688, 1000.000000000000000 ) ;
#2865 = EDGE_CURVE ( 'NONE', #2987, #1636, #2278, .T. ) ;
#2866 = ORIENTED_EDGE ( 'NONE', *, *, #614, .F. ) ;
#2867 = ADVANCED_FACE ( 'NONE', ( #814 ), #3340, .F. ) ;
#2868 = ORIENTED_EDGE ( 'NONE', *, *, #1558, .F. ) ;
#2869 = STYLED_ITEM ( 'NONE', ( #1881 ), #1383 ) ;
#2870 = EDGE_CURVE ( 'NONE', #3298, #1368, #1144, .T. ) ;
#2871 = ORIENTED_EDGE ( 'NONE', *, *, #2665, .F. ) ;
#2872 = ORIENTED_EDGE ( 'NONE', *, *, #1926, .F. ) ;
#2873 = CARTESIAN_POINT ( 'NONE',  ( -3.000000000000000400, 1.000000000000000000, -1.899999999999999700 ) ) ;
#2874 = EDGE_CURVE ( 'NONE', #4330, #1379, #4034, .T. ) ;
#2875 = ORIENTED_EDGE ( 'NONE', *, *, #3735, .F. ) ;
#2876 = VECTOR ( 'NONE', #1224, 1000.000000000000000 ) ;
#2877 = ORIENTED_EDGE ( 'NONE', *, *, #2277, .F. ) ;
#2878 = PLANE ( 'NONE',  #1988 ) ;
#2879 = ORIENTED_EDGE ( 'NONE', *, *, #2715, .T. ) ;
#2880 = AXIS2_PLACEMENT_3D ( 'NONE', #4255, #2658, #3981 ) ;
#2881 = CARTESIAN_POINT ( 'NONE',  ( -3.000000000000000400, 1.300000000000000000, -2.600000000000000100 ) ) ;
#2882 = CARTESIAN_POINT ( 'NONE',  ( -5.000000000000000000, 0.2999999999999999900, -1.899999999999999700 ) ) ;
#2883 = ORIENTED_EDGE ( 'NONE', *, *, #3877, .F. ) ;
#2884 = LINE ( 'NONE', #2572, #3828 ) ;
#2885 = ADVANCED_FACE ( 'NONE', ( #223 ), #152, .T. ) ;
#2886 = DIRECTION ( 'NONE',  ( 0.0000000000000000000, 1.000000000000000000, 0.0000000000000000000 ) ) ;
#2887 = CARTESIAN_POINT ( 'NONE',  ( -4.200000000000000200, 0.4000000000000000200, -2.600000000000000100 ) ) ;
#2888 = ORIENTED_EDGE ( 'NONE', *, *, #1030, .T. ) ;
#2889 = CARTESIAN_POINT ( 'NONE',  ( -3.000000000000000000, -8.485281374238571300, 2.750000000000000000 ) ) ;
#2890 = ORIENTED_EDGE ( 'NONE', *, *, #1433, .F. ) ;
#2891 = CARTESIAN_POINT ( 'NONE',  ( 2.199999999999999300, 3.400000000000000400, -2.199999999999999700 ) ) ;
#2892 = VECTOR ( 'NONE', #445, 1000.000000000000000 ) ;
#2893 = AXIS2_PLACEMENT_3D ( 'NONE', #3088, #3754, #2404 ) ;
#2894 = EDGE_CURVE ( 'NONE', #36, #1951, #2489, .T. ) ;
#2895 = DIRECTION ( 'NONE',  ( -0.0000000000000000000, -1.000000000000000000, -0.0000000000000000000 ) ) ;
#2896 = VERTEX_POINT ( 'NONE', #806 ) ;
#2897 = DIRECTION ( 'NONE',  ( -0.8660254037844413700, 0.4999999999999952300, 0.0000000000000000000 ) ) ;
#2898 = LINE ( 'NONE', #3994, #1076 ) ;
#2899 = SURFACE_STYLE_FILL_AREA ( #3573 ) ;
#2900 = EDGE_LOOP ( 'NONE', ( #3478, #1751, #1738, #1820 ) ) ;
#2901 = CARTESIAN_POINT ( 'NONE',  ( -2.500000000000000000, 0.5000000000000000000, -3.000000000000000900 ) ) ;
#2902 = FACE_OUTER_BOUND ( 'NONE', #3471, .T. ) ;
#2903 = DIRECTION ( 'NONE',  ( 1.000000000000000000, 0.0000000000000000000, -1.548860246407863600E-016 ) ) ;
#2904 = FACE_OUTER_BOUND ( 'NONE', #3746, .T. ) ;
#2905 = DIRECTION ( 'NONE',  ( 0.0000000000000000000, 0.0000000000000000000, -1.000000000000000000 ) ) ;
#2906 = CARTESIAN_POINT ( 'NONE',  ( 1.399999999999999900, 7.400000000000000400, 1.199999999999999300 ) ) ;
#2907 = ORIENTED_EDGE ( 'NONE', *, *, #4338, .F. ) ;
#2908 = CYLINDRICAL_SURFACE ( 'NONE', #4196, 0.2500000000000002200 ) ;
#2909 = AXIS2_PLACEMENT_3D ( 'NONE', #3705, #1604, #576 ) ;
#2910 = VECTOR ( 'NONE', #4164, 1000.000000000000000 ) ;
#2911 = VERTEX_POINT ( 'NONE', #2182 ) ;
#2912 = FACE_OUTER_BOUND ( 'NONE', #4103, .T. ) ;
#2913 = DIRECTION ( 'NONE',  ( -1.000000000000000000, -0.0000000000000000000, 0.0000000000000000000 ) ) ;
#2914 = CARTESIAN_POINT ( 'NONE',  ( 2.750000000000000900, 3.400000000000000400, 3.000000000000000400 ) ) ;
#2915 = DIRECTION ( 'NONE',  ( 0.0000000000000000000, -1.000000000000000000, -0.0000000000000000000 ) ) ;
#2916 = AXIS2_PLACEMENT_3D ( 'NONE', #907, #3949, #564 ) ;
#2917 = FILL_AREA_STYLE ('',( #212 ) ) ;
#2918 = PRESENTATION_STYLE_ASSIGNMENT (( #2243 ) ) ;
#2919 = ORIENTED_EDGE ( 'NONE', *, *, #3396, .T. ) ;
#2920 = DIRECTION ( 'NONE',  ( -1.000000000000000000, 0.0000000000000000000, 0.0000000000000000000 ) ) ;
#2921 = EDGE_LOOP ( 'NONE', ( #2787, #3239, #3120, #4446 ) ) ;
#2922 = DIRECTION ( 'NONE',  ( -0.0000000000000000000, 1.000000000000000000, -0.0000000000000000000 ) ) ;
#2923 = DIRECTION ( 'NONE',  ( -0.0000000000000000000, -1.000000000000000000, -0.0000000000000000000 ) ) ;
#2924 = ORIENTED_EDGE ( 'NONE', *, *, #3552, .F. ) ;
#2925 = DIRECTION ( 'NONE',  ( 0.0000000000000000000, 0.0000000000000000000, 1.000000000000000000 ) ) ;
#2926 = CARTESIAN_POINT ( 'NONE',  ( -3.333974596215567600, 0.9000000000000000200, -1.899999999999999700 ) ) ;
#2927 = AXIS2_PLACEMENT_3D ( 'NONE', #1642, #4057, #603 ) ;
#2928 = VERTEX_POINT ( 'NONE', #3538 ) ;
#2929 = CIRCLE ( 'NONE', #377, 0.2000000000000000900 ) ;
#2930 = EDGE_CURVE ( 'NONE', #1802, #3839, #1513, .T. ) ;
#2931 = DIRECTION ( 'NONE',  ( 0.0000000000000000000, 0.0000000000000000000, 1.000000000000000000 ) ) ;
#2932 = VERTEX_POINT ( 'NONE', #3315 ) ;
#2933 = CARTESIAN_POINT ( 'NONE',  ( 3.000000000000000400, 1.300000000000000000, -1.899999999999999700 ) ) ;
#2934 = VERTEX_POINT ( 'NONE', #4317 ) ;
#2935 = FACE_OUTER_BOUND ( 'NONE', #797, .T. ) ;
#2936 = CARTESIAN_POINT ( 'NONE',  ( -2.199999999999999300, 3.400000000000000400, -2.199999999999999700 ) ) ;
#2937 = CARTESIAN_POINT ( 'NONE',  ( 2.750000000000000900, 3.400000000000000400, 3.000000000000000000 ) ) ;
#2938 = DIRECTION ( 'NONE',  ( -0.0000000000000000000, -0.0000000000000000000, -1.000000000000000000 ) ) ;
#2939 = EDGE_CURVE ( 'NONE', #38, #3250, #3765, .T. ) ;
#2940 = ORIENTED_EDGE ( 'NONE', *, *, #3640, .T. ) ;
#2941 = ORIENTED_EDGE ( 'NONE', *, *, #3768, .F. ) ;
#2942 = CARTESIAN_POINT ( 'NONE',  ( -5.000000000000000000, 0.0000000000000000000, 2.600000000000000100 ) ) ;
#2943 = ORIENTED_EDGE ( 'NONE', *, *, #1774, .T. ) ;
#2944 = AXIS2_PLACEMENT_3D ( 'NONE', #2533, #182, #3624 ) ;
#2945 = DIRECTION ( 'NONE',  ( 0.0000000000000000000, 1.000000000000000000, 0.0000000000000000000 ) ) ;
#2946 = CARTESIAN_POINT ( 'NONE',  ( 1.040949779275250100E-016, 4.700000000000000200, 0.8499999999999999800 ) ) ;
#2947 = CARTESIAN_POINT ( 'NONE',  ( 0.0000000000000000000, 3.400000000000000400, 1.800000000000000000 ) ) ;
#2948 = VERTEX_POINT ( 'NONE', #3270 ) ;
#2949 = FACE_OUTER_BOUND ( 'NONE', #836, .T. ) ;
#2950 = CARTESIAN_POINT ( 'NONE',  ( 0.0000000000000000000, 0.5000000000000000000, 0.0000000000000000000 ) ) ;
#2951 = CARTESIAN_POINT ( 'NONE',  ( 2.204364238465235600E-016, 3.700000000000000200, -1.800000000000000000 ) ) ;
#2952 = ORIENTED_EDGE ( 'NONE', *, *, #1353, .F. ) ;
#2953 = FACE_OUTER_BOUND ( 'NONE', #1317, .T. ) ;
#2954 = SPHERICAL_SURFACE ( 'NONE', #2242, 0.3749999999999988300 ) ;
#2955 = CARTESIAN_POINT ( 'NONE',  ( 2.199999999999999300, 3.725000000000002800, -1.825000000000000600 ) ) ;
#2956 = DIRECTION ( 'NONE',  ( -0.0000000000000000000, 1.000000000000000000, -0.0000000000000000000 ) ) ;
#2957 = ORIENTED_EDGE ( 'NONE', *, *, #580, .T. ) ;
#2958 = AXIS2_PLACEMENT_3D ( 'NONE', #2981, #4331, #3641 ) ;
#2959 = VECTOR ( 'NONE', #3506, 1000.000000000000000 ) ;
#2960 = EDGE_CURVE ( 'NONE', #1054, #29, #3285, .T. ) ;
#2961 = CIRCLE ( 'NONE', #2806, 0.8499999999999999800 ) ;
#2962 = CARTESIAN_POINT ( 'NONE',  ( -4.200000000000000200, 1.626303258728256700E-016, 2.600000000000000100 ) ) ;
#2963 = CARTESIAN_POINT ( 'NONE',  ( -2.750000000000000000, 3.400000000000000400, -2.999999999999998200 ) ) ;
#2964 = FACE_OUTER_BOUND ( 'NONE', #956, .T. ) ;
#2965 = DIRECTION ( 'NONE',  ( 0.0000000000000000000, 1.000000000000000000, 0.0000000000000000000 ) ) ;
#2966 = CIRCLE ( 'NONE', #3127, 0.3749999999999988300 ) ;
#2967 = EDGE_CURVE ( 'NONE', #2896, #2038, #2754, .T. ) ;
#2968 = VECTOR ( 'NONE', #1955, 1000.000000000000000 ) ;
#2969 = CARTESIAN_POINT ( 'NONE',  ( -1.399999999999999900, 5.799999999999999800, -1.200000000000000200 ) ) ;
#2970 = ORIENTED_EDGE ( 'NONE', *, *, #2423, .T. ) ;
#2971 = FACE_BOUND ( 'NONE', #3131, .T. ) ;
#2972 = FACE_OUTER_BOUND ( 'NONE', #3000, .T. ) ;
#2973 = CARTESIAN_POINT ( 'NONE',  ( -2.199999999999999300, 3.400000000000000400, -2.199999999999999700 ) ) ;
#2974 = EDGE_LOOP ( 'NONE', ( #1397, #3737, #621, #2982 ) ) ;
#2975 = FACE_OUTER_BOUND ( 'NONE', #1048, .T. ) ;
#2976 = DIRECTION ( 'NONE',  ( 0.0000000000000000000, -0.0000000000000000000, -1.000000000000000000 ) ) ;
#2977 = CARTESIAN_POINT ( 'NONE',  ( -1.200000000000000000, 1.840202025355333300, -1.400000000000000100 ) ) ;
#2978 = ORIENTED_EDGE ( 'NONE', *, *, #3279, .T. ) ;
#2979 = ADVANCED_FACE ( 'NONE', ( #4192 ), #1950, .F. ) ;
#2980 = ORIENTED_EDGE ( 'NONE', *, *, #2158, .F. ) ;
#2981 = CARTESIAN_POINT ( 'NONE',  ( 3.000000000000000400, 1.300000000000000000, 2.600000000000000100 ) ) ;
#2982 = ORIENTED_EDGE ( 'NONE', *, *, #3050, .T. ) ;
#2983 = VERTEX_POINT ( 'NONE', #3678 ) ;
#2984 = DIRECTION ( 'NONE',  ( 0.0000000000000000000, -0.0000000000000000000, 1.000000000000000000 ) ) ;
#2985 = EDGE_CURVE ( 'NONE', #2066, #3732, #1039, .T. ) ;
#2986 = DIRECTION ( 'NONE',  ( -0.4999999999999950600, 0.8660254037844414800, 0.0000000000000000000 ) ) ;
#2987 = VERTEX_POINT ( 'NONE', #1234 ) ;
#2988 = LINE ( 'NONE', #579, #1799 ) ;
#2989 = VERTEX_POINT ( 'NONE', #187 ) ;
#2990 = ORIENTED_EDGE ( 'NONE', *, *, #81, .T. ) ;
#2991 = CARTESIAN_POINT ( 'NONE',  ( -3.000000000000000400, 1.300000000000000000, -1.899999999999999700 ) ) ;
#2992 = EDGE_CURVE ( 'NONE', #4113, #4452, #1252, .T. ) ;
#2993 = CARTESIAN_POINT ( 'NONE',  ( -3.333974596215567600, 0.9000000000000000200, -2.600000000000000100 ) ) ;
#2994 = ORIENTED_EDGE ( 'NONE', *, *, #1755, .T. ) ;
#2995 = DIRECTION ( 'NONE',  ( 0.0000000000000000000, 0.0000000000000000000, 1.000000000000000000 ) ) ;
#2996 = DIRECTION ( 'NONE',  ( 0.0000000000000000000, 0.0000000000000000000, 1.000000000000000000 ) ) ;
#2997 = ORIENTED_EDGE ( 'NONE', *, *, #1800, .F. ) ;
#2998 = LINE ( 'NONE', #2661, #1099 ) ;
#2999 = EDGE_CURVE ( 'NONE', #2063, #3713, #655, .T. ) ;
#3000 = EDGE_LOOP ( 'NONE', ( #1436, #2826, #2919, #4068 ) ) ;
#3001 = CARTESIAN_POINT ( 'NONE',  ( 3.333974596215567600, 1.000000000000000200, -2.600000000000000100 ) ) ;
#3002 = ADVANCED_FACE ( 'NONE', ( #2854 ), #3664, .T. ) ;
#3003 = AXIS2_PLACEMENT_3D ( 'NONE', #707, #3086, #3436 ) ;
#3004 = DIRECTION ( 'NONE',  ( -0.0000000000000000000, -1.000000000000000000, -0.0000000000000000000 ) ) ;
#3005 = ORIENTED_EDGE ( 'NONE', *, *, #479, .F. ) ;
#3006 = VECTOR ( 'NONE', #4435, 1000.000000000000000 ) ;
#3007 = CARTESIAN_POINT ( 'NONE',  ( -3.333974596215567600, 0.9000000000000000200, 2.600000000000000100 ) ) ;
#3008 = LINE ( 'NONE', #3323, #3541 ) ;
#3009 = DIRECTION ( 'NONE',  ( -0.0000000000000000000, 1.000000000000000000, -0.0000000000000000000 ) ) ;
#3010 = ORIENTED_EDGE ( 'NONE', *, *, #3586, .F. ) ;
#3011 = EDGE_CURVE ( 'NONE', #1624, #91, #4093, .T. ) ;
#3012 = CIRCLE ( 'NONE', #2298, 0.1000000000000002600 ) ;
#3013 = CARTESIAN_POINT ( 'NONE',  ( -4.200000000000000200, 0.2999999999999999900, 1.899999999999999700 ) ) ;
#3014 = CARTESIAN_POINT ( 'NONE',  ( 3.853589838486224400, 0.2000000000000021800, 2.600000000000000100 ) ) ;
#3015 = FACE_OUTER_BOUND ( 'NONE', #2248, .T. ) ;
#3016 = FACE_OUTER_BOUND ( 'NONE', #1339, .T. ) ;
#3017 = DIRECTION ( 'NONE',  ( 0.0000000000000000000, -1.000000000000000000, -0.0000000000000000000 ) ) ;
#3018 = AXIS2_PLACEMENT_3D ( 'NONE', #2386, #1055, #59 ) ;
#3019 = EDGE_CURVE ( 'NONE', #300, #2180, #108, .T. ) ;
#3020 = CYLINDRICAL_SURFACE ( 'NONE', #418, 1.800000000000000000 ) ;
#3021 = EDGE_LOOP ( 'NONE', ( #3360, #129, #3135, #2740 ) ) ;
#3022 = CARTESIAN_POINT ( 'NONE',  ( -3.680384757729344300, 1.099999999999998100, 2.600000000000000100 ) ) ;
#3023 = VECTOR ( 'NONE', #3599, 1000.000000000000000 ) ;
#3024 = DIRECTION ( 'NONE',  ( 0.0000000000000000000, 0.0000000000000000000, -1.000000000000000000 ) ) ;
#3025 = DIRECTION ( 'NONE',  ( 0.0000000000000000000, 1.000000000000000000, 0.0000000000000000000 ) ) ;
#3026 = CARTESIAN_POINT ( 'NONE',  ( 3.000000000000000000, 3.400000000000000400, -2.749999999999999100 ) ) ;
#3027 = FACE_OUTER_BOUND ( 'NONE', #2615, .T. ) ;
#3028 = EDGE_LOOP ( 'NONE', ( #1285, #2827, #2729, #2144 ) ) ;
#3029 = FACE_OUTER_BOUND ( 'NONE', #2028, .T. ) ;
#3030 = EDGE_CURVE ( 'NONE', #664, #529, #554, .T. ) ;
#3031 = DIRECTION ( 'NONE',  ( 1.000000000000000000, -0.0000000000000000000, -0.0000000000000000000 ) ) ;
#3032 = CARTESIAN_POINT ( 'NONE',  ( -4.200000000000000200, 0.4000000000000000200, -2.600000000000000100 ) ) ;
#3033 = ORIENTED_EDGE ( 'NONE', *, *, #4216, .T. ) ;
#3034 = AXIS2_PLACEMENT_3D ( 'NONE', #1949, #3293, #3974 ) ;
#3035 = EDGE_LOOP ( 'NONE', ( #224, #674, #3583, #506 ) ) ;
#3036 = DIRECTION ( 'NONE',  ( -0.0000000000000000000, 1.000000000000000000, -0.0000000000000000000 ) ) ;
#3037 = DIRECTION ( 'NONE',  ( 0.0000000000000000000, 0.0000000000000000000, -1.000000000000000000 ) ) ;
#3038 = DIRECTION ( 'NONE',  ( -0.0000000000000000000, -1.000000000000000000, -0.0000000000000000000 ) ) ;
#3039 = DIRECTION ( 'NONE',  ( -0.4999999999999952800, -0.8660254037844413700, 0.0000000000000000000 ) ) ;
#3040 = ORIENTED_EDGE ( 'NONE', *, *, #1580, .T. ) ;
#3041 = PRODUCT_DEFINITION ( 'UNKNOWN', '', #647, #1073 ) ;
#3042 = VERTEX_POINT ( 'NONE', #4370 ) ;
#3043 = DIRECTION ( 'NONE',  ( -0.4999999999999950600, -0.8660254037844415900, 0.0000000000000000000 ) ) ;
#3044 = VERTEX_POINT ( 'NONE', #2308 ) ;
#3045 = DIRECTION ( 'NONE',  ( 0.0000000000000000000, -0.0000000000000000000, -1.000000000000000000 ) ) ;
#3046 = AXIS2_PLACEMENT_3D ( 'NONE', #369, #2765, #706 ) ;
#3047 = ORIENTED_EDGE ( 'NONE', *, *, #515, .T. ) ;
#3048 = LINE ( 'NONE', #4083, #1221 ) ;
#3049 = DIRECTION ( 'NONE',  ( 0.0000000000000000000, -1.000000000000000000, 0.0000000000000000000 ) ) ;
#3050 = EDGE_CURVE ( 'NONE', #2139, #1922, #1304, .T. ) ;
#3051 = CARTESIAN_POINT ( 'NONE',  ( 1.200000000000000000, 7.599999999999999600, 1.199999999999999300 ) ) ;
#3052 = ORIENTED_EDGE ( 'NONE', *, *, #4390, .F. ) ;
#3053 = ORIENTED_EDGE ( 'NONE', *, *, #3356, .F. ) ;
#3054 = DIRECTION ( 'NONE',  ( -0.0000000000000000000, -1.000000000000000000, -0.0000000000000000000 ) ) ;
#3055 = ADVANCED_FACE ( 'NONE', ( #2051, #1832 ), #2609, .F. ) ;
#3056 = ORIENTED_EDGE ( 'NONE', *, *, #712, .F. ) ;
#3057 = DIRECTION ( 'NONE',  ( 0.0000000000000000000, 1.000000000000000000, 0.0000000000000000000 ) ) ;
#3058 = CARTESIAN_POINT ( 'NONE',  ( 2.199999999999999300, 3.400000000000000400, 1.825000000000000200 ) ) ;
#3059 = EDGE_LOOP ( 'NONE', ( #2829, #2980, #2843, #1679 ) ) ;
#3060 = AXIS2_PLACEMENT_3D ( 'NONE', #1174, #2832, #3213 ) ;
#3061 = LINE ( 'NONE', #3838, #263 ) ;
#3062 = LINE ( 'NONE', #1771, #861 ) ;
#3063 = EDGE_LOOP ( 'NONE', ( #2304, #2188, #1217, #3679, #3403, #1331, #3912, #2290, #3644, #3204, #1280, #384 ) ) ;
#3064 = FACE_OUTER_BOUND ( 'NONE', #3295, .T. ) ;
#3065 = SPHERICAL_SURFACE ( 'NONE', #1623, 0.3749999999999988300 ) ;
#3066 = CARTESIAN_POINT ( 'NONE',  ( 2.500000000000000000, 0.1000000000000000100, 3.000000000000000900 ) ) ;
#3067 = ORIENTED_EDGE ( 'NONE', *, *, #81, .F. ) ;
#3068 = DIRECTION ( 'NONE',  ( 0.0000000000000000000, 1.000000000000000000, -0.0000000000000000000 ) ) ;
#3069 = CIRCLE ( 'NONE', #2916, 0.2500000000000002200 ) ;
#3070 = CIRCLE ( 'NONE', #3585, 0.2500000000000002200 ) ;
#3071 = DIRECTION ( 'NONE',  ( 0.0000000000000000000, -1.000000000000000000, -0.0000000000000000000 ) ) ;
#3072 = CIRCLE ( 'NONE', #1253, 0.4000000000000001900 ) ;
#3073 = SPHERICAL_SURFACE ( 'NONE', #2446, 0.2000000000000000100 ) ;
#3074 = ADVANCED_FACE ( 'NONE', ( #3868 ), #3554, .T. ) ;
#3075 = DIRECTION ( 'NONE',  ( 0.0000000000000000000, -1.000000000000000000, 0.0000000000000000000 ) ) ;
#3076 = VERTEX_POINT ( 'NONE', #982 ) ;
#3077 = LINE ( 'NONE', #1191, #447 ) ;
#3078 = AXIS2_PLACEMENT_3D ( 'NONE', #3183, #68, #93 ) ;
#3079 = EDGE_CURVE ( 'NONE', #2139, #780, #3393, .T. ) ;
#3080 = DIRECTION ( 'NONE',  ( 0.0000000000000000000, 0.0000000000000000000, 1.000000000000000000 ) ) ;
#3081 = VERTEX_POINT ( 'NONE', #1011 ) ;
#3082 = DIRECTION ( 'NONE',  ( 0.0000000000000000000, 0.0000000000000000000, 1.000000000000000000 ) ) ;
#3083 = EDGE_CURVE ( 'NONE', #1393, #4211, #2383, .T. ) ;
#3084 = ORIENTED_EDGE ( 'NONE', *, *, #313, .F. ) ;
#3085 = CARTESIAN_POINT ( 'NONE',  ( 2.199999999999999300, 3.400000000000000400, -2.199999999999999700 ) ) ;
#3086 = DIRECTION ( 'NONE',  ( -0.0000000000000000000, 0.0000000000000000000, 1.000000000000000000 ) ) ;
#3087 = ORIENTED_EDGE ( 'NONE', *, *, #1468, .T. ) ;
#3088 = CARTESIAN_POINT ( 'NONE',  ( 0.0000000000000000000, 4.700000000000000200, 0.0000000000000000000 ) ) ;
#3089 = CARTESIAN_POINT ( 'NONE',  ( -2.750000000000000000, 3.700000000000000200, 2.750000000000000000 ) ) ;
#3090 = AXIS2_PLACEMENT_3D ( 'NONE', #3236, #2286, #1590 ) ;
#3091 = EDGE_LOOP ( 'NONE', ( #3100, #4339, #2491, #3846 ) ) ;
#3092 = VERTEX_POINT ( 'NONE', #278 ) ;
#3093 = DIRECTION ( 'NONE',  ( -0.0000000000000000000, -1.000000000000000000, -0.0000000000000000000 ) ) ;
#3094 = ADVANCED_FACE ( 'NONE', ( #5 ), #2339, .T. ) ;
#3095 = ORIENTED_EDGE ( 'NONE', *, *, #307, .F. ) ;
#3096 = EDGE_LOOP ( 'NONE', ( #135, #1429, #4123, #1761 ) ) ;
#3097 = CARTESIAN_POINT ( 'NONE',  ( 3.333974596215567600, 1.000000000000000200, -1.899999999999999700 ) ) ;
#3098 = ORIENTED_EDGE ( 'NONE', *, *, #1100, .F. ) ;
#3099 = SPHERICAL_SURFACE ( 'NONE', #254, 0.3749999999999988300 ) ;
#3100 = ORIENTED_EDGE ( 'NONE', *, *, #3246, .T. ) ;
#3101 = CARTESIAN_POINT ( 'NONE',  ( 2.199999999999999300, 3.400000000000000400, 2.574999999999999700 ) ) ;
#3102 = AXIS2_PLACEMENT_3D ( 'NONE', #2498, #2805, #1133 ) ;
#3103 = EDGE_CURVE ( 'NONE', #2066, #4374, #1464, .T. ) ;
#3104 = ORIENTED_EDGE ( 'NONE', *, *, #1551, .T. ) ;
#3105 = FILL_AREA_STYLE ('',( #3819 ) ) ;
#3106 = CARTESIAN_POINT ( 'NONE',  ( -1.350000000000000100, -0.4999999999999994400, -2.999999999999999100 ) ) ;
#3107 = DIRECTION ( 'NONE',  ( -0.0000000000000000000, -1.000000000000000000, -0.0000000000000000000 ) ) ;
#3108 = ORIENTED_EDGE ( 'NONE', *, *, #159, .F. ) ;
#3109 = EDGE_CURVE ( 'NONE', #4076, #3983, #1730, .T. ) ;
#3110 = DIRECTION ( 'NONE',  ( 0.0000000000000000000, 0.0000000000000000000, -1.000000000000000000 ) ) ;
#3111 = ORIENTED_EDGE ( 'NONE', *, *, #200, .T. ) ;
#3112 = FACE_OUTER_BOUND ( 'NONE', #570, .T. ) ;
#3113 = CARTESIAN_POINT ( 'NONE',  ( 3.000000000000000000, 0.5000000000000000000, -3.000000000000000900 ) ) ;
#3114 = ADVANCED_BREP_SHAPE_REPRESENTATION ( 'TL3301SPF160QG', ( #1383, #2186, #1993, #332, #3196, #3771, #1572 ), #882 ) ;
#3115 = VERTEX_POINT ( 'NONE', #3701 ) ;
#3116 = ADVANCED_FACE ( 'NONE', ( #1622 ), #3020, .F. ) ;
#3117 = LINE ( 'NONE', #4229, #3380 ) ;
#3118 = CIRCLE ( 'NONE', #1351, 0.3749999999999990600 ) ;
#3119 = SURFACE_STYLE_USAGE ( .BOTH. , #2095 ) ;
#3120 = ORIENTED_EDGE ( 'NONE', *, *, #2016, .F. ) ;
#3121 = CIRCLE ( 'NONE', #3034, 0.3749999999999990600 ) ;
#3122 = FACE_OUTER_BOUND ( 'NONE', #2556, .T. ) ;
#3123 = PLANE ( 'NONE',  #1607 ) ;
#3124 = VECTOR ( 'NONE', #2956, 1000.000000000000000 ) ;
#3125 = ORIENTED_EDGE ( 'NONE', *, *, #958, .F. ) ;
#3126 = FACE_OUTER_BOUND ( 'NONE', #3366, .T. ) ;
#3127 = AXIS2_PLACEMENT_3D ( 'NONE', #495, #527, #3582 ) ;
#3128 = EDGE_CURVE ( 'NONE', #3292, #3896, #2220, .T. ) ;
#3129 = CARTESIAN_POINT ( 'NONE',  ( 3.680384757729344300, 1.099999999999998100, 1.899999999999999700 ) ) ;
#3130 = LINE ( 'NONE', #732, #873 ) ;
#3131 = EDGE_LOOP ( 'NONE', ( #2440, #1661 ) ) ;
#3132 = DIRECTION ( 'NONE',  ( -1.000000000000000000, 0.0000000000000000000, 0.0000000000000000000 ) ) ;
#3133 = CARTESIAN_POINT ( 'NONE',  ( -2.199999999999999300, 3.725000000000002800, -2.199999999999999700 ) ) ;
#3134 = DIRECTION ( 'NONE',  ( -1.548860246407863600E-016, 0.0000000000000000000, -1.000000000000000000 ) ) ;
#3135 = ORIENTED_EDGE ( 'NONE', *, *, #443, .T. ) ;
#3136 = AXIS2_PLACEMENT_3D ( 'NONE', #531, #2212, #2558 ) ;
#3137 = EDGE_CURVE ( 'NONE', #4378, #556, #333, .T. ) ;
#3138 = CARTESIAN_POINT ( 'NONE',  ( 2.500000000000000000, 0.5000000000000000000, -3.000000000000000900 ) ) ;
#3139 = ORIENTED_EDGE ( 'NONE', *, *, #3019, .F. ) ;
#3140 = ADVANCED_FACE ( 'NONE', ( #3439 ), #2101, .T. ) ;
#3141 = AXIS2_PLACEMENT_3D ( 'NONE', #1502, #1846, #3171 ) ;
#3142 = DIRECTION ( 'NONE',  ( 0.0000000000000000000, -1.000000000000000000, 0.0000000000000000000 ) ) ;
#3143 = DIRECTION ( 'NONE',  ( -0.0000000000000000000, 1.000000000000000000, -0.0000000000000000000 ) ) ;
#3144 = ORIENTED_EDGE ( 'NONE', *, *, #827, .F. ) ;
#3145 = CARTESIAN_POINT ( 'NONE',  ( 3.420577136594011900, 0.9499999999999995100, 2.600000000000000100 ) ) ;
#3146 = CARTESIAN_POINT ( 'NONE',  ( -2.499999999999999600, 0.5000000000000000000, 1.450000000000001100 ) ) ;
#3147 = EDGE_LOOP ( 'NONE', ( #832, #2672 ) ) ;
#3148 = VERTEX_POINT ( 'NONE', #3001 ) ;
#3149 = DIRECTION ( 'NONE',  ( 0.0000000000000000000, 1.000000000000000000, 0.0000000000000000000 ) ) ;
#3150 = AXIS2_PLACEMENT_3D ( 'NONE', #1765, #423, #35 ) ;
#3151 = FILL_AREA_STYLE_COLOUR ( '', #1134 ) ;
#3152 = ORIENTED_EDGE ( 'NONE', *, *, #2130, .T. ) ;
#3153 = LINE ( 'NONE', #1329, #2249 ) ;
#3154 = DIRECTION ( 'NONE',  ( 0.0000000000000000000, 0.0000000000000000000, 1.000000000000000000 ) ) ;
#3155 = DIRECTION ( 'NONE',  ( -1.000000000000000000, 0.0000000000000000000, 0.0000000000000000000 ) ) ;
#3156 = EDGE_LOOP ( 'NONE', ( #984, #1971, #2744, #1372 ) ) ;
#3157 = CARTESIAN_POINT ( 'NONE',  ( -2.199999999999999300, 3.700000000000000200, -2.574999999999999700 ) ) ;
#3158 = CARTESIAN_POINT ( 'NONE',  ( -3.000000000000000000, 0.5000000000000000000, 1.450000000000001100 ) ) ;
#3159 = VERTEX_POINT ( 'NONE', #4421 ) ;
#3160 = AXIS2_PLACEMENT_3D ( 'NONE', #422, #2810, #756 ) ;
#3161 = ADVANCED_FACE ( 'NONE', ( #759 ), #3976, .F. ) ;
#3162 = EDGE_CURVE ( 'NONE', #3308, #4257, #1685, .T. ) ;
#3163 = VERTEX_POINT ( 'NONE', #4075 ) ;
#3164 = SURFACE_STYLE_USAGE ( .BOTH. , #2480 ) ;
#3165 = DIRECTION ( 'NONE',  ( 1.000000000000000000, 0.0000000000000000000, -0.0000000000000000000 ) ) ;
#3166 = ORIENTED_EDGE ( 'NONE', *, *, #2847, .T. ) ;
#3167 = EDGE_CURVE ( 'NONE', #3298, #1115, #702, .T. ) ;
#3168 = LINE ( 'NONE', #909, #2263 ) ;
#3169 = DIRECTION ( 'NONE',  ( 0.8660254037844415900, -0.4999999999999950600, 0.0000000000000000000 ) ) ;
#3170 = FACE_OUTER_BOUND ( 'NONE', #2368, .T. ) ;
#3171 = DIRECTION ( 'NONE',  ( -1.000000000000000000, 0.0000000000000000000, 0.0000000000000000000 ) ) ;
#3172 = CARTESIAN_POINT ( 'NONE',  ( 3.000000000000000000, 0.5000000000000000000, -1.450000000000001100 ) ) ;
#3173 = VECTOR ( 'NONE', #178, 1000.000000000000000 ) ;
#3174 = CARTESIAN_POINT ( 'NONE',  ( -5.000000000000000000, 0.2999999999999999900, 2.600000000000000100 ) ) ;
#3175 = LINE ( 'NONE', #4181, #1246 ) ;
#3176 = AXIS2_PLACEMENT_3D ( 'NONE', #1179, #2226, #2570 ) ;
#3177 = CARTESIAN_POINT ( 'NONE',  ( 3.000000000000000400, 1.000000000000000000, 1.899999999999999700 ) ) ;
#3178 = CYLINDRICAL_SURFACE ( 'NONE', #1810, 0.2000000000000000900 ) ;
#3179 = DIRECTION ( 'NONE',  ( -1.000000000000000000, 0.0000000000000000000, 0.0000000000000000000 ) ) ;
#3180 = EDGE_CURVE ( 'NONE', #4257, #2948, #162, .T. ) ;
#3181 = VECTOR ( 'NONE', #3017, 1000.000000000000000 ) ;
#3182 = ORIENTED_EDGE ( 'NONE', *, *, #2737, .T. ) ;
#3183 = CARTESIAN_POINT ( 'NONE',  ( -3.333974596215567600, 0.9000000000000000200, 2.600000000000000100 ) ) ;
#3184 = ADVANCED_FACE ( 'NONE', ( #4300 ), #2794, .T. ) ;
#3185 = ORIENTED_EDGE ( 'NONE', *, *, #3566, .T. ) ;
#3186 = PLANE ( 'NONE',  #1973 ) ;
#3187 = VECTOR ( 'NONE', #3449, 1000.000000000000000 ) ;
#3188 = CARTESIAN_POINT ( 'NONE',  ( -3.333974596215567600, 1.300000000000000000, -2.600000000000000100 ) ) ;
#3189 = AXIS2_PLACEMENT_3D ( 'NONE', #1071, #1034, #2047 ) ;
#3190 = EDGE_CURVE ( 'NONE', #2076, #2507, #2707, .T. ) ;
#3191 = CARTESIAN_POINT ( 'NONE',  ( -3.000000000000000000, 0.1000000000000000100, -1.450000000000001100 ) ) ;
#3192 = VERTEX_POINT ( 'NONE', #3051 ) ;
#3193 = DIRECTION ( 'NONE',  ( 0.0000000000000000000, 0.0000000000000000000, 1.000000000000000000 ) ) ;
#3194 = EDGE_CURVE ( 'NONE', #2618, #2076, #3815, .T. ) ;
#3195 = ORIENTED_EDGE ( 'NONE', *, *, #794, .T. ) ;
#3196 = MANIFOLD_SOLID_BREP ( 'Cut-Extrude3', #3577 ) ;
#3197 = CARTESIAN_POINT ( 'NONE',  ( 2.750000000000000900, 0.5000000000000004400, -2.749999999999999100 ) ) ;
#3198 = ORIENTED_EDGE ( 'NONE', *, *, #1532, .F. ) ;
#3199 = ORIENTED_EDGE ( 'NONE', *, *, #3330, .F. ) ;
#3200 = AXIS2_PLACEMENT_3D ( 'NONE', #3296, #1936, #1232 ) ;
#3201 = DIRECTION ( 'NONE',  ( 0.0000000000000000000, 0.0000000000000000000, 1.000000000000000000 ) ) ;
#3202 = DIRECTION ( 'NONE',  ( -0.0000000000000000000, -0.0000000000000000000, -1.000000000000000000 ) ) ;
#3203 = ORIENTED_EDGE ( 'NONE', *, *, #3866, .F. ) ;
#3204 = ORIENTED_EDGE ( 'NONE', *, *, #2870, .F. ) ;
#3205 = ADVANCED_FACE ( 'NONE', ( #2849 ), #4188, .T. ) ;
#3206 = ORIENTED_EDGE ( 'NONE', *, *, #136, .T. ) ;
#3207 = LINE ( 'NONE', #1728, #3939 ) ;
#3208 = DIRECTION ( 'NONE',  ( 0.0000000000000000000, 1.000000000000000000, 0.0000000000000000000 ) ) ;
#3209 = AXIS2_PLACEMENT_3D ( 'NONE', #1435, #1463, #2488 ) ;
#3210 = VERTEX_POINT ( 'NONE', #374 ) ;
#3211 = EDGE_CURVE ( 'NONE', #518, #2687, #1035, .T. ) ;
#3212 = ORIENTED_EDGE ( 'NONE', *, *, #3303, .T. ) ;
#3213 = DIRECTION ( 'NONE',  ( -2.797941090285173100E-016, 0.0000000000000000000, 1.000000000000000000 ) ) ;
#3214 = DIRECTION ( 'NONE',  ( 0.0000000000000000000, 0.0000000000000000000, 1.000000000000000000 ) ) ;
#3215 =( NAMED_UNIT ( * ) PLANE_ANGLE_UNIT ( ) SI_UNIT ( $, .RADIAN. ) );
#3216 = VERTEX_POINT ( 'NONE', #2761 ) ;
#3217 = CIRCLE ( 'NONE', #1864, 0.3999999999999997400 ) ;
#3218 = LINE ( 'NONE', #3840, #484 ) ;
#3219 = EDGE_CURVE ( 'NONE', #3829, #1223, #1085, .T. ) ;
#3220 = PLANE ( 'NONE',  #3853 ) ;
#3221 = CARTESIAN_POINT ( 'NONE',  ( 3.420577136594011900, 0.9499999999999995100, -1.899999999999999700 ) ) ;
#3222 = CLOSED_SHELL ( 'NONE', ( #3764, #1454, #1850, #2470, #153, #2364, #3722, #1385, #2979, #1517, #1158, #1762, #2148, #817 ) ) ;
#3223 = FACE_OUTER_BOUND ( 'NONE', #960, .T. ) ;
#3224 = FACE_OUTER_BOUND ( 'NONE', #719, .T. ) ;
#3225 = EDGE_CURVE ( 'NONE', #2948, #3688, #4413, .T. ) ;
#3226 = ADVANCED_FACE ( 'NONE', ( #2964 ), #4128, .T. ) ;
#3227 = LINE ( 'NONE', #1568, #4410 ) ;
#3228 = FACE_OUTER_BOUND ( 'NONE', #1641, .T. ) ;
#3229 = CARTESIAN_POINT ( 'NONE',  ( -2.750000000000000000, 0.5000000000000004400, 2.750000000000000000 ) ) ;
#3230 = DIRECTION ( 'NONE',  ( 0.0000000000000000000, 0.0000000000000000000, 1.000000000000000000 ) ) ;
#3231 = APPLICATION_CONTEXT ( 'automotive_design' ) ;
#3232 = VECTOR ( 'NONE', #1284, 1000.000000000000000 ) ;
#3233 = AXIS2_PLACEMENT_3D ( 'NONE', #519, #4342, #195 ) ;
#3234 = ORIENTED_EDGE ( 'NONE', *, *, #133, .F. ) ;
#3235 = VECTOR ( 'NONE', #1312, 1000.000000000000000 ) ;
#3236 = CARTESIAN_POINT ( 'NONE',  ( 3.000000000000000000, 3.400000000000000400, -2.749999999999999100 ) ) ;
#3237 = LINE ( 'NONE', #3422, #3715 ) ;
#3238 = CARTESIAN_POINT ( 'NONE',  ( -3.333974596215567600, 0.9000000000000000200, 2.600000000000000100 ) ) ;
#3239 = ORIENTED_EDGE ( 'NONE', *, *, #2967, .F. ) ;
#3240 = EDGE_CURVE ( 'NONE', #29, #72, #3283, .T. ) ;
#3241 = CARTESIAN_POINT ( 'NONE',  ( -4.200000000000000200, 0.4000000000000000200, 2.600000000000000100 ) ) ;
#3242 = ORIENTED_EDGE ( 'NONE', *, *, #2321, .F. ) ;
#3243 = DIRECTION ( 'NONE',  ( 1.000000000000000000, 0.0000000000000000000, 0.0000000000000000000 ) ) ;
#3244 = ORIENTED_EDGE ( 'NONE', *, *, #4148, .F. ) ;
#3245 = AXIS2_PLACEMENT_3D ( 'NONE', #1899, #2788, #4182 ) ;
#3246 = EDGE_CURVE ( 'NONE', #1020, #2610, #104, .T. ) ;
#3247 = APPLICATION_PROTOCOL_DEFINITION ( 'draft international standard', 'automotive_design', 1998, #3231 ) ;
#3248 = ADVANCED_FACE ( 'NONE', ( #1569 ), #1050, .F. ) ;
#3249 = CARTESIAN_POINT ( 'NONE',  ( 5.000000000000000000, 0.0000000000000000000, -2.600000000000000100 ) ) ;
#3250 = VERTEX_POINT ( 'NONE', #3470 ) ;
#3251 = DIRECTION ( 'NONE',  ( -0.4999999999999952800, -0.8660254037844413700, 0.0000000000000000000 ) ) ;
#3252 = PLANE ( 'NONE',  #2735 ) ;
#3253 = EDGE_CURVE ( 'NONE', #3843, #256, #2048, .T. ) ;
#3254 = ORIENTED_EDGE ( 'NONE', *, *, #3167, .T. ) ;
#3255 = EDGE_LOOP ( 'NONE', ( #1114, #1371, #881, #2657 ) ) ;
#3256 = DIRECTION ( 'NONE',  ( 1.000000000000000000, 0.0000000000000000000, 0.0000000000000000000 ) ) ;
#3257 = EDGE_LOOP ( 'NONE', ( #1543, #4355, #3850, #1701, #1008, #4399, #474, #466 ) ) ;
#3258 = CYLINDRICAL_SURFACE ( 'NONE', #1093, 0.2500000000000002200 ) ;
#3259 = AXIS2_PLACEMENT_3D ( 'NONE', #2950, #4346, #581 ) ;
#3260 = CARTESIAN_POINT ( 'NONE',  ( 0.0000000000000000000, 3.700000000000000200, 0.0000000000000000000 ) ) ;
#3261 = DIRECTION ( 'NONE',  ( -1.000000000000000000, 0.0000000000000000000, 0.0000000000000000000 ) ) ;
#3262 = DIRECTION ( 'NONE',  ( 0.0000000000000000000, 0.0000000000000000000, 1.000000000000000000 ) ) ;
#3263 = VERTEX_POINT ( 'NONE', #3417 ) ;
#3264 = ORIENTED_EDGE ( 'NONE', *, *, #4054, .T. ) ;
#3265 = CARTESIAN_POINT ( 'NONE',  ( -2.199999999999999300, 3.400000000000000400, 2.574999999999999700 ) ) ;
#3266 = PLANE ( 'NONE',  #2958 ) ;
#3267 = ORIENTED_EDGE ( 'NONE', *, *, #897, .T. ) ;
#3268 = CYLINDRICAL_SURFACE ( 'NONE', #3984, 0.2499999999999997800 ) ;
#3269 = ORIENTED_EDGE ( 'NONE', *, *, #1781, .T. ) ;
#3270 = CARTESIAN_POINT ( 'NONE',  ( -2.199999999999999300, 3.725000000000002800, -1.825000000000000600 ) ) ;
#3271 = ADVANCED_FACE ( 'NONE', ( #440 ), #2532, .T. ) ;
#3272 = LINE ( 'NONE', #3129, #3600 ) ;
#3273 = AXIS2_PLACEMENT_3D ( 'NONE', #2110, #2793, #3549 ) ;
#3274 = EDGE_CURVE ( 'NONE', #2325, #3843, #1775, .T. ) ;
#3275 = ORIENTED_EDGE ( 'NONE', *, *, #3109, .T. ) ;
#3276 = FACE_OUTER_BOUND ( 'NONE', #2384, .T. ) ;
#3277 = LINE ( 'NONE', #2668, #1178 ) ;
#3278 = DIRECTION ( 'NONE',  ( -1.000000000000000000, 0.0000000000000000000, 0.0000000000000000000 ) ) ;
#3279 = EDGE_CURVE ( 'NONE', #3159, #1164, #3970, .T. ) ;
#3280 = FACE_OUTER_BOUND ( 'NONE', #1411, .T. ) ;
#3281 = DIRECTION ( 'NONE',  ( -1.577021341797097800E-016, -0.0000000000000000000, -1.000000000000000000 ) ) ;
#3282 = CARTESIAN_POINT ( 'NONE',  ( 2.199999999999999300, 3.400000000000000400, 2.199999999999999700 ) ) ;
#3283 = LINE ( 'NONE', #2112, #752 ) ;
#3284 = CARTESIAN_POINT ( 'NONE',  ( 2.199999999999999300, 3.725000000000002800, 2.199999999999999700 ) ) ;
#3285 = LINE ( 'NONE', #1266, #4135 ) ;
#3286 = VECTOR ( 'NONE', #1166, 1000.000000000000000 ) ;
#3287 = ORIENTED_EDGE ( 'NONE', *, *, #2894, .F. ) ;
#3288 = DIRECTION ( 'NONE',  ( -1.000000000000000000, 0.0000000000000000000, 0.0000000000000000000 ) ) ;
#3289 = CIRCLE ( 'NONE', #290, 0.1000000000000002600 ) ;
#3290 = DIRECTION ( 'NONE',  ( -1.000000000000000000, 0.0000000000000000000, 0.0000000000000000000 ) ) ;
#3291 = DIRECTION ( 'NONE',  ( 1.000000000000000000, 0.0000000000000000000, 0.0000000000000000000 ) ) ;
#3292 = VERTEX_POINT ( 'NONE', #1122 ) ;
#3293 = DIRECTION ( 'NONE',  ( -1.224646799147353200E-016, 0.0000000000000000000, -1.000000000000000000 ) ) ;
#3294 = CARTESIAN_POINT ( 'NONE',  ( 5.000000000000000000, 0.2999999999999999900, 2.600000000000000100 ) ) ;
#3295 = EDGE_LOOP ( 'NONE', ( #116, #4024, #1647, #2702 ) ) ;
#3296 = CARTESIAN_POINT ( 'NONE',  ( -4.200000000000000200, 0.0000000000000000000, 2.600000000000000100 ) ) ;
#3297 = CARTESIAN_POINT ( 'NONE',  ( 5.000000000000000000, 0.0000000000000000000, -2.600000000000000100 ) ) ;
#3298 = VERTEX_POINT ( 'NONE', #118 ) ;
#3299 = CARTESIAN_POINT ( 'NONE',  ( -2.199999999999999300, 3.725000000000002800, 2.574999999999998800 ) ) ;
#3300 = DIRECTION ( 'NONE',  ( -6.492722409255913900E-016, 1.000000000000000000, 0.0000000000000000000 ) ) ;
#3301 = AXIS2_PLACEMENT_3D ( 'NONE', #1243, #142, #2567 ) ;
#3302 = ORIENTED_EDGE ( 'NONE', *, *, #1854, .F. ) ;
#3303 = EDGE_CURVE ( 'NONE', #3827, #4000, #3072, .T. ) ;
#3304 = DIRECTION ( 'NONE',  ( -1.000000000000000000, 0.0000000000000000000, -0.0000000000000000000 ) ) ;
#3305 = ORIENTED_EDGE ( 'NONE', *, *, #1643, .F. ) ;
#3306 = CARTESIAN_POINT ( 'NONE',  ( 1.399999999999999900, 5.799999999999999800, -1.200000000000000600 ) ) ;
#3307 = CARTESIAN_POINT ( 'NONE',  ( -3.333974596215567600, 1.300000000000000000, 1.899999999999999700 ) ) ;
#3308 = VERTEX_POINT ( 'NONE', #3548 ) ;
#3309 = DIRECTION ( 'NONE',  ( -1.000000000000000000, 0.0000000000000000000, 0.0000000000000000000 ) ) ;
#3310 = DIRECTION ( 'NONE',  ( 0.0000000000000000000, 0.0000000000000000000, -1.000000000000000000 ) ) ;
#3311 = ORIENTED_EDGE ( 'NONE', *, *, #1990, .T. ) ;
#3312 = EDGE_CURVE ( 'NONE', #2948, #4211, #1138, .T. ) ;
#3313 = CARTESIAN_POINT ( 'NONE',  ( 3.000000000000000000, 3.400000000000000400, -2.749999999999999100 ) ) ;
#3314 = ORIENTED_EDGE ( 'NONE', *, *, #3274, .T. ) ;
#3315 = CARTESIAN_POINT ( 'NONE',  ( 1.200000000000000000, 5.799999999999999800, -1.400000000000000600 ) ) ;
#3316 = ADVANCED_FACE ( 'NONE', ( #2751 ), #739, .F. ) ;
#3317 = ORIENTED_EDGE ( 'NONE', *, *, #2807, .T. ) ;
#3318 = PLANE ( 'NONE',  #3920 ) ;
#3319 = CARTESIAN_POINT ( 'NONE',  ( -2.199999999999999300, 4.100000000000001400, -2.199999999999999700 ) ) ;
#3320 = VERTEX_POINT ( 'NONE', #3177 ) ;
#3321 = CARTESIAN_POINT ( 'NONE',  ( -2.199999999999999300, 3.725000000000002800, 2.199999999999999700 ) ) ;
#3322 = DIRECTION ( 'NONE',  ( -6.492722409255913900E-016, 1.000000000000000000, 0.0000000000000000000 ) ) ;
#3323 = CARTESIAN_POINT ( 'NONE',  ( -4.200000000000000200, 0.2999999999999999900, 2.600000000000000100 ) ) ;
#3324 = EDGE_LOOP ( 'NONE', ( #2422, #727, #3886, #1267 ) ) ;
#3325 = VECTOR ( 'NONE', #240, 1000.000000000000000 ) ;
#3326 = VECTOR ( 'NONE', #1089, 1000.000000000000000 ) ;
#3327 = ORIENTED_EDGE ( 'NONE', *, *, #1175, .F. ) ;
#3328 = AXIS2_PLACEMENT_3D ( 'NONE', #1338, #1603, #4353 ) ;
#3329 = VECTOR ( 'NONE', #1496, 1000.000000000000000 ) ;
#3330 = EDGE_CURVE ( 'NONE', #995, #4330, #56, .T. ) ;
#3331 = FACE_OUTER_BOUND ( 'NONE', #2015, .T. ) ;
#3332 = CARTESIAN_POINT ( 'NONE',  ( -3.000000000000000000, 0.5000000000000000000, 1.450000000000001100 ) ) ;
#3333 = DIRECTION ( 'NONE',  ( 0.0000000000000000000, 1.000000000000000000, 0.0000000000000000000 ) ) ;
#3334 = DIRECTION ( 'NONE',  ( 1.577021341797097800E-016, 0.0000000000000000000, 1.000000000000000000 ) ) ;
#3335 = VECTOR ( 'NONE', #1898, 1000.000000000000000 ) ;
#3336 = DIRECTION ( 'NONE',  ( -0.0000000000000000000, -0.0000000000000000000, 1.000000000000000000 ) ) ;
#3337 = VECTOR ( 'NONE', #1601, 1000.000000000000000 ) ;
#3338 = EDGE_CURVE ( 'NONE', #3148, #3298, #220, .T. ) ;
#3339 = CARTESIAN_POINT ( 'NONE',  ( -3.000000000000000000, 3.400000000000000400, -2.749999999999999100 ) ) ;
#3340 = CYLINDRICAL_SURFACE ( 'NONE', #1340, 0.1000000000000002600 ) ;
#3341 = DIRECTION ( 'NONE',  ( -1.000000000000000000, 0.0000000000000000000, 0.0000000000000000000 ) ) ;
#3342 = ORIENTED_EDGE ( 'NONE', *, *, #2307, .F. ) ;
#3343 = CIRCLE ( 'NONE', #1907, 0.1000000000000002600 ) ;
#3344 = CARTESIAN_POINT ( 'NONE',  ( 3.000000000000000400, 1.300000000000000000, -2.600000000000000100 ) ) ;
#3345 = VECTOR ( 'NONE', #1808, 1000.000000000000000 ) ;
#3346 = DIRECTION ( 'NONE',  ( -0.0000000000000000000, -0.0000000000000000000, 1.000000000000000000 ) ) ;
#3347 = ORIENTED_EDGE ( 'NONE', *, *, #285, .T. ) ;
#3348 = LINE ( 'NONE', #428, #2441 ) ;
#3349 = CARTESIAN_POINT ( 'NONE',  ( 2.199999999999999300, 3.400000000000000400, -2.199999999999999700 ) ) ;
#3350 = ORIENTED_EDGE ( 'NONE', *, *, #4314, .F. ) ;
#3351 = ORIENTED_EDGE ( 'NONE', *, *, #3103, .F. ) ;
#3352 = DIRECTION ( 'NONE',  ( 0.0000000000000000000, 0.0000000000000000000, 1.000000000000000000 ) ) ;
#3353 = DIRECTION ( 'NONE',  ( 1.000000000000000000, 0.0000000000000000000, 0.0000000000000000000 ) ) ;
#3354 = ORIENTED_EDGE ( 'NONE', *, *, #2453, .T. ) ;
#3355 = DIRECTION ( 'NONE',  ( 0.0000000000000000000, 0.0000000000000000000, 1.000000000000000000 ) ) ;
#3356 = EDGE_CURVE ( 'NONE', #2738, #2989, #2159, .T. ) ;
#3357 = DIRECTION ( 'NONE',  ( 0.0000000000000000000, 1.000000000000000000, 0.0000000000000000000 ) ) ;
#3358 = ORIENTED_EDGE ( 'NONE', *, *, #4397, .T. ) ;
#3359 = CIRCLE ( 'NONE', #3387, 0.4000000000000001900 ) ;
#3360 = ORIENTED_EDGE ( 'NONE', *, *, #3654, .F. ) ;
#3361 = DIRECTION ( 'NONE',  ( 0.0000000000000000000, 1.000000000000000000, 0.0000000000000000000 ) ) ;
#3362 = LINE ( 'NONE', #809, #2730 ) ;
#3363 = EDGE_CURVE ( 'NONE', #946, #4076, #1249, .T. ) ;
#3364 = CARTESIAN_POINT ( 'NONE',  ( 3.333974596215567600, 1.300000000000000000, 2.600000000000000100 ) ) ;
#3365 = ADVANCED_FACE ( 'NONE', ( #2600, #327, #1619, #870, #1357, #3496 ), #3520, .F. ) ;
#3366 = EDGE_LOOP ( 'NONE', ( #2875, #885, #98, #4143 ) ) ;
#3367 = DIRECTION ( 'NONE',  ( 0.0000000000000000000, 1.000000000000000000, 0.0000000000000000000 ) ) ;
#3368 = ORIENTED_EDGE ( 'NONE', *, *, #3654, .T. ) ;
#3369 = CARTESIAN_POINT ( 'NONE',  ( -3.000000000000000000, 0.5000000000000000000, 1.450000000000001100 ) ) ;
#3370 = AXIS2_PLACEMENT_3D ( 'NONE', #3229, #3572, #3606 ) ;
#3371 = EDGE_LOOP ( 'NONE', ( #3010, #2499, #2166, #4215 ) ) ;
#3372 = AXIS2_PLACEMENT_3D ( 'NONE', #3238, #2554, #1181 ) ;
#3373 = DIRECTION ( 'NONE',  ( -0.0000000000000000000, -0.0000000000000000000, 1.000000000000000000 ) ) ;
#3374 = ORIENTED_EDGE ( 'NONE', *, *, #3274, .F. ) ;
#3375 = LINE ( 'NONE', #2882, #1448 ) ;
#3376 = DIRECTION ( 'NONE',  ( 0.0000000000000000000, 0.0000000000000000000, -1.000000000000000000 ) ) ;
#3377 = EDGE_LOOP ( 'NONE', ( #4158, #3672, #2414, #1014, #1341, #356, #2727, #3879, #2302, #1193, #3317, #722 ) ) ;
#3378 = LINE ( 'NONE', #3622, #1347 ) ;
#3379 = VECTOR ( 'NONE', #4423, 1000.000000000000000 ) ;
#3380 = VECTOR ( 'NONE', #3179, 1000.000000000000000 ) ;
#3381 = PLANE ( 'NONE',  #3500 ) ;
#3382 = CARTESIAN_POINT ( 'NONE',  ( -3.333974596215567600, 1.000000000000000200, 2.600000000000000100 ) ) ;
#3383 = ADVANCED_FACE ( 'NONE', ( #3861 ), #3844, .F. ) ;
#3384 = FACE_OUTER_BOUND ( 'NONE', #1481, .T. ) ;
#3385 = CIRCLE ( 'NONE', #572, 0.1000000000000002600 ) ;
#3386 = CARTESIAN_POINT ( 'NONE',  ( -3.000000000000000000, -8.485281374238571300, -2.749999999999999100 ) ) ;
#3387 = AXIS2_PLACEMENT_3D ( 'NONE', #2345, #2326, #253 ) ;
#3388 = EDGE_CURVE ( 'NONE', #2831, #1748, #1725, .T. ) ;
#3389 = VECTOR ( 'NONE', #729, 1000.000000000000000 ) ;
#3390 = FACE_OUTER_BOUND ( 'NONE', #3063, .T. ) ;
#3391 = CARTESIAN_POINT ( 'NONE',  ( 2.199999999999999300, 3.400000000000000400, -1.824999999999999700 ) ) ;
#3392 = CARTESIAN_POINT ( 'NONE',  ( 2.499999999999999600, 0.1000000000000000100, -1.450000000000001100 ) ) ;
#3393 = LINE ( 'NONE', #2635, #2537 ) ;
#3394 = EDGE_LOOP ( 'NONE', ( #1324, #3884 ) ) ;
#3395 = LINE ( 'NONE', #589, #1311 ) ;
#3396 = EDGE_CURVE ( 'NONE', #348, #3081, #3661, .T. ) ;
#3397 = DIRECTION ( 'NONE',  ( -1.000000000000000000, 0.0000000000000000000, 0.0000000000000000000 ) ) ;
#3398 = CARTESIAN_POINT ( 'NONE',  ( -3.000000000000000400, 1.300000000000000000, 2.600000000000000100 ) ) ;
#3399 = EDGE_LOOP ( 'NONE', ( #2814, #3836, #541, #1980 ) ) ;
#3400 = DIRECTION ( 'NONE',  ( 0.0000000000000000000, 1.000000000000000000, 0.0000000000000000000 ) ) ;
#3401 = AXIS2_PLACEMENT_3D ( 'NONE', #1077, #1023, #3452 ) ;
#3402 = DIRECTION ( 'NONE',  ( 0.0000000000000000000, 0.0000000000000000000, 1.000000000000000000 ) ) ;
#3403 = ORIENTED_EDGE ( 'NONE', *, *, #1722, .F. ) ;
#3404 = EDGE_CURVE ( 'NONE', #3163, #3092, #2652, .T. ) ;
#3405 = VERTEX_POINT ( 'NONE', #2161 ) ;
#3406 = ADVANCED_FACE ( 'NONE', ( #3759 ), #90, .F. ) ;
#3407 = AXIS2_PLACEMENT_3D ( 'NONE', #1, #2413, #4430 ) ;
#3408 = VERTEX_POINT ( 'NONE', #4226 ) ;
#3409 = DIRECTION ( 'NONE',  ( 2.797941090285173100E-016, -0.0000000000000000000, -1.000000000000000000 ) ) ;
#3410 = ORIENTED_EDGE ( 'NONE', *, *, #1440, .F. ) ;
#3411 = CARTESIAN_POINT ( 'NONE',  ( -3.333974596215567600, 1.000000000000000200, 2.600000000000000100 ) ) ;
#3412 = AXIS2_PLACEMENT_3D ( 'NONE', #202, #3322, #883 ) ;
#3413 = VERTEX_POINT ( 'NONE', #2602 ) ;
#3414 = VECTOR ( 'NONE', #3402, 1000.000000000000000 ) ;
#3415 = EDGE_CURVE ( 'NONE', #1054, #1163, #1945, .T. ) ;
#3416 = ORIENTED_EDGE ( 'NONE', *, *, #1300, .T. ) ;
#3417 = CARTESIAN_POINT ( 'NONE',  ( 3.000000000000000400, 1.000000000000000000, 2.600000000000000100 ) ) ;
#3418 = VERTEX_POINT ( 'NONE', #3894 ) ;
#3419 = VERTEX_POINT ( 'NONE', #770 ) ;
#3420 = DIRECTION ( 'NONE',  ( 0.0000000000000000000, -1.000000000000000000, -0.0000000000000000000 ) ) ;
#3421 = EDGE_CURVE ( 'NONE', #18, #348, #1564, .T. ) ;
#3422 = CARTESIAN_POINT ( 'NONE',  ( -2.499999999999999600, 0.5000000000000000000, 1.450000000000001100 ) ) ;
#3423 = ORIENTED_EDGE ( 'NONE', *, *, #1959, .F. ) ;
#3424 = CARTESIAN_POINT ( 'NONE',  ( 3.000000000000000400, 1.000000000000000000, 2.600000000000000100 ) ) ;
#3425 = ORIENTED_EDGE ( 'NONE', *, *, #3083, .T. ) ;
#3426 = EDGE_CURVE ( 'NONE', #4113, #2538, #2789, .T. ) ;
#3427 =( LENGTH_UNIT ( ) NAMED_UNIT ( * ) SI_UNIT ( .MILLI., .METRE. ) );
#3428 = VERTEX_POINT ( 'NONE', #2588 ) ;
#3429 = CIRCLE ( 'NONE', #1012, 1.800000000000000000 ) ;
#3430 = CIRCLE ( 'NONE', #536, 0.3749999999999994400 ) ;
#3431 = VERTEX_POINT ( 'NONE', #4294 ) ;
#3432 = CARTESIAN_POINT ( 'NONE',  ( 0.0000000000000000000, 5.799999999999999800, -0.8499999999999999800 ) ) ;
#3433 = VECTOR ( 'NONE', #4297, 1000.000000000000000 ) ;
#3434 = LINE ( 'NONE', #1420, #1354 ) ;
#3435 = EDGE_CURVE ( 'NONE', #3292, #3507, #1081, .T. ) ;
#3436 = DIRECTION ( 'NONE',  ( 1.000000000000000000, 0.0000000000000000000, 0.0000000000000000000 ) ) ;
#3437 = LINE ( 'NONE', #3013, #496 ) ;
#3438 = DIRECTION ( 'NONE',  ( 0.4999999999999950600, -0.8660254037844415900, 0.0000000000000000000 ) ) ;
#3439 = FACE_OUTER_BOUND ( 'NONE', #1326, .T. ) ;
#3440 = EDGE_LOOP ( 'NONE', ( #3579, #3665 ) ) ;
#3441 = VECTOR ( 'NONE', #2984, 1000.000000000000000 ) ;
#3442 = DIRECTION ( 'NONE',  ( 0.0000000000000000000, 0.0000000000000000000, 1.000000000000000000 ) ) ;
#3443 = EDGE_CURVE ( 'NONE', #4253, #4113, #2334, .T. ) ;
#3444 = VERTEX_POINT ( 'NONE', #833 ) ;
#3445 = FACE_OUTER_BOUND ( 'NONE', #3059, .T. ) ;
#3446 = ADVANCED_FACE ( 'NONE', ( #3810 ), #3580, .F. ) ;
#3447 = EDGE_CURVE ( 'NONE', #709, #2063, #1352, .T. ) ;
#3448 = ORIENTED_EDGE ( 'NONE', *, *, #4403, .T. ) ;
#3449 = DIRECTION ( 'NONE',  ( 0.4999999999999952800, -0.8660254037844413700, 0.0000000000000000000 ) ) ;
#3450 = DIRECTION ( 'NONE',  ( -1.000000000000000000, 0.0000000000000000000, 0.0000000000000000000 ) ) ;
#3451 = ORIENTED_EDGE ( 'NONE', *, *, #3690, .F. ) ;
#3452 = DIRECTION ( 'NONE',  ( 0.4999999999999952300, 0.8660254037844413700, 0.0000000000000000000 ) ) ;
#3453 = AXIS2_PLACEMENT_3D ( 'NONE', #2179, #1170, #3521 ) ;
#3454 = CARTESIAN_POINT ( 'NONE',  ( 5.000000000000000000, 0.2999999999999999900, 2.600000000000000100 ) ) ;
#3455 = ORIENTED_EDGE ( 'NONE', *, *, #1274, .T. ) ;
#3456 = DIRECTION ( 'NONE',  ( 0.0000000000000000000, -1.000000000000000000, 0.0000000000000000000 ) ) ;
#3457 = ORIENTED_EDGE ( 'NONE', *, *, #2251, .F. ) ;
#3458 = LINE ( 'NONE', #1627, #3523 ) ;
#3459 = ORIENTED_EDGE ( 'NONE', *, *, #2715, .F. ) ;
#3460 = CARTESIAN_POINT ( 'NONE',  ( -2.199999999999999300, 3.400000000000000400, -2.574999999999999700 ) ) ;
#3461 = EDGE_LOOP ( 'NONE', ( #3817, #4118, #1017, #409 ) ) ;
#3462 = LINE ( 'NONE', #3424, #627 ) ;
#3463 = ORIENTED_EDGE ( 'NONE', *, *, #3790, .F. ) ;
#3464 = CARTESIAN_POINT ( 'NONE',  ( 3.000000000000000900, 3.700000000000000200, 2.750000000000000000 ) ) ;
#3465 = AXIS2_PLACEMENT_3D ( 'NONE', #4052, #3420, #2006 ) ;
#3466 = ADVANCED_FACE ( 'NONE', ( #3015 ), #1884, .T. ) ;
#3467 = CARTESIAN_POINT ( 'NONE',  ( -2.500000000000000000, 0.5000000000000000000, 3.000000000000000900 ) ) ;
#3468 = EDGE_CURVE ( 'NONE', #2928, #733, #1403, .T. ) ;
#3469 = ORIENTED_EDGE ( 'NONE', *, *, #1491, .T. ) ;
#3470 = CARTESIAN_POINT ( 'NONE',  ( 3.680384757729344300, 1.099999999999998100, -1.899999999999999700 ) ) ;
#3471 = EDGE_LOOP ( 'NONE', ( #3691, #3739, #3571, #849 ) ) ;
#3472 = DIRECTION ( 'NONE',  ( 0.4999999999999952800, -0.8660254037844413700, 0.0000000000000000000 ) ) ;
#3473 = CARTESIAN_POINT ( 'NONE',  ( 1.825000000000000200, 3.725000000000002800, 2.199999999999999700 ) ) ;
#3474 = ORIENTED_EDGE ( 'NONE', *, *, #4231, .T. ) ;
#3475 = EDGE_CURVE ( 'NONE', #8, #3081, #386, .T. ) ;
#3476 = DIRECTION ( 'NONE',  ( 0.0000000000000000000, 1.000000000000000000, 0.0000000000000000000 ) ) ;
#3477 = FACE_OUTER_BOUND ( 'NONE', #2974, .T. ) ;
#3478 = ORIENTED_EDGE ( 'NONE', *, *, #3640, .F. ) ;
#3479 = DIRECTION ( 'NONE',  ( 0.0000000000000000000, 0.0000000000000000000, 1.000000000000000000 ) ) ;
#3480 = DIRECTION ( 'NONE',  ( 0.0000000000000000000, 1.000000000000000000, -0.0000000000000000000 ) ) ;
#3481 = CARTESIAN_POINT ( 'NONE',  ( 3.333974596215567600, 0.9000000000000000200, 1.899999999999999700 ) ) ;
#3482 = AXIS2_PLACEMENT_3D ( 'NONE', #3321, #1968, #3656 ) ;
#3483 = ORIENTED_EDGE ( 'NONE', *, *, #794, .F. ) ;
#3484 = SPHERICAL_SURFACE ( 'NONE', #3301, 0.2000000000000000100 ) ;
#3485 = FACE_OUTER_BOUND ( 'NONE', #344, .T. ) ;
#3486 = LINE ( 'NONE', #184, #1669 ) ;
#3487 = FACE_OUTER_BOUND ( 'NONE', #3096, .T. ) ;
#3488 = CARTESIAN_POINT ( 'NONE',  ( -1.825000000000000200, 3.725000000000002800, 2.199999999999999700 ) ) ;
#3489 = ORIENTED_EDGE ( 'NONE', *, *, #682, .T. ) ;
#3490 = FACE_OUTER_BOUND ( 'NONE', #1492, .T. ) ;
#3491 = DIRECTION ( 'NONE',  ( 0.0000000000000000000, 0.0000000000000000000, -1.000000000000000000 ) ) ;
#3492 = DIRECTION ( 'NONE',  ( -1.000000000000000000, 0.0000000000000000000, 0.0000000000000000000 ) ) ;
#3493 = FACE_OUTER_BOUND ( 'NONE', #50, .T. ) ;
#3494 = DIRECTION ( 'NONE',  ( -0.0000000000000000000, -1.000000000000000000, -0.0000000000000000000 ) ) ;
#3495 = ADVANCED_FACE ( 'NONE', ( #2902 ), #3220, .F. ) ;
#3496 = FACE_OUTER_BOUND ( 'NONE', #2299, .T. ) ;
#3497 = CIRCLE ( 'NONE', #4367, 0.3749999999999998900 ) ;
#3498 = CARTESIAN_POINT ( 'NONE',  ( 2.199999999999999300, 3.400000000000000400, 2.199999999999999700 ) ) ;
#3499 = PLANE ( 'NONE',  #3245 ) ;
#3500 = AXIS2_PLACEMENT_3D ( 'NONE', #317, #2732, #2996 ) ;
#3501 = EDGE_CURVE ( 'NONE', #1177, #3076, #3604, .T. ) ;
#3502 = FACE_OUTER_BOUND ( 'NONE', #4322, .T. ) ;
#3503 = ORIENTED_EDGE ( 'NONE', *, *, #2874, .F. ) ;
#3504 = CARTESIAN_POINT ( 'NONE',  ( 0.0000000000000000000, 4.555234924505374000, 0.0000000000000000000 ) ) ;
#3505 = DIRECTION ( 'NONE',  ( -0.0000000000000000000, -1.000000000000000000, -0.0000000000000000000 ) ) ;
#3506 = DIRECTION ( 'NONE',  ( -0.0000000000000000000, -0.0000000000000000000, -1.000000000000000000 ) ) ;
#3507 = VERTEX_POINT ( 'NONE', #146 ) ;
#3508 = EDGE_CURVE ( 'NONE', #1173, #2411, #3709, .T. ) ;
#3509 = CARTESIAN_POINT ( 'NONE',  ( 4.200000000000000200, 1.626303258728256700E-016, 2.600000000000000100 ) ) ;
#3510 = CARTESIAN_POINT ( 'NONE',  ( 2.199999999999999300, 3.725000000000002800, 2.199999999999999700 ) ) ;
#3511 = CARTESIAN_POINT ( 'NONE',  ( 4.200000000000000200, 0.2999999999999999900, 1.899999999999999700 ) ) ;
#3512 = VERTEX_POINT ( 'NONE', #3265 ) ;
#3513 = CARTESIAN_POINT ( 'NONE',  ( -1.200000000000000000, 5.799999999999999800, 1.399999999999999700 ) ) ;
#3514 = CARTESIAN_POINT ( 'NONE',  ( -2.750000000000000000, 3.700000000000000200, 3.000000000000000000 ) ) ;
#3515 = VERTEX_POINT ( 'NONE', #3611 ) ;
#3516 = DIRECTION ( 'NONE',  ( -0.0000000000000000000, -0.0000000000000000000, -1.000000000000000000 ) ) ;
#3517 = ADVANCED_FACE ( 'NONE', ( #493 ), #1903, .T. ) ;
#3518 = ORIENTED_EDGE ( 'NONE', *, *, #1125, .F. ) ;
#3519 = EDGE_LOOP ( 'NONE', ( #611, #1859, #4371, #675 ) ) ;
#3520 = PLANE ( 'NONE',  #1190 ) ;
#3521 = DIRECTION ( 'NONE',  ( 0.0000000000000000000, 0.0000000000000000000, -1.000000000000000000 ) ) ;
#3522 = ORIENTED_EDGE ( 'NONE', *, *, #124, .T. ) ;
#3523 = VECTOR ( 'NONE', #3638, 1000.000000000000000 ) ;
#3524 = ORIENTED_EDGE ( 'NONE', *, *, #1468, .F. ) ;
#3525 = CARTESIAN_POINT ( 'NONE',  ( -3.333974596215567600, 1.000000000000000200, 1.899999999999999700 ) ) ;
#3526 = VERTEX_POINT ( 'NONE', #847 ) ;
#3527 = CARTESIAN_POINT ( 'NONE',  ( 2.199999999999999300, 3.400000000000000400, 2.199999999999999700 ) ) ;
#3528 = CARTESIAN_POINT ( 'NONE',  ( -2.199999999999999300, 3.725000000000002800, 2.199999999999999700 ) ) ;
#3529 = EDGE_LOOP ( 'NONE', ( #138, #2623, #3951, #1583, #4217 ) ) ;
#3530 = AXIS2_PLACEMENT_3D ( 'NONE', #620, #1315, #3708 ) ;
#3531 = EDGE_CURVE ( 'NONE', #300, #3748, #4031, .T. ) ;
#3532 = DIRECTION ( 'NONE',  ( -0.0000000000000000000, 1.000000000000000000, -0.0000000000000000000 ) ) ;
#3533 = ORIENTED_EDGE ( 'NONE', *, *, #4381, .F. ) ;
#3534 = DIRECTION ( 'NONE',  ( 0.0000000000000000000, 0.0000000000000000000, -1.000000000000000000 ) ) ;
#3535 = DIRECTION ( 'NONE',  ( 0.0000000000000000000, 1.000000000000000000, 0.0000000000000000000 ) ) ;
#3536 = ORIENTED_EDGE ( 'NONE', *, *, #3698, .T. ) ;
#3537 = EDGE_CURVE ( 'NONE', #2464, #728, #696, .T. ) ;
#3538 = CARTESIAN_POINT ( 'NONE',  ( -3.000000000000000400, 1.000000000000000000, -1.899999999999999700 ) ) ;
#3539 = FACE_OUTER_BOUND ( 'NONE', #1857, .T. ) ;
#3540 = ADVANCED_FACE ( 'NONE', ( #2704 ), #1245, .T. ) ;
#3541 = VECTOR ( 'NONE', #3675, 1000.000000000000000 ) ;
#3542 = ORIENTED_EDGE ( 'NONE', *, *, #4306, .F. ) ;
#3543 = CIRCLE ( 'NONE', #2520, 0.1000000000000002600 ) ;
#3544 = CARTESIAN_POINT ( 'NONE',  ( 4.113397459621556800, 0.3500000000000005300, 1.899999999999999700 ) ) ;
#3545 = LINE ( 'NONE', #140, #2649 ) ;
#3546 = AXIS2_PLACEMENT_3D ( 'NONE', #3857, #2142, #1437 ) ;
#3547 = VECTOR ( 'NONE', #787, 1000.000000000000000 ) ;
#3548 = CARTESIAN_POINT ( 'NONE',  ( -2.199999999999999300, 3.725000000000002800, -2.574999999999998800 ) ) ;
#3549 = DIRECTION ( 'NONE',  ( 0.0000000000000000000, 0.0000000000000000000, 1.000000000000000000 ) ) ;
#3550 = VECTOR ( 'NONE', #4088, 1000.000000000000000 ) ;
#3551 = PLANE ( 'NONE',  #296 ) ;
#3552 = EDGE_CURVE ( 'NONE', #2578, #3748, #3121, .T. ) ;
#3553 = CYLINDRICAL_SURFACE ( 'NONE', #922, 0.1000000000000002600 ) ;
#3554 = CYLINDRICAL_SURFACE ( 'NONE', #7, 0.3749999999999994400 ) ;
#3555 = DIRECTION ( 'NONE',  ( 0.0000000000000000000, 0.0000000000000000000, -1.000000000000000000 ) ) ;
#3556 = ORIENTED_EDGE ( 'NONE', *, *, #3415, .F. ) ;
#3557 = CIRCLE ( 'NONE', #2376, 0.1000000000000002600 ) ;
#3558 = LINE ( 'NONE', #4134, #1893 ) ;
#3559 = ORIENTED_EDGE ( 'NONE', *, *, #3415, .T. ) ;
#3560 = EDGE_CURVE ( 'NONE', #3723, #3428, #2096, .T. ) ;
#3561 = ORIENTED_EDGE ( 'NONE', *, *, #51, .F. ) ;
#3562 = ADVANCED_FACE ( 'NONE', ( #750 ), #1930, .F. ) ;
#3563 = DIRECTION ( 'NONE',  ( 1.000000000000000000, -6.492722409255913900E-016, 0.0000000000000000000 ) ) ;
#3564 = DIRECTION ( 'NONE',  ( -0.0000000000000000000, -0.0000000000000000000, -1.000000000000000000 ) ) ;
#3565 = DIRECTION ( 'NONE',  ( 0.4999999999999952800, -0.8660254037844413700, 0.0000000000000000000 ) ) ;
#3566 = EDGE_CURVE ( 'NONE', #1918, #728, #1770, .T. ) ;
#3567 = ORIENTED_EDGE ( 'NONE', *, *, #2394, .T. ) ;
#3568 = DIRECTION ( 'NONE',  ( -1.000000000000000000, 0.0000000000000000000, 0.0000000000000000000 ) ) ;
#3569 = CARTESIAN_POINT ( 'NONE',  ( 1.350000000000000100, 0.4999999999999993300, -2.999999999999999100 ) ) ;
#3570 = CARTESIAN_POINT ( 'NONE',  ( 3.420577136594011900, 0.9499999999999995100, 1.899999999999999700 ) ) ;
#3571 = ORIENTED_EDGE ( 'NONE', *, *, #1800, .T. ) ;
#3572 = DIRECTION ( 'NONE',  ( 0.0000000000000000000, -1.000000000000000000, 0.0000000000000000000 ) ) ;
#3573 = FILL_AREA_STYLE ('',( #1524 ) ) ;
#3574 = ORIENTED_EDGE ( 'NONE', *, *, #1183, .T. ) ;
#3575 = SURFACE_STYLE_FILL_AREA ( #3105 ) ;
#3576 = APPLICATION_CONTEXT ( 'automotive_design' ) ;
#3577 = CLOSED_SHELL ( 'NONE', ( #1746, #725, #4419, #989, #3116, #746, #2885, #1720, #1113, #2449, #3631, #887, #3517, #299, #3, #3161, #4144, #26, #230, #2559 ) ) ;
#3578 = DIRECTION ( 'NONE',  ( 0.0000000000000000000, -0.0000000000000000000, 1.000000000000000000 ) ) ;
#3579 = ORIENTED_EDGE ( 'NONE', *, *, #635, .F. ) ;
#3580 = PLANE ( 'NONE',  #4171 ) ;
#3581 = AXIS2_PLACEMENT_3D ( 'NONE', #86, #1450, #1421 ) ;
#3582 = DIRECTION ( 'NONE',  ( 1.000000000000000000, 0.0000000000000000000, 0.0000000000000000000 ) ) ;
#3583 = ORIENTED_EDGE ( 'NONE', *, *, #1985, .F. ) ;
#3584 = CARTESIAN_POINT ( 'NONE',  ( -2.750000000000000000, 3.400000000000000400, -2.999999999999999100 ) ) ;
#3585 = AXIS2_PLACEMENT_3D ( 'NONE', #31, #1760, #4151 ) ;
#3586 = EDGE_CURVE ( 'NONE', #3829, #4137, #4236, .T. ) ;
#3587 = ORIENTED_EDGE ( 'NONE', *, *, #4424, .F. ) ;
#3588 = CARTESIAN_POINT ( 'NONE',  ( -2.574999999999998400, 3.725000000000002800, -2.199999999999999700 ) ) ;
#3589 =( NAMED_UNIT ( * ) PLANE_ANGLE_UNIT ( ) SI_UNIT ( $, .RADIAN. ) );
#3590 = ORIENTED_EDGE ( 'NONE', *, *, #2779, .T. ) ;
#3591 = VECTOR ( 'NONE', #2391, 1000.000000000000100 ) ;
#3592 = AXIS2_PLACEMENT_3D ( 'NONE', #426, #1828, #1116 ) ;
#3593 = SHAPE_DEFINITION_REPRESENTATION ( #2235, #3114 ) ;
#3594 = EDGE_CURVE ( 'NONE', #740, #2464, #863, .T. ) ;
#3595 = CARTESIAN_POINT ( 'NONE',  ( 1.399999999999999900, 5.799999999999999800, 1.399999999999999200 ) ) ;
#3596 = ORIENTED_EDGE ( 'NONE', *, *, #2783, .F. ) ;
#3597 = VECTOR ( 'NONE', #3334, 1000.000000000000000 ) ;
#3598 = FACE_OUTER_BOUND ( 'NONE', #2863, .T. ) ;
#3599 = DIRECTION ( 'NONE',  ( 0.0000000000000000000, 0.0000000000000000000, -1.000000000000000000 ) ) ;
#3600 = VECTOR ( 'NONE', #1072, 1000.000000000000000 ) ;
#3601 = AXIS2_PLACEMENT_3D ( 'NONE', #3260, #1896, #2925 ) ;
#3602 = DIRECTION ( 'NONE',  ( -1.000000000000000000, 0.0000000000000000000, 2.797941090285173100E-016 ) ) ;
#3603 = VERTEX_POINT ( 'NONE', #160 ) ;
#3604 = LINE ( 'NONE', #3955, #155 ) ;
#3605 = FACE_OUTER_BOUND ( 'NONE', #910, .T. ) ;
#3606 = DIRECTION ( 'NONE',  ( 0.0000000000000000000, 0.0000000000000000000, -1.000000000000000000 ) ) ;
#3607 = DIRECTION ( 'NONE',  ( -0.0000000000000000000, 0.0000000000000000000, -1.000000000000000000 ) ) ;
#3608 = VECTOR ( 'NONE', #3532, 1000.000000000000000 ) ;
#3609 = ORIENTED_EDGE ( 'NONE', *, *, #4376, .T. ) ;
#3610 = VECTOR ( 'NONE', #389, 1000.000000000000000 ) ;
#3611 = CARTESIAN_POINT ( 'NONE',  ( 1.971318845622274300E-016, 4.700000000000000200, 1.534749683439675400 ) ) ;
#3612 = FACE_OUTER_BOUND ( 'NONE', #2198, .T. ) ;
#3613 = ORIENTED_EDGE ( 'NONE', *, *, #4081, .F. ) ;
#3614 = PLANE ( 'NONE',  #3200 ) ;
#3615 = ORIENTED_EDGE ( 'NONE', *, *, #1408, .T. ) ;
#3616 = CARTESIAN_POINT ( 'NONE',  ( 4.200000000000000200, 0.2999999999999999900, -2.600000000000000100 ) ) ;
#3617 = ORIENTED_EDGE ( 'NONE', *, *, #1433, .T. ) ;
#3618 = AXIS2_PLACEMENT_3D ( 'NONE', #765, #2119, #3937 ) ;
#3619 = EDGE_CURVE ( 'NONE', #237, #38, #3907, .T. ) ;
#3620 = DIRECTION ( 'NONE',  ( -0.0000000000000000000, -0.0000000000000000000, 1.000000000000000000 ) ) ;
#3621 = DIRECTION ( 'NONE',  ( 0.0000000000000000000, -0.0000000000000000000, -1.000000000000000000 ) ) ;
#3622 = CARTESIAN_POINT ( 'NONE',  ( 5.000000000000000000, 0.2999999999999999900, -1.899999999999999700 ) ) ;
#3623 = ORIENTED_EDGE ( 'NONE', *, *, #958, .T. ) ;
#3624 = DIRECTION ( 'NONE',  ( 1.000000000000000000, 0.0000000000000000000, -1.548860246407863600E-016 ) ) ;
#3625 = DIRECTION ( 'NONE',  ( 1.000000000000000000, 6.492722409255913900E-016, 0.0000000000000000000 ) ) ;
#3626 = EDGE_CURVE ( 'NONE', #556, #529, #3069, .T. ) ;
#3627 = VERTEX_POINT ( 'NONE', #859 ) ;
#3628 = ORIENTED_EDGE ( 'NONE', *, *, #3619, .F. ) ;
#3629 = CARTESIAN_POINT ( 'NONE',  ( 1.399999999999999900, 7.400000000000000400, 1.399999999999999200 ) ) ;
#3630 = DIRECTION ( 'NONE',  ( 0.0000000000000000000, -1.000000000000000000, 0.0000000000000000000 ) ) ;
#3631 = ADVANCED_FACE ( 'NONE', ( #1883 ), #4290, .T. ) ;
#3632 = ORIENTED_EDGE ( 'NONE', *, *, #1205, .F. ) ;
#3633 = LINE ( 'NONE', #926, #190 ) ;
#3634 = ORIENTED_EDGE ( 'NONE', *, *, #3404, .F. ) ;
#3635 = CARTESIAN_POINT ( 'NONE',  ( 2.199999999999999300, 3.400000000000000400, -2.199999999999999700 ) ) ;
#3636 = DIRECTION ( 'NONE',  ( -0.0000000000000000000, -1.000000000000000000, -0.0000000000000000000 ) ) ;
#3637 = VERTEX_POINT ( 'NONE', #2914 ) ;
#3638 = DIRECTION ( 'NONE',  ( -1.000000000000000000, -0.0000000000000000000, 0.0000000000000000000 ) ) ;
#3639 = DIRECTION ( 'NONE',  ( 0.0000000000000000000, -0.0000000000000000000, 1.000000000000000000 ) ) ;
#3640 = EDGE_CURVE ( 'NONE', #3115, #3732, #4131, .T. ) ;
#3641 = DIRECTION ( 'NONE',  ( 0.0000000000000000000, -0.0000000000000000000, -1.000000000000000000 ) ) ;
#3642 = ORIENTED_EDGE ( 'NONE', *, *, #1359, .T. ) ;
#3643 = DIRECTION ( 'NONE',  ( 0.0000000000000000000, 1.000000000000000000, 0.0000000000000000000 ) ) ;
#3644 = ORIENTED_EDGE ( 'NONE', *, *, #1300, .F. ) ;
#3645 = DIRECTION ( 'NONE',  ( 0.0000000000000000000, -0.0000000000000000000, -1.000000000000000000 ) ) ;
#3646 = EDGE_CURVE ( 'NONE', #1386, #2066, #1508, .T. ) ;
#3647 = CARTESIAN_POINT ( 'NONE',  ( 0.0000000000000000000, 4.700000000000000200, -1.534749683439675400 ) ) ;
#3648 = ORIENTED_EDGE ( 'NONE', *, *, #3211, .F. ) ;
#3649 = VECTOR ( 'NONE', #1944, 1000.000000000000000 ) ;
#3650 = DIRECTION ( 'NONE',  ( 0.0000000000000000000, 0.0000000000000000000, -1.000000000000000000 ) ) ;
#3651 = DIRECTION ( 'NONE',  ( 0.0000000000000000000, 0.0000000000000000000, 1.000000000000000000 ) ) ;
#3652 = DIRECTION ( 'NONE',  ( 1.224646799147353200E-016, 0.0000000000000000000, 1.000000000000000000 ) ) ;
#3653 = VERTEX_POINT ( 'NONE', #924 ) ;
#3654 = EDGE_CURVE ( 'NONE', #3250, #967, #2596, .T. ) ;
#3655 = VECTOR ( 'NONE', #2273, 1000.000000000000000 ) ;
#3656 = DIRECTION ( 'NONE',  ( 0.0000000000000000000, 0.0000000000000000000, 1.000000000000000000 ) ) ;
#3657 = CARTESIAN_POINT ( 'NONE',  ( 5.000000000000000000, 0.2999999999999999900, -2.600000000000000100 ) ) ;
#3658 = CARTESIAN_POINT ( 'NONE',  ( 4.200000000000000200, 0.4000000000000000200, -2.600000000000000100 ) ) ;
#3659 = VECTOR ( 'NONE', #4140, 1000.000000000000000 ) ;
#3660 = CARTESIAN_POINT ( 'NONE',  ( 3.000000000000000000, 3.700000000000000200, -2.749999999999999100 ) ) ;
#3661 = LINE ( 'NONE', #63, #1826 ) ;
#3662 = VECTOR ( 'NONE', #1335, 1000.000000000000000 ) ;
#3663 = AXIS2_PLACEMENT_3D ( 'NONE', #3527, #2514, #3201 ) ;
#3664 = SPHERICAL_SURFACE ( 'NONE', #875, 0.3749999999999988300 ) ;
#3665 = ORIENTED_EDGE ( 'NONE', *, *, #3758, .F. ) ;
#3666 = DIRECTION ( 'NONE',  ( 0.0000000000000000000, -1.000000000000000000, 0.0000000000000000000 ) ) ;
#3667 = CARTESIAN_POINT ( 'NONE',  ( 0.0000000000000000000, 4.555234924505374000, 0.0000000000000000000 ) ) ;
#3668 = CARTESIAN_POINT ( 'NONE',  ( -2.199999999999999300, 3.400000000000000400, -2.199999999999999700 ) ) ;
#3669 = AXIS2_PLACEMENT_3D ( 'NONE', #4169, #3852, #1103 ) ;
#3670 = DIRECTION ( 'NONE',  ( 0.0000000000000000000, -1.000000000000000000, 0.0000000000000000000 ) ) ;
#3671 = FACE_OUTER_BOUND ( 'NONE', #977, .T. ) ;
#3672 = ORIENTED_EDGE ( 'NONE', *, *, #2158, .T. ) ;
#3673 = LINE ( 'NONE', #1475, #822 ) ;
#3674 = DIRECTION ( 'NONE',  ( 0.0000000000000000000, 1.000000000000000000, -0.0000000000000000000 ) ) ;
#3675 = DIRECTION ( 'NONE',  ( 0.0000000000000000000, -0.0000000000000000000, -1.000000000000000000 ) ) ;
#3676 = EDGE_LOOP ( 'NONE', ( #788, #2512, #1060, #2184 ) ) ;
#3677 = EDGE_CURVE ( 'NONE', #3896, #3405, #2155, .T. ) ;
#3678 = CARTESIAN_POINT ( 'NONE',  ( 3.333974596215567600, 1.300000000000000000, 2.600000000000000100 ) ) ;
#3679 = ORIENTED_EDGE ( 'NONE', *, *, #1750, .F. ) ;
#3680 = SURFACE_SIDE_STYLE ('',( #171 ) ) ;
#3681 = EDGE_CURVE ( 'NONE', #2003, #1922, #979, .T. ) ;
#3682 = DIRECTION ( 'NONE',  ( 0.0000000000000000000, 0.0000000000000000000, 1.000000000000000000 ) ) ;
#3683 = VERTEX_POINT ( 'NONE', #4307 ) ;
#3684 = CARTESIAN_POINT ( 'NONE',  ( 3.000000000000000400, 1.000000000000000000, 1.899999999999999700 ) ) ;
#3685 = DIRECTION ( 'NONE',  ( -1.000000000000000000, 0.0000000000000000000, 0.0000000000000000000 ) ) ;
#3686 = EDGE_LOOP ( 'NONE', ( #3503, #4440, #2994, #338 ) ) ;
#3687 = CYLINDRICAL_SURFACE ( 'NONE', #2927, 0.2000000000000000900 ) ;
#3688 = VERTEX_POINT ( 'NONE', #3588 ) ;
#3689 = DIRECTION ( 'NONE',  ( 0.0000000000000000000, 0.0000000000000000000, 1.000000000000000000 ) ) ;
#3690 = EDGE_CURVE ( 'NONE', #2684, #2621, #3227, .T. ) ;
#3691 = ORIENTED_EDGE ( 'NONE', *, *, #1147, .F. ) ;
#3692 = CARTESIAN_POINT ( 'NONE',  ( 2.204364238465235600E-016, 3.400000000000000400, -1.800000000000000000 ) ) ;
#3693 = ORIENTED_EDGE ( 'NONE', *, *, #2960, .F. ) ;
#3694 = AXIS2_PLACEMENT_3D ( 'NONE', #2798, #3134, #741 ) ;
#3695 = DIRECTION ( 'NONE',  ( 0.0000000000000000000, 1.000000000000000000, 0.0000000000000000000 ) ) ;
#3696 = CARTESIAN_POINT ( 'NONE',  ( -3.000000000000000000, 0.5000000000000004400, -1.450000000000000800 ) ) ;
#3697 = ORIENTED_EDGE ( 'NONE', *, *, #3531, .F. ) ;
#3698 = EDGE_CURVE ( 'NONE', #893, #2687, #599, .T. ) ;
#3699 = CARTESIAN_POINT ( 'NONE',  ( 4.113397459621556800, 0.3500000000000005300, 2.600000000000000100 ) ) ;
#3700 = VERTEX_POINT ( 'NONE', #2613 ) ;
#3701 = CARTESIAN_POINT ( 'NONE',  ( -4.200000000000000200, 1.626303258728256700E-016, 1.899999999999999700 ) ) ;
#3702 = ORIENTED_EDGE ( 'NONE', *, *, #245, .F. ) ;
#3703 = AXIS2_PLACEMENT_3D ( 'NONE', #3668, #1964, #1316 ) ;
#3704 = EDGE_CURVE ( 'NONE', #1792, #3076, #268, .T. ) ;
#3705 = CARTESIAN_POINT ( 'NONE',  ( -3.333974596215567600, 0.9000000000000000200, -2.600000000000000100 ) ) ;
#3706 = CARTESIAN_POINT ( 'NONE',  ( 2.750000000000000900, 3.700000000000000200, 3.000000000000000400 ) ) ;
#3707 = ORIENTED_EDGE ( 'NONE', *, *, #1588, .F. ) ;
#3708 = DIRECTION ( 'NONE',  ( 0.0000000000000000000, 0.0000000000000000000, 1.000000000000000000 ) ) ;
#3709 = LINE ( 'NONE', #818, #3965 ) ;
#3710 = VECTOR ( 'NONE', #975, 1000.000000000000000 ) ;
#3711 = EDGE_CURVE ( 'NONE', #4007, #1702, #1244, .T. ) ;
#3712 = DIRECTION ( 'NONE',  ( 0.0000000000000000000, 0.0000000000000000000, 1.000000000000000000 ) ) ;
#3713 = VERTEX_POINT ( 'NONE', #1242 ) ;
#3714 = VECTOR ( 'NONE', #4145, 1000.000000000000000 ) ;
#3715 = VECTOR ( 'NONE', #3093, 1000.000000000000000 ) ;
#3716 = CARTESIAN_POINT ( 'NONE',  ( -5.000000000000000000, 0.2999999999999999900, 2.600000000000000100 ) ) ;
#3717 = AXIS2_PLACEMENT_3D ( 'NONE', #1665, #2696, #2367 ) ;
#3718 = ORIENTED_EDGE ( 'NONE', *, *, #370, .F. ) ;
#3719 = PLANE ( 'NONE',  #3465 ) ;
#3720 = ORIENTED_EDGE ( 'NONE', *, *, #1528, .T. ) ;
#3721 = DIRECTION ( 'NONE',  ( 0.0000000000000000000, 0.0000000000000000000, 1.000000000000000000 ) ) ;
#3722 = ADVANCED_FACE ( 'NONE', ( #3490 ), #3987, .F. ) ;
#3723 = VERTEX_POINT ( 'NONE', #1635 ) ;
#3724 = DIRECTION ( 'NONE',  ( -0.0000000000000000000, 1.000000000000000000, -0.0000000000000000000 ) ) ;
#3725 = CARTESIAN_POINT ( 'NONE',  ( -1.399999999999999900, 1.840202025355333300, 1.399999999999999700 ) ) ;
#3726 = ORIENTED_EDGE ( 'NONE', *, *, #2216, .T. ) ;
#3727 = AXIS2_PLACEMENT_3D ( 'NONE', #4239, #2203, #3890 ) ;
#3728 = EDGE_CURVE ( 'NONE', #3723, #2294, #322, .T. ) ;
#3729 = DIRECTION ( 'NONE',  ( -0.0000000000000000000, 1.000000000000000000, -0.0000000000000000000 ) ) ;
#3730 = CARTESIAN_POINT ( 'NONE',  ( 3.420577136594011900, 0.9499999999999995100, 1.899999999999999700 ) ) ;
#3731 = ORIENTED_EDGE ( 'NONE', *, *, #1175, .T. ) ;
#3732 = VERTEX_POINT ( 'NONE', #408 ) ;
#3733 = CARTESIAN_POINT ( 'NONE',  ( 2.750000000000000900, -8.485281374238571300, 3.000000000000000000 ) ) ;
#3734 = DIRECTION ( 'NONE',  ( 1.000000000000000000, 0.0000000000000000000, 0.0000000000000000000 ) ) ;
#3735 = EDGE_CURVE ( 'NONE', #4209, #3163, #4293, .T. ) ;
#3736 = VERTEX_POINT ( 'NONE', #2128 ) ;
#3737 = ORIENTED_EDGE ( 'NONE', *, *, #1806, .F. ) ;
#3738 = VERTEX_POINT ( 'NONE', #4129 ) ;
#3739 = ORIENTED_EDGE ( 'NONE', *, *, #2021, .F. ) ;
#3740 = DIRECTION ( 'NONE',  ( -1.000000000000000000, 0.0000000000000000000, 0.0000000000000000000 ) ) ;
#3741 =( GEOMETRIC_REPRESENTATION_CONTEXT ( 3 ) GLOBAL_UNCERTAINTY_ASSIGNED_CONTEXT ( ( #2124 ) ) GLOBAL_UNIT_ASSIGNED_CONTEXT ( ( #4340, #1941, #941 ) ) REPRESENTATION_CONTEXT ( 'NONE', 'WORKASPACE' ) );
#3742 = ADVANCED_FACE ( 'NONE', ( #2482 ), #65, .F. ) ;
#3743 = EDGE_LOOP ( 'NONE', ( #2283, #1932, #3095, #2692 ) ) ;
#3744 = CARTESIAN_POINT ( 'NONE',  ( -2.199999999999999300, 3.400000000000000400, -2.199999999999999700 ) ) ;
#3745 = AXIS2_PLACEMENT_3D ( 'NONE', #210, #3934, #2627 ) ;
#3746 = EDGE_LOOP ( 'NONE', ( #3212, #760, #3774, #1271 ) ) ;
#3747 = CARTESIAN_POINT ( 'NONE',  ( -3.680384757729344300, 1.099999999999998100, -1.899999999999999700 ) ) ;
#3748 = VERTEX_POINT ( 'NONE', #3488 ) ;
#3749 = LINE ( 'NONE', #3066, #2836 ) ;
#3750 = FACE_OUTER_BOUND ( 'NONE', #1634, .T. ) ;
#3751 = DIRECTION ( 'NONE',  ( 0.0000000000000000000, 0.0000000000000000000, 1.000000000000000000 ) ) ;
#3752 = CARTESIAN_POINT ( 'NONE',  ( -2.199999999999999300, 3.400000000000000400, -1.825000000000000200 ) ) ;
#3753 = VERTEX_POINT ( 'NONE', #3802 ) ;
#3754 = DIRECTION ( 'NONE',  ( -0.0000000000000000000, -1.000000000000000000, -0.0000000000000000000 ) ) ;
#3755 = CYLINDRICAL_SURFACE ( 'NONE', #4104, 0.3749999999999994400 ) ;
#3756 = DIRECTION ( 'NONE',  ( 0.0000000000000000000, -0.0000000000000000000, -1.000000000000000000 ) ) ;
#3757 = AXIS2_PLACEMENT_3D ( 'NONE', #2169, #1084, #2099 ) ;
#3758 = EDGE_CURVE ( 'NONE', #351, #3431, #1188, .T. ) ;
#3759 = FACE_OUTER_BOUND ( 'NONE', #2201, .T. ) ;
#3760 = LINE ( 'NONE', #248, #156 ) ;
#3761 = CARTESIAN_POINT ( 'NONE',  ( -1.200000000000000000, 7.599999999999999600, 1.399999999999999700 ) ) ;
#3762 = CARTESIAN_POINT ( 'NONE',  ( 3.333974596215567600, 1.000000000000000200, 1.899999999999999700 ) ) ;
#3763 = CARTESIAN_POINT ( 'NONE',  ( -2.199999999999999300, 4.100000000000001400, 2.199999999999999700 ) ) ;
#3764 = ADVANCED_FACE ( 'NONE', ( #546 ), #730, .F. ) ;
#3765 = LINE ( 'NONE', #2324, #1573 ) ;
#3766 = ORIENTED_EDGE ( 'NONE', *, *, #3137, .T. ) ;
#3767 = VECTOR ( 'NONE', #516, 1000.000000000000000 ) ;
#3768 = EDGE_CURVE ( 'NONE', #2538, #2468, #646, .T. ) ;
#3769 = CARTESIAN_POINT ( 'NONE',  ( -3.000000000000000000, 3.400000000000000400, -2.749999999999999100 ) ) ;
#3770 = DIRECTION ( 'NONE',  ( -0.0000000000000000000, -0.0000000000000000000, -1.000000000000000000 ) ) ;
#3771 = MANIFOLD_SOLID_BREP ( 'Fillet1', #11 ) ;
#3772 = VECTOR ( 'NONE', #718, 1000.000000000000000 ) ;
#3773 = CIRCLE ( 'NONE', #1719, 1.725000000000000100 ) ;
#3774 = ORIENTED_EDGE ( 'NONE', *, *, #3711, .F. ) ;
#3775 = LINE ( 'NONE', #3851, #12 ) ;
#3776 = DIRECTION ( 'NONE',  ( 1.000000000000000000, 0.0000000000000000000, 0.0000000000000000000 ) ) ;
#3777 = AXIS2_PLACEMENT_3D ( 'NONE', #482, #2577, #1823 ) ;
#3778 = ORIENTED_EDGE ( 'NONE', *, *, #4251, .F. ) ;
#3779 = ORIENTED_EDGE ( 'NONE', *, *, #3030, .F. ) ;
#3780 = DIRECTION ( 'NONE',  ( 0.0000000000000000000, 1.000000000000000000, 0.0000000000000000000 ) ) ;
#3781 = VERTEX_POINT ( 'NONE', #1425 ) ;
#3782 = DIRECTION ( 'NONE',  ( 1.000000000000000000, -0.0000000000000000000, -0.0000000000000000000 ) ) ;
#3783 = DIRECTION ( 'NONE',  ( -0.0000000000000000000, -0.0000000000000000000, 1.000000000000000000 ) ) ;
#3784 = ORIENTED_EDGE ( 'NONE', *, *, #489, .T. ) ;
#3785 = CARTESIAN_POINT ( 'NONE',  ( 3.000000000000000900, 3.400000000000000400, 2.750000000000000000 ) ) ;
#3786 = AXIS2_PLACEMENT_3D ( 'NONE', #1342, #1328, #1000 ) ;
#3787 = ADVANCED_FACE ( 'NONE', ( #3384 ), #3832, .T. ) ;
#3788 = ORIENTED_EDGE ( 'NONE', *, *, #736, .T. ) ;
#3789 = LINE ( 'NONE', #2933, #2876 ) ;
#3790 = EDGE_CURVE ( 'NONE', #1911, #1074, #100, .T. ) ;
#3791 = ORIENTED_EDGE ( 'NONE', *, *, #4241, .T. ) ;
#3792 = VERTEX_POINT ( 'NONE', #1788 ) ;
#3793 = VECTOR ( 'NONE', #298, 1000.000000000000000 ) ;
#3794 = DIRECTION ( 'NONE',  ( -0.0000000000000000000, -0.0000000000000000000, -1.000000000000000000 ) ) ;
#3795 = EDGE_CURVE ( 'NONE', #4045, #4006, #150, .T. ) ;
#3796 = CARTESIAN_POINT ( 'NONE',  ( -2.499999999999998700, 0.5000000000000004400, 3.000000000000000000 ) ) ;
#3797 = ORIENTED_EDGE ( 'NONE', *, *, #1069, .T. ) ;
#3798 = DIRECTION ( 'NONE',  ( -0.0000000000000000000, -0.0000000000000000000, -1.000000000000000000 ) ) ;
#3799 = ORIENTED_EDGE ( 'NONE', *, *, #811, .T. ) ;
#3800 = CARTESIAN_POINT ( 'NONE',  ( -3.000000000000000000, 3.400000000000000400, 2.750000000000000000 ) ) ;
#3801 = ORIENTED_EDGE ( 'NONE', *, *, #1325, .F. ) ;
#3802 = CARTESIAN_POINT ( 'NONE',  ( 3.000000000000000000, 3.700000000000000200, -2.749999999999999100 ) ) ;
#3803 = CIRCLE ( 'NONE', #3003, 0.3749999999999988300 ) ;
#3804 = ORIENTED_EDGE ( 'NONE', *, *, #1933, .T. ) ;
#3805 = CARTESIAN_POINT ( 'NONE',  ( -2.199999999999999300, 3.400000000000000400, 1.824999999999999700 ) ) ;
#3806 = ADVANCED_FACE ( 'NONE', ( #3223 ), #1614, .T. ) ;
#3807 = VECTOR ( 'NONE', #2590, 1000.000000000000000 ) ;
#3808 = ORIENTED_EDGE ( 'NONE', *, *, #3646, .F. ) ;
#3809 = AXIS2_PLACEMENT_3D ( 'NONE', #2153, #3837, #1118 ) ;
#3810 = FACE_OUTER_BOUND ( 'NONE', #2733, .T. ) ;
#3811 = EDGE_CURVE ( 'NONE', #786, #3736, #1768, .T. ) ;
#3812 = CARTESIAN_POINT ( 'NONE',  ( 2.199999999999999300, 3.400000000000000400, 2.199999999999999700 ) ) ;
#3813 = LINE ( 'NONE', #2679, #3550 ) ;
#3814 = DIRECTION ( 'NONE',  ( -1.577021341797098100E-016, 0.0000000000000000000, -1.000000000000000000 ) ) ;
#3815 = CIRCLE ( 'NONE', #4095, 0.2499999999999997800 ) ;
#3816 = DIRECTION ( 'NONE',  ( 0.0000000000000000000, 0.0000000000000000000, -1.000000000000000000 ) ) ;
#3817 = ORIENTED_EDGE ( 'NONE', *, *, #3995, .T. ) ;
#3818 = LINE ( 'NONE', #1920, #3913 ) ;
#3819 = FILL_AREA_STYLE_COLOUR ( '', #2822 ) ;
#3820 = SURFACE_SIDE_STYLE ('',( #1302 ) ) ;
#3821 = AXIS2_PLACEMENT_3D ( 'NONE', #410, #3107, #3154 ) ;
#3822 = EDGE_CURVE ( 'NONE', #578, #2932, #4232, .T. ) ;
#3823 = LINE ( 'NONE', #311, #708 ) ;
#3824 = ORIENTED_EDGE ( 'NONE', *, *, #2525, .T. ) ;
#3825 = DIRECTION ( 'NONE',  ( 0.0000000000000000000, 1.000000000000000000, 0.0000000000000000000 ) ) ;
#3826 = EDGE_CURVE ( 'NONE', #3419, #77, #974, .T. ) ;
#3827 = VERTEX_POINT ( 'NONE', #2451 ) ;
#3828 = VECTOR ( 'NONE', #1141, 1000.000000000000000 ) ;
#3829 = VERTEX_POINT ( 'NONE', #2862 ) ;
#3830 = ADVANCED_FACE ( 'NONE', ( #1721 ), #714, .F. ) ;
#3831 = AXIS2_PLACEMENT_3D ( 'NONE', #4061, #261, #993 ) ;
#3832 = PLANE ( 'NONE',  #3694 ) ;
#3833 = ORIENTED_EDGE ( 'NONE', *, *, #1380, .F. ) ;
#3834 = DIRECTION ( 'NONE',  ( 0.0000000000000000000, 1.000000000000000000, 0.0000000000000000000 ) ) ;
#3835 = ORIENTED_EDGE ( 'NONE', *, *, #1325, .T. ) ;
#3836 = ORIENTED_EDGE ( 'NONE', *, *, #1013, .T. ) ;
#3837 = DIRECTION ( 'NONE',  ( -0.0000000000000000000, -0.0000000000000000000, 1.000000000000000000 ) ) ;
#3838 = CARTESIAN_POINT ( 'NONE',  ( 3.000000000000000400, 1.300000000000000000, 2.600000000000000100 ) ) ;
#3839 = VERTEX_POINT ( 'NONE', #3473 ) ;
#3840 = CARTESIAN_POINT ( 'NONE',  ( -3.000000000000000400, 1.300000000000000000, 1.899999999999999700 ) ) ;
#3841 = AXIS2_PLACEMENT_3D ( 'NONE', #1313, #310, #3080 ) ;
#3842 = EDGE_CURVE ( 'NONE', #246, #2496, #3117, .T. ) ;
#3843 = VERTEX_POINT ( 'NONE', #464 ) ;
#3844 = PLANE ( 'NONE',  #2490 ) ;
#3845 = FILL_AREA_STYLE ('',( #3151 ) ) ;
#3846 = ORIENTED_EDGE ( 'NONE', *, *, #2478, .T. ) ;
#3847 = EDGE_CURVE ( 'NONE', #3526, #3444, #2844, .T. ) ;
#3848 = ADVANCED_FACE ( 'NONE', ( #3598 ), #3910, .F. ) ;
#3849 = CARTESIAN_POINT ( 'NONE',  ( -2.750000000000000000, 3.700000000000000200, -2.749999999999999100 ) ) ;
#3850 = ORIENTED_EDGE ( 'NONE', *, *, #2337, .F. ) ;
#3851 = CARTESIAN_POINT ( 'NONE',  ( 2.750000000000000900, 3.400000000000000400, -2.999999999999998200 ) ) ;
#3852 = DIRECTION ( 'NONE',  ( 0.0000000000000000000, 1.000000000000000000, 0.0000000000000000000 ) ) ;
#3853 = AXIS2_PLACEMENT_3D ( 'NONE', #1168, #494, #3563 ) ;
#3854 = ORIENTED_EDGE ( 'NONE', *, *, #3128, .T. ) ;
#3855 = VECTOR ( 'NONE', #3054, 1000.000000000000000 ) ;
#3856 = LINE ( 'NONE', #73, #689 ) ;
#3857 = CARTESIAN_POINT ( 'NONE',  ( -4.200000000000000200, 0.4000000000000000200, -2.600000000000000100 ) ) ;
#3858 = CARTESIAN_POINT ( 'NONE',  ( 3.000000000000000000, 0.5000000000000000000, 1.450000000000001100 ) ) ;
#3859 = EDGE_LOOP ( 'NONE', ( #358, #1798, #3104, #605, #3425 ) ) ;
#3860 = FACE_OUTER_BOUND ( 'NONE', #1900, .T. ) ;
#3861 = FACE_OUTER_BOUND ( 'NONE', #2213, .T. ) ;
#3862 = LINE ( 'NONE', #2937, #2431 ) ;
#3863 = DIRECTION ( 'NONE',  ( 2.797941090285173100E-016, 0.0000000000000000000, 1.000000000000000000 ) ) ;
#3864 = CARTESIAN_POINT ( 'NONE',  ( -4.113397459621556800, 0.3500000000000005300, -2.600000000000000100 ) ) ;
#3865 = AXIS2_PLACEMENT_3D ( 'NONE', #834, #2227, #1544 ) ;
#3866 = EDGE_CURVE ( 'NONE', #3996, #4006, #1296, .T. ) ;
#3867 = CARTESIAN_POINT ( 'NONE',  ( -3.680384757729344300, 1.099999999999998100, -2.600000000000000100 ) ) ;
#3868 = FACE_OUTER_BOUND ( 'NONE', #3529, .T. ) ;
#3869 = ORIENTED_EDGE ( 'NONE', *, *, #1618, .T. ) ;
#3870 = CYLINDRICAL_SURFACE ( 'NONE', #355, 0.3749999999999998900 ) ;
#3871 = ADVANCED_FACE ( 'NONE', ( #1560 ), #1124, .F. ) ;
#3872 = FACE_OUTER_BOUND ( 'NONE', #3519, .T. ) ;
#3873 = DIRECTION ( 'NONE',  ( -0.0000000000000000000, -0.0000000000000000000, -1.000000000000000000 ) ) ;
#3874 = VERTEX_POINT ( 'NONE', #772 ) ;
#3875 = EDGE_CURVE ( 'NONE', #1163, #72, #918, .T. ) ;
#3876 = ORIENTED_EDGE ( 'NONE', *, *, #498, .F. ) ;
#3877 = EDGE_CURVE ( 'NONE', #3444, #3603, #1399, .T. ) ;
#3878 = CARTESIAN_POINT ( 'NONE',  ( 4.200000000000000200, 0.4000000000000000200, -2.600000000000000100 ) ) ;
#3879 = ORIENTED_EDGE ( 'NONE', *, *, #897, .F. ) ;
#3880 = ORIENTED_EDGE ( 'NONE', *, *, #2423, .F. ) ;
#3881 = ORIENTED_EDGE ( 'NONE', *, *, #2930, .T. ) ;
#3882 = DIRECTION ( 'NONE',  ( 1.000000000000000000, -0.0000000000000000000, 2.797941090285173100E-016 ) ) ;
#3883 = ORIENTED_EDGE ( 'NONE', *, *, #1398, .F. ) ;
#3884 = ORIENTED_EDGE ( 'NONE', *, *, #630, .T. ) ;
#3885 = ADVANCED_FACE ( 'NONE', ( #803 ), #3551, .F. ) ;
#3886 = ORIENTED_EDGE ( 'NONE', *, *, #2197, .F. ) ;
#3887 = EDGE_CURVE ( 'NONE', #69, #2496, #2210, .T. ) ;
#3888 = VERTEX_POINT ( 'NONE', #4202 ) ;
#3889 = PLANE ( 'NONE',  #113 ) ;
#3890 = DIRECTION ( 'NONE',  ( 0.0000000000000000000, 0.0000000000000000000, 1.000000000000000000 ) ) ;
#3891 = ORIENTED_EDGE ( 'NONE', *, *, #101, .T. ) ;
#3892 = AXIS2_PLACEMENT_3D ( 'NONE', #4275, #1370, #3555 ) ;
#3893 = EDGE_CURVE ( 'NONE', #1115, #1065, #1995, .T. ) ;
#3894 = CARTESIAN_POINT ( 'NONE',  ( -2.500000000000000000, 0.1000000000000000100, 3.000000000000000900 ) ) ;
#3895 = CARTESIAN_POINT ( 'NONE',  ( -2.199999999999999300, 3.725000000000002800, -2.199999999999999700 ) ) ;
#3896 = VERTEX_POINT ( 'NONE', #2842 ) ;
#3897 = ORIENTED_EDGE ( 'NONE', *, *, #686, .F. ) ;
#3898 = EDGE_CURVE ( 'NONE', #1163, #1386, #4454, .T. ) ;
#3899 = VECTOR ( 'NONE', #4029, 1000.000000000000000 ) ;
#3900 = ORIENTED_EDGE ( 'NONE', *, *, #3356, .T. ) ;
#3901 = CARTESIAN_POINT ( 'NONE',  ( 1.399999999999999700, 7.400000000000000400, -1.400000000000000600 ) ) ;
#3902 = VECTOR ( 'NONE', #3625, 1000.000000000000000 ) ;
#3903 = CIRCLE ( 'NONE', #4337, 0.4000000000000001900 ) ;
#3904 = AXIS2_PLACEMENT_3D ( 'NONE', #820, #3873, #119 ) ;
#3905 = PLANE ( 'NONE',  #2223 ) ;
#3906 = ADVANCED_FACE ( 'NONE', ( #2327 ), #1841, .F. ) ;
#3907 = LINE ( 'NONE', #879, #3335 ) ;
#3908 = CARTESIAN_POINT ( 'NONE',  ( 4.200000000000000200, 0.4000000000000000200, 2.600000000000000100 ) ) ;
#3909 = CIRCLE ( 'NONE', #1749, 0.4000000000000001900 ) ;
#3910 = PLANE ( 'NONE',  #3372 ) ;
#3911 = VECTOR ( 'NONE', #324, 1000.000000000000000 ) ;
#3912 = ORIENTED_EDGE ( 'NONE', *, *, #3079, .F. ) ;
#3913 = VECTOR ( 'NONE', #2274, 1000.000000000000000 ) ;
#3914 = CARTESIAN_POINT ( 'NONE',  ( 4.200000000000000200, 0.0000000000000000000, -2.600000000000000100 ) ) ;
#3915 = VECTOR ( 'NONE', #3256, 1000.000000000000000 ) ;
#3916 = VERTEX_POINT ( 'NONE', #2505 ) ;
#3917 = CARTESIAN_POINT ( 'NONE',  ( 3.333974596215567600, 0.9000000000000000200, 1.899999999999999700 ) ) ;
#3918 = VECTOR ( 'NONE', #3666, 1000.000000000000000 ) ;
#3919 = DIRECTION ( 'NONE',  ( -0.0000000000000000000, -0.0000000000000000000, 1.000000000000000000 ) ) ;
#3920 = AXIS2_PLACEMENT_3D ( 'NONE', #1582, #3300, #921 ) ;
#3921 = EDGE_CURVE ( 'NONE', #2687, #3292, #381, .T. ) ;
#3922 = ORIENTED_EDGE ( 'NONE', *, *, #3475, .F. ) ;
#3924 = FACE_BOUND ( 'NONE', #3440, .T. ) ;
#3923 = DIRECTION ( 'NONE',  ( -0.0000000000000000000, -1.000000000000000000, -0.0000000000000000000 ) ) ;
#3925 = CARTESIAN_POINT ( 'NONE',  ( -2.500000000000000000, 0.5000000000000000000, -3.000000000000000900 ) ) ;
#3926 = EDGE_CURVE ( 'NONE', #3210, #2989, #747, .T. ) ;
#3927 = ORIENTED_EDGE ( 'NONE', *, *, #2939, .T. ) ;
#3928 = DIRECTION ( 'NONE',  ( -1.000000000000000000, 0.0000000000000000000, 0.0000000000000000000 ) ) ;
#3929 = DIRECTION ( 'NONE',  ( 1.000000000000000000, 0.0000000000000000000, 0.0000000000000000000 ) ) ;
#3930 = ORIENTED_EDGE ( 'NONE', *, *, #133, .T. ) ;
#3931 = AXIS2_PLACEMENT_3D ( 'NONE', #6, #4445, #3816 ) ;
#3932 = CARTESIAN_POINT ( 'NONE',  ( 0.0000000000000000000, 4.700000000000000200, 0.0000000000000000000 ) ) ;
#3933 = ORIENTED_EDGE ( 'NONE', *, *, #1497, .F. ) ;
#3934 = DIRECTION ( 'NONE',  ( -1.000000000000000000, 0.0000000000000000000, 0.0000000000000000000 ) ) ;
#3935 = EDGE_LOOP ( 'NONE', ( #615, #2071, #616, #1216 ) ) ;
#3936 = ORIENTED_EDGE ( 'NONE', *, *, #1147, .T. ) ;
#3937 = DIRECTION ( 'NONE',  ( 0.0000000000000000000, 0.0000000000000000000, -1.000000000000000000 ) ) ;
#3938 = ORIENTED_EDGE ( 'NONE', *, *, #1532, .T. ) ;
#3939 = VECTOR ( 'NONE', #2671, 1000.000000000000000 ) ;
#3940 = DIRECTION ( 'NONE',  ( 4.273955692856257400E-018, -0.9993908270190958700, 0.03489949670249373900 ) ) ;
#3941 = DIRECTION ( 'NONE',  ( -0.0000000000000000000, 0.0000000000000000000, 1.000000000000000000 ) ) ;
#3942 = ORIENTED_EDGE ( 'NONE', *, *, #530, .T. ) ;
#3943 = DIRECTION ( 'NONE',  ( 0.0000000000000000000, 0.0000000000000000000, -1.000000000000000000 ) ) ;
#3944 = AXIS2_PLACEMENT_3D ( 'NONE', #3948, #2897, #4304 ) ;
#3945 = EDGE_CURVE ( 'NONE', #3512, #3210, #3486, .T. ) ;
#3946 = VERTEX_POINT ( 'NONE', #3957 ) ;
#3947 = CARTESIAN_POINT ( 'NONE',  ( -5.000000000000000000, 0.2999999999999999900, 2.600000000000000100 ) ) ;
#3948 = CARTESIAN_POINT ( 'NONE',  ( -3.420577136594011900, 0.9499999999999995100, -2.600000000000000100 ) ) ;
#3949 = DIRECTION ( 'NONE',  ( 0.0000000000000000000, -1.000000000000000000, 0.0000000000000000000 ) ) ;
#3950 = DIRECTION ( 'NONE',  ( -0.0000000000000000000, 0.0000000000000000000, -1.000000000000000000 ) ) ;
#3951 = ORIENTED_EDGE ( 'NONE', *, *, #3312, .T. ) ;
#3952 = ADVANCED_FACE ( 'NONE', ( #1505 ), #1905, .F. ) ;
#3953 = COLOUR_RGB ( '',0.7921568627450980000, 0.8196078431372548800, 0.9333333333333333500 ) ;
#3954 = EDGE_CURVE ( 'NONE', #4330, #1199, #4026, .T. ) ;
#3955 = CARTESIAN_POINT ( 'NONE',  ( 2.500000000000000000, 0.5000000000000000000, 3.000000000000000900 ) ) ;
#3956 = DIRECTION ( 'NONE',  ( 1.000000000000000000, 0.0000000000000000000, 0.0000000000000000000 ) ) ;
#3957 = CARTESIAN_POINT ( 'NONE',  ( -2.499999999999999600, 0.1000000000000000100, 1.450000000000001100 ) ) ;
#3958 = ORIENTED_EDGE ( 'NONE', *, *, #2130, .F. ) ;
#3959 = VECTOR ( 'NONE', #4008, 1000.000000000000000 ) ;
#3960 = VECTOR ( 'NONE', #1639, 1000.000000000000000 ) ;
#3961 = LINE ( 'NONE', #597, #2374 ) ;
#3962 = CARTESIAN_POINT ( 'NONE',  ( -1.200000000000000000, 5.799999999999999800, -1.400000000000000100 ) ) ;
#3963 = AXIS2_PLACEMENT_3D ( 'NONE', #3332, #257, #2310 ) ;
#3964 = VERTEX_POINT ( 'NONE', #2969 ) ;
#3965 = VECTOR ( 'NONE', #526, 1000.000000000000000 ) ;
#3966 = FACE_OUTER_BOUND ( 'NONE', #685, .T. ) ;
#3967 = DIRECTION ( 'NONE',  ( -1.000000000000000000, -0.0000000000000000000, 0.0000000000000000000 ) ) ;
#3968 = DIRECTION ( 'NONE',  ( 0.0000000000000000000, 0.0000000000000000000, -1.000000000000000000 ) ) ;
#3969 = CARTESIAN_POINT ( 'NONE',  ( -4.200000000000000200, 0.0000000000000000000, 2.600000000000000100 ) ) ;
#3970 = LINE ( 'NONE', #1061, #1887 ) ;
#3971 = AXIS2_PLACEMENT_3D ( 'NONE', #2666, #553, #2931 ) ;
#3972 = CARTESIAN_POINT ( 'NONE',  ( -2.199999999999999300, 3.400000000000000400, 2.574999999999999300 ) ) ;
#3973 = VECTOR ( 'NONE', #60, 1000.000000000000000 ) ;
#3974 = DIRECTION ( 'NONE',  ( -1.000000000000000000, 0.0000000000000000000, 0.0000000000000000000 ) ) ;
#3975 = CARTESIAN_POINT ( 'NONE',  ( -2.199999999999999300, 3.400000000000000400, -2.574999999999999300 ) ) ;
#3976 = CYLINDRICAL_SURFACE ( 'NONE', #785, 1.800000000000000000 ) ;
#3977 = VERTEX_POINT ( 'NONE', #528 ) ;
#3978 = DIRECTION ( 'NONE',  ( -0.0000000000000000000, -0.0000000000000000000, 1.000000000000000000 ) ) ;
#3979 = ORIENTED_EDGE ( 'NONE', *, *, #2874, .T. ) ;
#3980 = UNCERTAINTY_MEASURE_WITH_UNIT (LENGTH_MEASURE( 1.000000000000000100E-005 ), #1257, 'distance_accuracy_value', 'NONE');
#3981 = DIRECTION ( 'NONE',  ( 0.0000000000000000000, -0.0000000000000000000, 1.000000000000000000 ) ) ;
#3982 = DIRECTION ( 'NONE',  ( 0.0000000000000000000, 0.0000000000000000000, 1.000000000000000000 ) ) ;
#3983 = VERTEX_POINT ( 'NONE', #2951 ) ;
#3984 = AXIS2_PLACEMENT_3D ( 'NONE', #1626, #3025, #4055 ) ;
#3985 = CARTESIAN_POINT ( 'NONE',  ( -3.680384757729344300, 1.099999999999998100, -2.600000000000000100 ) ) ;
#3986 = EDGE_CURVE ( 'NONE', #3653, #3148, #214, .T. ) ;
#3987 = PLANE ( 'NONE',  #2771 ) ;
#3988 = CARTESIAN_POINT ( 'NONE',  ( 1.200000000000000000, 7.599999999999999600, -1.200000000000000600 ) ) ;
#3989 = CARTESIAN_POINT ( 'NONE',  ( -2.199999999999999300, 3.400000000000000400, -2.199999999999999700 ) ) ;
#3990 = CARTESIAN_POINT ( 'NONE',  ( 2.199999999999999300, 3.725000000000002800, 2.199999999999999700 ) ) ;
#3991 = ORIENTED_EDGE ( 'NONE', *, *, #1518, .F. ) ;
#3992 = DIRECTION ( 'NONE',  ( 0.0000000000000000000, 0.0000000000000000000, 1.000000000000000000 ) ) ;
#3993 = DIRECTION ( 'NONE',  ( 0.0000000000000000000, 1.000000000000000000, 0.0000000000000000000 ) ) ;
#3994 = CARTESIAN_POINT ( 'NONE',  ( -4.200000000000000200, 1.626303258728256700E-016, 2.600000000000000100 ) ) ;
#3995 = EDGE_CURVE ( 'NONE', #680, #4452, #3012, .T. ) ;
#3996 = VERTEX_POINT ( 'NONE', #540 ) ;
#3997 = VERTEX_POINT ( 'NONE', #4279 ) ;
#3998 = CARTESIAN_POINT ( 'NONE',  ( -3.000000000000000000, 3.400000000000000400, -2.749999999999999100 ) ) ;
#3999 = DIRECTION ( 'NONE',  ( 1.000000000000000000, 0.0000000000000000000, 0.0000000000000000000 ) ) ;
#4000 = VERTEX_POINT ( 'NONE', #1592 ) ;
#4001 = CIRCLE ( 'NONE', #4154, 0.2000000000000000900 ) ;
#4002 = ORIENTED_EDGE ( 'NONE', *, *, #831, .F. ) ;
#4003 = AXIS2_PLACEMENT_3D ( 'NONE', #342, #2434, #3776 ) ;
#4004 = SURFACE_STYLE_USAGE ( .BOTH. , #1863 ) ;
#4005 = DIRECTION ( 'NONE',  ( 0.0000000000000000000, 0.0000000000000000000, 1.000000000000000000 ) ) ;
#4006 = VERTEX_POINT ( 'NONE', #1886 ) ;
#4007 = VERTEX_POINT ( 'NONE', #884 ) ;
#4008 = DIRECTION ( 'NONE',  ( 0.0000000000000000000, 1.000000000000000000, 0.0000000000000000000 ) ) ;
#4009 = ADVANCED_FACE ( 'NONE', ( #1032 ), #1919, .F. ) ;
#4010 = EDGE_CURVE ( 'NONE', #786, #1975, #2477, .T. ) ;
#4011 = DIRECTION ( 'NONE',  ( -0.0000000000000000000, -1.000000000000000000, -0.0000000000000000000 ) ) ;
#4012 = ORIENTED_EDGE ( 'NONE', *, *, #4397, .F. ) ;
#4013 = VECTOR ( 'NONE', #2428, 1000.000000000000000 ) ;
#4014 = ORIENTED_EDGE ( 'NONE', *, *, #2347, .T. ) ;
#4015 = CARTESIAN_POINT ( 'NONE',  ( -2.199999999999999300, 3.400000000000000400, 2.574999999999999300 ) ) ;
#4016 = AXIS2_PLACEMENT_3D ( 'NONE', #3481, #3950, #1914 ) ;
#4017 = EDGE_CURVE ( 'NONE', #2392, #1557, #3543, .T. ) ;
#4018 = FILL_AREA_STYLE ('',( #281 ) ) ;
#4019 = EDGE_LOOP ( 'NONE', ( #3474, #134, #4230 ) ) ;
#4020 = CARTESIAN_POINT ( 'NONE',  ( -2.199999999999999300, 3.400000000000000400, -2.574999999999999300 ) ) ;
#4021 = LINE ( 'NONE', #1801, #2472 ) ;
#4022 = CARTESIAN_POINT ( 'NONE',  ( 4.200000000000000200, 0.2999999999999999900, 2.600000000000000100 ) ) ;
#4023 = CARTESIAN_POINT ( 'NONE',  ( -3.000000000000000000, 3.400000000000000400, 2.750000000000000000 ) ) ;
#4024 = ORIENTED_EDGE ( 'NONE', *, *, #2098, .T. ) ;
#4025 = EDGE_CURVE ( 'NONE', #4309, #3753, #4289, .T. ) ;
#4026 = LINE ( 'NONE', #4333, #3433 ) ;
#4027 = DIRECTION ( 'NONE',  ( 0.0000000000000000000, 0.0000000000000000000, 1.000000000000000000 ) ) ;
#4028 = FACE_OUTER_BOUND ( 'NONE', #3021, .T. ) ;
#4029 = DIRECTION ( 'NONE',  ( 0.0000000000000000000, -0.0000000000000000000, -1.000000000000000000 ) ) ;
#4030 = PLANE ( 'NONE',  #3892 ) ;
#4031 = CIRCLE ( 'NONE', #2108, 0.3749999999999990600 ) ;
#4032 = VECTOR ( 'NONE', #1680, 1000.000000000000000 ) ;
#4033 = DIRECTION ( 'NONE',  ( -0.0000000000000000000, 1.000000000000000000, -0.0000000000000000000 ) ) ;
#4034 = CIRCLE ( 'NONE', #238, 0.2500000000000002200 ) ;
#4035 = EDGE_LOOP ( 'NONE', ( #1059, #2247, #1842, #3799 ) ) ;
#4036 = FACE_OUTER_BOUND ( 'NONE', #4261, .T. ) ;
#4037 = DIRECTION ( 'NONE',  ( -2.797941090285173100E-016, -0.0000000000000000000, 1.000000000000000000 ) ) ;
#4038 = LINE ( 'NONE', #2485, #2710 ) ;
#4039 = VECTOR ( 'NONE', #3814, 1000.000000000000000 ) ;
#4040 = FACE_BOUND ( 'NONE', #1809, .T. ) ;
#4041 = EDGE_LOOP ( 'NONE', ( #266, #1378, #844, #23 ) ) ;
#4042 = VECTOR ( 'NONE', #139, 1000.000000000000000 ) ;
#4043 = CARTESIAN_POINT ( 'NONE',  ( 2.199999999999999300, 4.100000000000001400, -2.199999999999999700 ) ) ;
#4044 = CARTESIAN_POINT ( 'NONE',  ( 3.000000000000000000, 3.400000000000000400, -2.749999999999999100 ) ) ;
#4045 = VERTEX_POINT ( 'NONE', #3294 ) ;
#4046 = FACE_BOUND ( 'NONE', #2357, .T. ) ;
#4047 = CARTESIAN_POINT ( 'NONE',  ( 2.750000000000000900, 0.09999999999999939500, 3.000000000000000000 ) ) ;
#4048 = EDGE_CURVE ( 'NONE', #1745, #1223, #2647, .T. ) ;
#4049 = DIRECTION ( 'NONE',  ( -0.0000000000000000000, 0.0000000000000000000, 1.000000000000000000 ) ) ;
#4050 = ORIENTED_EDGE ( 'NONE', *, *, #951, .F. ) ;
#4051 = CARTESIAN_POINT ( 'NONE',  ( -3.333974596215567600, 0.9000000000000000200, 2.600000000000000100 ) ) ;
#4052 = CARTESIAN_POINT ( 'NONE',  ( -3.000000000000000400, 1.300000000000000000, 2.600000000000000100 ) ) ;
#4053 = AXIS2_PLACEMENT_3D ( 'NONE', #1991, #4070, #4388 ) ;
#4054 = EDGE_CURVE ( 'NONE', #4200, #777, #488, .T. ) ;
#4055 = DIRECTION ( 'NONE',  ( 0.0000000000000000000, 0.0000000000000000000, 1.000000000000000000 ) ) ;
#4056 = VERTEX_POINT ( 'NONE', #1263 ) ;
#4057 = DIRECTION ( 'NONE',  ( 0.0000000000000000000, 1.000000000000000000, 0.0000000000000000000 ) ) ;
#4058 = ORIENTED_EDGE ( 'NONE', *, *, #191, .T. ) ;
#4059 = CARTESIAN_POINT ( 'NONE',  ( -4.200000000000000200, 0.0000000000000000000, -2.600000000000000100 ) ) ;
#4060 = ORIENTED_EDGE ( 'NONE', *, *, #3866, .T. ) ;
#4061 = CARTESIAN_POINT ( 'NONE',  ( -1.200000000000000000, 7.400000000000000400, -1.200000000000000200 ) ) ;
#4062 = EDGE_CURVE ( 'NONE', #1386, #3115, #2898, .T. ) ;
#4063 = ADVANCED_FACE ( 'NONE', ( #3112 ), #4364, .T. ) ;
#4064 = ORIENTED_EDGE ( 'NONE', *, *, #2633, .T. ) ;
#4065 = VECTOR ( 'NONE', #699, 1000.000000000000000 ) ;
#4066 = CARTESIAN_POINT ( 'NONE',  ( 0.0000000000000000000, 3.400000000000000400, 0.0000000000000000000 ) ) ;
#4067 = ORIENTED_EDGE ( 'NONE', *, *, #3447, .T. ) ;
#4068 = ORIENTED_EDGE ( 'NONE', *, *, #742, .T. ) ;
#4069 = AXIS2_PLACEMENT_3D ( 'NONE', #584, #1982, #2708 ) ;
#4070 = DIRECTION ( 'NONE',  ( 0.8660254037844413700, 0.4999999999999952300, 0.0000000000000000000 ) ) ;
#4071 = ORIENTED_EDGE ( 'NONE', *, *, #3194, .T. ) ;
#4072 = CARTESIAN_POINT ( 'NONE',  ( -3.333974596215567600, 1.300000000000000000, 2.600000000000000100 ) ) ;
#4073 = EDGE_LOOP ( 'NONE', ( #3347, #120, #3731, #1994, #626 ) ) ;
#4074 = PRESENTATION_STYLE_ASSIGNMENT (( #520 ) ) ;
#4075 = CARTESIAN_POINT ( 'NONE',  ( -1.350000000000000100, 0.1000000000000000500, -2.999999999999999100 ) ) ;
#4076 = VERTEX_POINT ( 'NONE', #2650 ) ;
#4077 = CIRCLE ( 'NONE', #987, 0.3749999999999990600 ) ;
#4078 = FACE_OUTER_BOUND ( 'NONE', #3324, .T. ) ;
#4079 =( GEOMETRIC_REPRESENTATION_CONTEXT ( 3 ) GLOBAL_UNCERTAINTY_ASSIGNED_CONTEXT ( ( #3980 ) ) GLOBAL_UNIT_ASSIGNED_CONTEXT ( ( #1257, #2311, #4341 ) ) REPRESENTATION_CONTEXT ( 'NONE', 'WORKASPACE' ) );
#4080 = FACE_OUTER_BOUND ( 'NONE', #251, .T. ) ;
#4081 = EDGE_CURVE ( 'NONE', #477, #3888, #433, .T. ) ;
#4082 = DIRECTION ( 'NONE',  ( -0.0000000000000000000, -1.000000000000000000, -0.0000000000000000000 ) ) ;
#4083 = CARTESIAN_POINT ( 'NONE',  ( 4.200000000000000200, 0.0000000000000000000, 1.899999999999999700 ) ) ;
#4084 = PLANE ( 'NONE',  #2625 ) ;
#4085 = ADVANCED_FACE ( 'NONE', ( #4080 ), #1337, .T. ) ;
#4086 = VECTOR ( 'NONE', #3863, 1000.000000000000000 ) ;
#4087 = EDGE_CURVE ( 'NONE', #1918, #2464, #2040, .T. ) ;
#4088 = DIRECTION ( 'NONE',  ( -0.0000000000000000000, -1.000000000000000000, -0.0000000000000000000 ) ) ;
#4089 = VECTOR ( 'NONE', #2052, 1000.000000000000000 ) ;
#4090 = CARTESIAN_POINT ( 'NONE',  ( -2.199999999999999300, 3.725000000000002800, -2.199999999999999700 ) ) ;
#4091 = VECTOR ( 'NONE', #1872, 1000.000000000000000 ) ;
#4092 = CARTESIAN_POINT ( 'NONE',  ( 3.000000000000000000, 3.400000000000000400, -2.749999999999999100 ) ) ;
#4093 = LINE ( 'NONE', #222, #2165 ) ;
#4094 = DIRECTION ( 'NONE',  ( 0.0000000000000000000, 0.0000000000000000000, 1.000000000000000000 ) ) ;
#4095 = AXIS2_PLACEMENT_3D ( 'NONE', #47, #2450, #668 ) ;
#4096 = ORIENTED_EDGE ( 'NONE', *, *, #2939, .F. ) ;
#4097 = PRESENTATION_STYLE_ASSIGNMENT (( #1653 ) ) ;
#4098 = ORIENTED_EDGE ( 'NONE', *, *, #341, .T. ) ;
#4099 = CARTESIAN_POINT ( 'NONE',  ( 3.000000000000000400, 1.300000000000000000, 2.600000000000000100 ) ) ;
#4100 = EDGE_CURVE ( 'NONE', #4271, #2694, #1129, .T. ) ;
#4101 = ORIENTED_EDGE ( 'NONE', *, *, #3728, .T. ) ;
#4102 = CARTESIAN_POINT ( 'NONE',  ( 3.000000000000000000, 0.5000000000000000000, -1.450000000000001100 ) ) ;
#4103 = EDGE_LOOP ( 'NONE', ( #2890, #1445, #2406, #1098 ) ) ;
#4104 = AXIS2_PLACEMENT_3D ( 'NONE', #3085, #39, #4441 ) ;
#4105 = ADVANCED_FACE ( 'NONE', ( #378 ), #1281, .F. ) ;
#4106 = CARTESIAN_POINT ( 'NONE',  ( -3.333974596215567600, 0.9000000000000000200, -1.899999999999999700 ) ) ;
#4107 = EDGE_CURVE ( 'NONE', #1182, #3829, #2323, .T. ) ;
#4108 = ORIENTED_EDGE ( 'NONE', *, *, #3079, .T. ) ;
#4109 = ORIENTED_EDGE ( 'NONE', *, *, #742, .F. ) ;
#4110 = EDGE_CURVE ( 'NONE', #1164, #677, #1716, .T. ) ;
#4111 = DIRECTION ( 'NONE',  ( 0.0000000000000000000, 0.0000000000000000000, 1.000000000000000000 ) ) ;
#4112 = ORIENTED_EDGE ( 'NONE', *, *, #3921, .T. ) ;
#4113 = VERTEX_POINT ( 'NONE', #3699 ) ;
#4114 = DIRECTION ( 'NONE',  ( -1.000000000000000000, 0.0000000000000000000, 0.0000000000000000000 ) ) ;
#4115 = ORIENTED_EDGE ( 'NONE', *, *, #1241, .T. ) ;
#4116 = DIRECTION ( 'NONE',  ( 0.0000000000000000000, 0.0000000000000000000, -1.000000000000000000 ) ) ;
#4117 = EDGE_CURVE ( 'NONE', #586, #2221, #2839, .T. ) ;
#4118 = ORIENTED_EDGE ( 'NONE', *, *, #2992, .F. ) ;
#4119 =( NAMED_UNIT ( * ) PLANE_ANGLE_UNIT ( ) SI_UNIT ( $, .RADIAN. ) );
#4120 = ORIENTED_EDGE ( 'NONE', *, *, #3677, .T. ) ;
#4121 = CARTESIAN_POINT ( 'NONE',  ( -2.750000000000000000, 3.400000000000000400, -2.999999999999998700 ) ) ;
#4122 = ADVANCED_FACE ( 'NONE', ( #2421 ), #4179, .T. ) ;
#4123 = ORIENTED_EDGE ( 'NONE', *, *, #1588, .T. ) ;
#4124 = FACE_OUTER_BOUND ( 'NONE', #1804, .T. ) ;
#4125 = DIRECTION ( 'NONE',  ( -0.0000000000000000000, -0.0000000000000000000, -1.000000000000000000 ) ) ;
#4126 = ORIENTED_EDGE ( 'NONE', *, *, #4420, .T. ) ;
#4127 = VECTOR ( 'NONE', #3782, 1000.000000000000000 ) ;
#4128 = PLANE ( 'NONE',  #724 ) ;
#4129 = CARTESIAN_POINT ( 'NONE',  ( 3.420577136594011900, 0.9499999999999995100, 2.600000000000000100 ) ) ;
#4130 = EDGE_CURVE ( 'NONE', #3736, #2617, #3277, .T. ) ;
#4131 = LINE ( 'NONE', #1552, #3173 ) ;
#4132 = COLOUR_RGB ( '',0.7921568627450980000, 0.8196078431372548800, 0.9333333333333333500 ) ;
#4133 = VECTOR ( 'NONE', #4295, 1000.000000000000000 ) ;
#4134 = CARTESIAN_POINT ( 'NONE',  ( 3.000000000000000000, 0.5000000000000000000, -3.000000000000000900 ) ) ;
#4135 = VECTOR ( 'NONE', #3645, 1000.000000000000000 ) ;
#4136 = TOROIDAL_SURFACE ( 'NONE', #2415, 1.534749683439675400, 0.1499999999999999400 ) ;
#4137 = VERTEX_POINT ( 'NONE', #961 ) ;
#4138 = FACE_OUTER_BOUND ( 'NONE', #30, .T. ) ;
#4139 = EDGE_CURVE ( 'NONE', #3700, #2392, #3008, .T. ) ;
#4140 = DIRECTION ( 'NONE',  ( -0.0000000000000000000, 1.000000000000000000, -0.0000000000000000000 ) ) ;
#4141 = VECTOR ( 'NONE', #347, 1000.000000000000000 ) ;
#4142 = FACE_OUTER_BOUND ( 'NONE', #3676, .T. ) ;
#4143 = ORIENTED_EDGE ( 'NONE', *, *, #558, .F. ) ;
#4144 = ADVANCED_FACE ( 'NONE', ( #2642 ), #2206, .F. ) ;
#4145 = DIRECTION ( 'NONE',  ( 1.000000000000000000, 0.0000000000000000000, 0.0000000000000000000 ) ) ;
#4146 = CARTESIAN_POINT ( 'NONE',  ( 3.000000000000000400, 1.300000000000000000, -2.600000000000000100 ) ) ;
#4147 = ORIENTED_EDGE ( 'NONE', *, *, #2447, .T. ) ;
#4148 = EDGE_CURVE ( 'NONE', #4007, #3827, #2091, .T. ) ;
#4149 = ORIENTED_EDGE ( 'NONE', *, *, #2484, .F. ) ;
#4150 = CARTESIAN_POINT ( 'NONE',  ( 4.113397459621556800, 0.3500000000000005300, -1.899999999999999700 ) ) ;
#4151 = DIRECTION ( 'NONE',  ( 0.0000000000000000000, 0.0000000000000000000, -1.000000000000000000 ) ) ;
#4152 = ORIENTED_EDGE ( 'NONE', *, *, #1926, .T. ) ;
#4153 = DIRECTION ( 'NONE',  ( 0.0000000000000000000, 0.0000000000000000000, 1.000000000000000000 ) ) ;
#4154 = AXIS2_PLACEMENT_3D ( 'NONE', #1394, #3505, #1741 ) ;
#4155 = CARTESIAN_POINT ( 'NONE',  ( -2.199999999999999300, 3.400000000000000400, 2.199999999999999700 ) ) ;
#4156 = ORIENTED_EDGE ( 'NONE', *, *, #4130, .T. ) ;
#4157 = EDGE_CURVE ( 'NONE', #4301, #566, #264, .T. ) ;
#4158 = ORIENTED_EDGE ( 'NONE', *, *, #1095, .F. ) ;
#4159 = CARTESIAN_POINT ( 'NONE',  ( 0.0000000000000000000, 0.5000000000000000000, 0.0000000000000000000 ) ) ;
#4160 =( LENGTH_UNIT ( ) NAMED_UNIT ( * ) SI_UNIT ( .MILLI., .METRE. ) );
#4161 = ORIENTED_EDGE ( 'NONE', *, *, #3240, .F. ) ;
#4162 = DIRECTION ( 'NONE',  ( -2.797941090285173100E-016, 0.0000000000000000000, -1.000000000000000000 ) ) ;
#4163 = EDGE_CURVE ( 'NONE', #664, #2171, #3961, .T. ) ;
#4164 = DIRECTION ( 'NONE',  ( -1.000000000000000000, -0.0000000000000000000, -0.0000000000000000000 ) ) ;
#4165 = ADVANCED_FACE ( 'NONE', ( #3170 ), #799, .T. ) ;
#4166 = VERTEX_POINT ( 'NONE', #4102 ) ;
#4167 = VERTEX_POINT ( 'NONE', #3058 ) ;
#4168 = CARTESIAN_POINT ( 'NONE',  ( -3.000000000000000000, 0.1000000000000000100, 1.450000000000001100 ) ) ;
#4169 = CARTESIAN_POINT ( 'NONE',  ( 2.750000000000000900, 3.700000000000000200, 2.750000000000000000 ) ) ;
#4170 = EDGE_LOOP ( 'NONE', ( #3198, #683 ) ) ;
#4171 = AXIS2_PLACEMENT_3D ( 'NONE', #1868, #4258, #1226 ) ;
#4172 = CARTESIAN_POINT ( 'NONE',  ( -2.199999999999999300, 3.400000000000000400, 1.824999999999999700 ) ) ;
#4173 = ORIENTED_EDGE ( 'NONE', *, *, #3468, .F. ) ;
#4174 = CARTESIAN_POINT ( 'NONE',  ( -2.199999999999999300, 3.400000000000000400, 1.825000000000000200 ) ) ;
#4175 = ORIENTED_EDGE ( 'NONE', *, *, #2506, .F. ) ;
#4176 = VECTOR ( 'NONE', #179, 1000.000000000000000 ) ;
#4177 = DIRECTION ( 'NONE',  ( 0.0000000000000000000, 0.0000000000000000000, -1.000000000000000000 ) ) ;
#4178 = LINE ( 'NONE', #1358, #2639 ) ;
#4179 = CYLINDRICAL_SURFACE ( 'NONE', #2465, 0.3999999999999997400 ) ;
#4180 = DIRECTION ( 'NONE',  ( 0.0000000000000000000, 1.000000000000000000, 0.0000000000000000000 ) ) ;
#4181 = CARTESIAN_POINT ( 'NONE',  ( 2.199999999999999300, 3.400000000000000400, 2.574999999999999300 ) ) ;
#4182 = DIRECTION ( 'NONE',  ( 0.0000000000000000000, 0.0000000000000000000, 1.000000000000000000 ) ) ;
#4183 = AXIS2_PLACEMENT_3D ( 'NONE', #85, #3480, #1813 ) ;
#4184 = PRESENTATION_STYLE_ASSIGNMENT (( #2113 ) ) ;
#4185 = EDGE_CURVE ( 'NONE', #2180, #2294, #3430, .T. ) ;
#4186 = FACE_OUTER_BOUND ( 'NONE', #3461, .T. ) ;
#4187 = ADVANCED_FACE ( 'NONE', ( #1291 ), #3065, .T. ) ;
#4188 = CYLINDRICAL_SURFACE ( 'NONE', #2855, 0.3749999999999994400 ) ;
#4189 = EDGE_CURVE ( 'NONE', #2209, #3688, #3803, .T. ) ;
#4190 = DIRECTION ( 'NONE',  ( 1.000000000000000000, 0.0000000000000000000, 0.0000000000000000000 ) ) ;
#4191 = DIRECTION ( 'NONE',  ( 1.000000000000000000, -0.0000000000000000000, -0.0000000000000000000 ) ) ;
#4192 = FACE_OUTER_BOUND ( 'NONE', #2348, .T. ) ;
#4193 = LINE ( 'NONE', #2111, #3286 ) ;
#4194 = DIRECTION ( 'NONE',  ( -1.000000000000000000, 0.0000000000000000000, 0.0000000000000000000 ) ) ;
#4195 = ORIENTED_EDGE ( 'NONE', *, *, #1274, .F. ) ;
#4196 = AXIS2_PLACEMENT_3D ( 'NONE', #966, #3036, #225 ) ;
#4197 = ORIENTED_EDGE ( 'NONE', *, *, #40, .F. ) ;
#4198 = SPHERICAL_SURFACE ( 'NONE', #3141, 0.3749999999999988300 ) ;
#4199 = CARTESIAN_POINT ( 'NONE',  ( 3.000000000000000000, 0.5000000000000004400, 2.750000000000000000 ) ) ;
#4200 = VERTEX_POINT ( 'NONE', #3398 ) ;
#4201 =( GEOMETRIC_REPRESENTATION_CONTEXT ( 3 ) GLOBAL_UNCERTAINTY_ASSIGNED_CONTEXT ( ( #1519 ) ) GLOBAL_UNIT_ASSIGNED_CONTEXT ( ( #4160, #1097, #48 ) ) REPRESENTATION_CONTEXT ( 'NONE', 'WORKASPACE' ) );
#4202 = CARTESIAN_POINT ( 'NONE',  ( 1.349999999999999600, 0.09999999999999939500, -2.999999999999998700 ) ) ;
#4203 = ORIENTED_EDGE ( 'NONE', *, *, #3758, .T. ) ;
#4204 = ADVANCED_FACE ( 'NONE', ( #2149 ), #1706, .T. ) ;
#4205 = VERTEX_POINT ( 'NONE', #336 ) ;
#4206 = ORIENTED_EDGE ( 'NONE', *, *, #551, .T. ) ;
#4207 = LINE ( 'NONE', #1322, #3414 ) ;
#4208 = DIRECTION ( 'NONE',  ( 0.0000000000000000000, -1.000000000000000000, 0.0000000000000000000 ) ) ;
#4209 = VERTEX_POINT ( 'NONE', #1006 ) ;
#4210 = AXIS2_PLACEMENT_3D ( 'NONE', #2675, #2007, #4005 ) ;
#4211 = VERTEX_POINT ( 'NONE', #3752 ) ;
#4212 = CARTESIAN_POINT ( 'NONE',  ( 2.750000000000000900, 3.400000000000000400, 2.750000000000000000 ) ) ;
#4213 = ORIENTED_EDGE ( 'NONE', *, *, #245, .T. ) ;
#4214 = DIRECTION ( 'NONE',  ( 0.0000000000000000000, 0.0000000000000000000, 1.000000000000000000 ) ) ;
#4215 = ORIENTED_EDGE ( 'NONE', *, *, #1729, .F. ) ;
#4216 = EDGE_CURVE ( 'NONE', #2595, #3418, #316, .T. ) ;
#4217 = ORIENTED_EDGE ( 'NONE', *, *, #769, .F. ) ;
#4218 = DIRECTION ( 'NONE',  ( 0.0000000000000000000, 0.0000000000000000000, 1.000000000000000000 ) ) ;
#4219 = CARTESIAN_POINT ( 'NONE',  ( -3.853589838486224400, 0.2000000000000021800, 2.600000000000000100 ) ) ;
#4220 = AXIS2_PLACEMENT_3D ( 'NONE', #2936, #2886, #1852 ) ;
#4221 = EDGE_LOOP ( 'NONE', ( #3052, #185, #1895, #3615 ) ) ;
#4222 = CONICAL_SURFACE ( 'NONE', #4305, 1.684658307492539900, 0.03490658503987936100 ) ;
#4223 = ADVANCED_FACE ( 'NONE', ( #1935 ), #2954, .T. ) ;
#4224 = CARTESIAN_POINT ( 'NONE',  ( 2.199999999999999300, 3.400000000000000400, 1.825000000000000200 ) ) ;
#4225 = LINE ( 'NONE', #3174, #3326 ) ;
#4226 = CARTESIAN_POINT ( 'NONE',  ( -5.000000000000000000, 0.2999999999999999900, -2.600000000000000100 ) ) ;
#4227 = DIRECTION ( 'NONE',  ( -0.0000000000000000000, 1.000000000000000000, -0.0000000000000000000 ) ) ;
#4228 = UNCERTAINTY_MEASURE_WITH_UNIT (LENGTH_MEASURE( 1.000000000000000100E-005 ), #473, 'distance_accuracy_value', 'NONE');
#4229 = CARTESIAN_POINT ( 'NONE',  ( 3.000000000000000000, 0.1000000000000000100, -1.450000000000001100 ) ) ;
#4230 = ORIENTED_EDGE ( 'NONE', *, *, #4345, .F. ) ;
#4231 = EDGE_CURVE ( 'NONE', #740, #3829, #1989, .T. ) ;
#4232 = LINE ( 'NONE', #2772, #45 ) ;
#4233 = DIRECTION ( 'NONE',  ( -1.000000000000000000, 0.0000000000000000000, 0.0000000000000000000 ) ) ;
#4234 = VECTOR ( 'NONE', #1878, 1000.000000000000000 ) ;
#4235 = DIRECTION ( 'NONE',  ( 0.4999999999999952800, -0.8660254037844413700, 0.0000000000000000000 ) ) ;
#4236 = CIRCLE ( 'NONE', #3745, 0.2000000000000000900 ) ;
#4237 = CIRCLE ( 'NONE', #3273, 0.3749999999999998900 ) ;
#4238 = DIRECTION ( 'NONE',  ( -1.224646799147353200E-016, 0.0000000000000000000, -1.000000000000000000 ) ) ;
#4239 = CARTESIAN_POINT ( 'NONE',  ( 1.200000000000000000, 5.799999999999999800, 1.199999999999999300 ) ) ;
#4240 = AXIS2_PLACEMENT_3D ( 'NONE', #117, #3578, #1527 ) ;
#4241 = EDGE_CURVE ( 'NONE', #1714, #2618, #4351, .T. ) ;
#4242 = FILL_AREA_STYLE_COLOUR ( '', #3953 ) ;
#4243 = CYLINDRICAL_SURFACE ( 'NONE', #2452, 0.2500000000000002200 ) ;
#4244 = FACE_OUTER_BOUND ( 'NONE', #1430, .T. ) ;
#4245 = ORIENTED_EDGE ( 'NONE', *, *, #1638, .F. ) ;
#4246 = DIRECTION ( 'NONE',  ( -0.4999999999999950600, 0.8660254037844414800, -0.0000000000000000000 ) ) ;
#4247 = DIRECTION ( 'NONE',  ( -1.000000000000000000, 0.0000000000000000000, 0.0000000000000000000 ) ) ;
#4248 = FACE_OUTER_BOUND ( 'NONE', #302, .T. ) ;
#4249 = CARTESIAN_POINT ( 'NONE',  ( 5.000000000000000000, 0.2999999999999999900, 1.899999999999999700 ) ) ;
#4250 = ORIENTED_EDGE ( 'NONE', *, *, #3811, .F. ) ;
#4251 = EDGE_CURVE ( 'NONE', #4200, #3916, #1500, .T. ) ;
#4252 = DIRECTION ( 'NONE',  ( 0.0000000000000000000, -1.000000000000000000, 0.0000000000000000000 ) ) ;
#4253 = VERTEX_POINT ( 'NONE', #2033 ) ;
#4254 = ADVANCED_FACE ( 'NONE', ( #3750 ), #1608, .T. ) ;
#4255 = CARTESIAN_POINT ( 'NONE',  ( 2.750000000000000900, 3.400000000000000400, 2.750000000000000000 ) ) ;
#4256 = VERTEX_POINT ( 'NONE', #1404 ) ;
#4257 = VERTEX_POINT ( 'NONE', #318 ) ;
#4258 = DIRECTION ( 'NONE',  ( 0.0000000000000000000, -1.000000000000000000, 0.0000000000000000000 ) ) ;
#4259 = DIRECTION ( 'NONE',  ( 0.0000000000000000000, 0.0000000000000000000, 1.000000000000000000 ) ) ;
#4260 = CARTESIAN_POINT ( 'NONE',  ( -3.420577136594011900, 0.9499999999999995100, -2.600000000000000100 ) ) ;
#4261 = EDGE_LOOP ( 'NONE', ( #2575, #3766, #1696, #3779 ) ) ;
#4262 = LINE ( 'NONE', #2316, #4433 ) ;
#4263 = ORIENTED_EDGE ( 'NONE', *, *, #2992, .T. ) ;
#4264 = FACE_OUTER_BOUND ( 'NONE', #538, .T. ) ;
#4265 = AXIS2_PLACEMENT_3D ( 'NONE', #2667, #3674, #4362 ) ;
#4266 = ORIENTED_EDGE ( 'NONE', *, *, #1125, .T. ) ;
#4267 = EDGE_CURVE ( 'NONE', #3216, #2332, #544, .T. ) ;
#4268 = CARTESIAN_POINT ( 'NONE',  ( 4.113397459621556800, 0.3500000000000005300, -2.600000000000000100 ) ) ;
#4269 = CARTESIAN_POINT ( 'NONE',  ( -2.199999999999999300, 3.725000000000002800, 2.199999999999999700 ) ) ;
#4270 = CARTESIAN_POINT ( 'NONE',  ( 4.200000000000000200, 0.4000000000000000200, 2.600000000000000100 ) ) ;
#4271 = VERTEX_POINT ( 'NONE', #3411 ) ;
#4272 = ORIENTED_EDGE ( 'NONE', *, *, #3303, .F. ) ;
#4273 = DIRECTION ( 'NONE',  ( -1.000000000000000000, 0.0000000000000000000, 0.0000000000000000000 ) ) ;
#4274 = AXIS2_PLACEMENT_3D ( 'NONE', #95, #697, #3492 ) ;
#4275 = CARTESIAN_POINT ( 'NONE',  ( 4.200000000000000200, 0.0000000000000000000, -2.600000000000000100 ) ) ;
#4276 = EDGE_CURVE ( 'NONE', #2034, #1173, #2746, .T. ) ;
#4277 = DIRECTION ( 'NONE',  ( 0.0000000000000000000, 0.0000000000000000000, -1.000000000000000000 ) ) ;
#4278 = ORIENTED_EDGE ( 'NONE', *, *, #234, .T. ) ;
#4279 = CARTESIAN_POINT ( 'NONE',  ( -4.200000000000000200, 1.626303258728256700E-016, -2.600000000000000100 ) ) ;
#4280 = FACE_OUTER_BOUND ( 'NONE', #1159, .T. ) ;
#4281 = ORIENTED_EDGE ( 'NONE', *, *, #4025, .T. ) ;
#4282 = EDGE_CURVE ( 'NONE', #1165, #4167, #1027, .T. ) ;
#4283 = CARTESIAN_POINT ( 'NONE',  ( 3.420577136594011900, 0.9499999999999995100, -2.600000000000000100 ) ) ;
#4284 = CARTESIAN_POINT ( 'NONE',  ( -2.750000000000000000, 3.700000000000000200, 3.000000000000000000 ) ) ;
#4285 = EDGE_LOOP ( 'NONE', ( #4409, #2511, #1658, #2755, #837, #3613, #4002, #1764 ) ) ;
#4286 = LINE ( 'NONE', #2947, #3959 ) ;
#4287 = FACE_OUTER_BOUND ( 'NONE', #2366, .T. ) ;
#4288 = DIRECTION ( 'NONE',  ( 1.000000000000000000, 0.0000000000000000000, 0.0000000000000000000 ) ) ;
#4289 = LINE ( 'NONE', #3660, #1184 ) ;
#4290 = PLANE ( 'NONE',  #908 ) ;
#4291 = AXIS2_PLACEMENT_3D ( 'NONE', #215, #2629, #900 ) ;
#4292 = CARTESIAN_POINT ( 'NONE',  ( 3.000000000000000400, 1.300000000000000000, 2.600000000000000100 ) ) ;
#4293 = LINE ( 'NONE', #3106, #2270 ) ;
#4294 = CARTESIAN_POINT ( 'NONE',  ( 2.199999999999999300, 3.700000000000000200, 2.574999999999999700 ) ) ;
#4295 = DIRECTION ( 'NONE',  ( -0.0000000000000000000, -0.0000000000000000000, 1.000000000000000000 ) ) ;
#4296 = FACE_OUTER_BOUND ( 'NONE', #193, .T. ) ;
#4297 = DIRECTION ( 'NONE',  ( -0.0000000000000000000, 1.000000000000000000, -0.0000000000000000000 ) ) ;
#4298 = COLOUR_RGB ( '',0.7921568627450980000, 0.8196078431372548800, 0.9333333333333333500 ) ;
#4299 = DIRECTION ( 'NONE',  ( 0.0000000000000000000, -0.0000000000000000000, -1.000000000000000000 ) ) ;
#4300 = FACE_OUTER_BOUND ( 'NONE', #1451, .T. ) ;
#4301 = VERTEX_POINT ( 'NONE', #3785 ) ;
#4302 = CARTESIAN_POINT ( 'NONE',  ( -4.200000000000000200, 0.0000000000000000000, -1.899999999999999700 ) ) ;
#4303 = FACE_OUTER_BOUND ( 'NONE', #3028, .T. ) ;
#4304 = DIRECTION ( 'NONE',  ( 0.4999999999999952300, 0.8660254037844413700, 0.0000000000000000000 ) ) ;
#4305 = AXIS2_PLACEMENT_3D ( 'NONE', #3667, #3636, #3968 ) ;
#4306 = EDGE_CURVE ( 'NONE', #3781, #3431, #1817, .T. ) ;
#4307 = CARTESIAN_POINT ( 'NONE',  ( -1.399999999999999900, 5.799999999999999800, 1.199999999999999700 ) ) ;
#4308 = DIRECTION ( 'NONE',  ( 0.0000000000000000000, 1.000000000000000000, -0.0000000000000000000 ) ) ;
#4309 = VERTEX_POINT ( 'NONE', #3464 ) ;
#4310 = CYLINDRICAL_SURFACE ( 'NONE', #1047, 0.3749999999999998900 ) ;
#4311 = DIRECTION ( 'NONE',  ( -0.0000000000000000000, 1.000000000000000000, 0.0000000000000000000 ) ) ;
#4312 = DIRECTION ( 'NONE',  ( 2.797941090285173100E-016, -0.0000000000000000000, -1.000000000000000000 ) ) ;
#4313 = CARTESIAN_POINT ( 'NONE',  ( 1.350000000000000100, -0.4999999999999994400, -2.999999999999999100 ) ) ;
#4314 = EDGE_CURVE ( 'NONE', #3738, #2821, #914, .T. ) ;
#4315 = ORIENTED_EDGE ( 'NONE', *, *, #3279, .F. ) ;
#4316 = DIRECTION ( 'NONE',  ( -2.797941090285173100E-016, -0.0000000000000000000, 1.000000000000000000 ) ) ;
#4317 = CARTESIAN_POINT ( 'NONE',  ( -4.200000000000000200, 1.626303258728256700E-016, -1.899999999999999700 ) ) ;
#4318 = VERTEX_POINT ( 'NONE', #2473 ) ;
#4319 = AXIS2_PLACEMENT_3D ( 'NONE', #2504, #1818, #1837 ) ;
#4320 = CARTESIAN_POINT ( 'NONE',  ( -2.750000000000000000, 3.700000000000000200, -2.999999999999998200 ) ) ;
#4321 = CARTESIAN_POINT ( 'NONE',  ( -3.000000000000000000, 0.5000000000000000000, -1.450000000000001100 ) ) ;
#4322 = EDGE_LOOP ( 'NONE', ( #1145, #207, #2256, #3634, #126, #1613, #2026, #2550 ) ) ;
#4323 = CARTESIAN_POINT ( 'NONE',  ( 2.750000000000000900, 0.09999999999999939500, 3.000000000000000000 ) ) ;
#4324 = ORIENTED_EDGE ( 'NONE', *, *, #255, .T. ) ;
#4325 = CARTESIAN_POINT ( 'NONE',  ( 1.200000000000000000, 1.840202025355333300, -1.200000000000000600 ) ) ;
#4326 = EDGE_CURVE ( 'NONE', #3637, #1553, #3856, .T. ) ;
#4327 = ORIENTED_EDGE ( 'NONE', *, *, #951, .T. ) ;
#4328 = VECTOR ( 'NONE', #3472, 1000.000000000000000 ) ;
#4329 = DIRECTION ( 'NONE',  ( 0.0000000000000000000, 1.000000000000000000, -0.0000000000000000000 ) ) ;
#4330 = VERTEX_POINT ( 'NONE', #4199 ) ;
#4331 = DIRECTION ( 'NONE',  ( 0.0000000000000000000, -1.000000000000000000, 0.0000000000000000000 ) ) ;
#4332 = ORIENTED_EDGE ( 'NONE', *, *, #4326, .T. ) ;
#4333 = CARTESIAN_POINT ( 'NONE',  ( 3.000000000000000900, -8.485281374238571300, 2.750000000000000000 ) ) ;
#4334 = CARTESIAN_POINT ( 'NONE',  ( 2.500000000000000000, 0.1000000000000000100, -3.000000000000000900 ) ) ;
#4335 = ORIENTED_EDGE ( 'NONE', *, *, #1871, .T. ) ;
#4336 = DIRECTION ( 'NONE',  ( 0.0000000000000000000, -0.0000000000000000000, 1.000000000000000000 ) ) ;
#4337 = AXIS2_PLACEMENT_3D ( 'NONE', #878, #3919, #4288 ) ;
#4338 = EDGE_CURVE ( 'NONE', #4374, #1418, #4225, .T. ) ;
#4339 = ORIENTED_EDGE ( 'NONE', *, *, #2189, .F. ) ;
#4340 =( LENGTH_UNIT ( ) NAMED_UNIT ( * ) SI_UNIT ( .MILLI., .METRE. ) );
#4341 =( NAMED_UNIT ( * ) SI_UNIT ( $, .STERADIAN. ) SOLID_ANGLE_UNIT ( ) );
#4342 = DIRECTION ( 'NONE',  ( -0.0000000000000000000, 1.000000000000000000, -0.0000000000000000000 ) ) ;
#4343 = DIRECTION ( 'NONE',  ( 0.0000000000000000000, 0.0000000000000000000, 1.000000000000000000 ) ) ;
#4344 = ORIENTED_EDGE ( 'NONE', *, *, #4100, .F. ) ;
#4345 = EDGE_CURVE ( 'NONE', #740, #4137, #1396, .T. ) ;
#4346 = DIRECTION ( 'NONE',  ( 0.0000000000000000000, -1.000000000000000000, 0.0000000000000000000 ) ) ;
#4347 = DIRECTION ( 'NONE',  ( 0.0000000000000000000, 0.0000000000000000000, 1.000000000000000000 ) ) ;
#4348 = CARTESIAN_POINT ( 'NONE',  ( -2.750000000000000000, 0.09999999999999939500, -2.999999999999999100 ) ) ;
#4349 = ORIENTED_EDGE ( 'NONE', *, *, #4345, .T. ) ;
#4350 = VECTOR ( 'NONE', #1961, 1000.000000000000000 ) ;
#4351 = LINE ( 'NONE', #2092, #1349 ) ;
#4352 = CARTESIAN_POINT ( 'NONE',  ( 3.333974596215567600, 0.9000000000000000200, -1.899999999999999700 ) ) ;
#4353 = DIRECTION ( 'NONE',  ( 0.0000000000000000000, 0.0000000000000000000, 1.000000000000000000 ) ) ;
#4354 = CARTESIAN_POINT ( 'NONE',  ( 4.200000000000000200, 0.4000000000000000200, -2.600000000000000100 ) ) ;
#4355 = ORIENTED_EDGE ( 'NONE', *, *, #2525, .F. ) ;
#4356 = VECTOR ( 'NONE', #4214, 1000.000000000000000 ) ;
#4357 = CIRCLE ( 'NONE', #3189, 0.3749999999999990600 ) ;
#4358 = PLANE ( 'NONE',  #3963 ) ;
#4359 = VECTOR ( 'NONE', #3251, 1000.000000000000000 ) ;
#4360 = DIRECTION ( 'NONE',  ( 0.4999999999999950600, 0.8660254037844414800, 0.0000000000000000000 ) ) ;
#4361 = FACE_OUTER_BOUND ( 'NONE', #4221, .T. ) ;
#4362 = DIRECTION ( 'NONE',  ( 0.0000000000000000000, 0.0000000000000000000, -1.000000000000000000 ) ) ;
#4363 = CIRCLE ( 'NONE', #3136, 0.2000000000000000900 ) ;
#4364 = PLANE ( 'NONE',  #2329 ) ;
#4365 = VERTEX_POINT ( 'NONE', #2123 ) ;
#4366 = VECTOR ( 'NONE', #915, 1000.000000000000000 ) ;
#4367 = AXIS2_PLACEMENT_3D ( 'NONE', #4, #1391, #321 ) ;
#4368 = EDGE_CURVE ( 'NONE', #3916, #2114, #3218, .T. ) ;
#4369 = CIRCLE ( 'NONE', #3757, 0.3749999999999998900 ) ;
#4370 = CARTESIAN_POINT ( 'NONE',  ( 3.000000000000000400, 1.300000000000000000, -2.600000000000000100 ) ) ;
#4371 = ORIENTED_EDGE ( 'NONE', *, *, #2216, .F. ) ;
#4372 = LINE ( 'NONE', #471, #2546 ) ;
#4373 = CARTESIAN_POINT ( 'NONE',  ( 3.000000000000000000, 0.5000000000000000000, 1.450000000000001100 ) ) ;
#4374 = VERTEX_POINT ( 'NONE', #1785 ) ;
#4375 = AXIS2_PLACEMENT_3D ( 'NONE', #1272, #3009, #3376 ) ;
#4376 = EDGE_CURVE ( 'NONE', #1557, #2669, #4021, .T. ) ;
#4377 = DIRECTION ( 'NONE',  ( -1.000000000000000000, -0.0000000000000000000, -0.0000000000000000000 ) ) ;
#4378 = VERTEX_POINT ( 'NONE', #2138 ) ;
#4379 = CARTESIAN_POINT ( 'NONE',  ( 3.000000000000000400, 1.000000000000000000, 2.600000000000000100 ) ) ;
#4380 = CARTESIAN_POINT ( 'NONE',  ( -1.399999999999999900, 7.400000000000000400, 1.399999999999999700 ) ) ;
#4381 = EDGE_CURVE ( 'NONE', #4318, #4045, #3062, .T. ) ;
#4382 = ORIENTED_EDGE ( 'NONE', *, *, #4455, .F. ) ;
#4383 = DIRECTION ( 'NONE',  ( 0.0000000000000000000, 0.0000000000000000000, -1.000000000000000000 ) ) ;
#4384 = ORIENTED_EDGE ( 'NONE', *, *, #51, .T. ) ;
#4385 = ORIENTED_EDGE ( 'NONE', *, *, #2737, .F. ) ;
#4386 = AXIS2_PLACEMENT_3D ( 'NONE', #4313, #2303, #568 ) ;
#4387 = DIRECTION ( 'NONE',  ( 1.000000000000000000, 0.0000000000000000000, 0.0000000000000000000 ) ) ;
#4388 = DIRECTION ( 'NONE',  ( -0.4999999999999952300, 0.8660254037844413700, 0.0000000000000000000 ) ) ;
#4389 = ORIENTED_EDGE ( 'NONE', *, *, #988, .F. ) ;
#4390 = EDGE_CURVE ( 'NONE', #1553, #4309, #4408, .T. ) ;
#4391 = DIRECTION ( 'NONE',  ( 0.0000000000000000000, 0.0000000000000000000, 1.000000000000000000 ) ) ;
#4392 = VERTEX_POINT ( 'NONE', #3191 ) ;
#4393 = DIRECTION ( 'NONE',  ( 0.0000000000000000000, 0.0000000000000000000, -1.000000000000000000 ) ) ;
#4394 = ORIENTED_EDGE ( 'NONE', *, *, #1120, .F. ) ;
#4395 = CARTESIAN_POINT ( 'NONE',  ( 1.200000000000000000, 7.400000000000000400, 1.199999999999999300 ) ) ;
#4396 =( GEOMETRIC_REPRESENTATION_CONTEXT ( 3 ) GLOBAL_UNCERTAINTY_ASSIGNED_CONTEXT ( ( #53 ) ) GLOBAL_UNIT_ASSIGNED_CONTEXT ( ( #1108, #4119, #2419 ) ) REPRESENTATION_CONTEXT ( 'NONE', 'WORKASPACE' ) );
#4397 = EDGE_CURVE ( 'NONE', #2034, #3044, #1235, .T. ) ;
#4398 = DIRECTION ( 'NONE',  ( -0.0000000000000000000, -0.0000000000000000000, -1.000000000000000000 ) ) ;
#4399 = ORIENTED_EDGE ( 'NONE', *, *, #4241, .F. ) ;
#4400 = CARTESIAN_POINT ( 'NONE',  ( 4.200000000000000200, 0.0000000000000000000, 2.600000000000000100 ) ) ;
#4401 = ADVANCED_FACE ( 'NONE', ( #3487 ), #1478, .F. ) ;
#4402 = ORIENTED_EDGE ( 'NONE', *, *, #2840, .T. ) ;
#4403 = EDGE_CURVE ( 'NONE', #4452, #2468, #3272, .T. ) ;
#4404 = FACE_OUTER_BOUND ( 'NONE', #1756, .T. ) ;
#4405 = CYLINDRICAL_SURFACE ( 'NONE', #2250, 0.3999999999999997400 ) ;
#4406 = VECTOR ( 'NONE', #1545, 1000.000000000000000 ) ;
#4407 = PLANE ( 'NONE',  #1292 ) ;
#4408 = CIRCLE ( 'NONE', #3669, 0.2500000000000002200 ) ;
#4409 = ORIENTED_EDGE ( 'NONE', *, *, #2094, .F. ) ;
#4410 = VECTOR ( 'NONE', #2266, 1000.000000000000000 ) ;
#4411 = VECTOR ( 'NONE', #1996, 1000.000000000000000 ) ;
#4412 = DIRECTION ( 'NONE',  ( 0.0000000000000000000, 1.000000000000000000, 0.0000000000000000000 ) ) ;
#4413 = CIRCLE ( 'NONE', #2636, 0.3749999999999990600 ) ;
#4414 = CIRCLE ( 'NONE', #2893, 0.8499999999999999800 ) ;
#4415 = VERTEX_POINT ( 'NONE', #723 ) ;
#4416 = CIRCLE ( 'NONE', #2513, 0.4000000000000001900 ) ;
#4417 = CARTESIAN_POINT ( 'NONE',  ( -4.200000000000000200, 0.4000000000000000200, 2.600000000000000100 ) ) ;
#4418 = EDGE_LOOP ( 'NONE', ( #1605, #1644, #2560 ) ) ;
#4419 = ADVANCED_FACE ( 'NONE', ( #2700 ), #1554, .F. ) ;
#4420 = EDGE_CURVE ( 'NONE', #3683, #740, #969, .T. ) ;
#4421 = CARTESIAN_POINT ( 'NONE',  ( -3.000000000000000000, 0.5000000000000004400, 2.750000000000000000 ) ) ;
#4422 = ORIENTED_EDGE ( 'NONE', *, *, #1827, .F. ) ;
#4423 = DIRECTION ( 'NONE',  ( -0.0000000000000000000, 1.000000000000000000, -0.0000000000000000000 ) ) ;
#4424 = EDGE_CURVE ( 'NONE', #3192, #1624, #1769, .T. ) ;
#4425 = CARTESIAN_POINT ( 'NONE',  ( -3.000000000000000000, 3.700000000000000200, -2.749999999999999100 ) ) ;
#4426 = ORIENTED_EDGE ( 'NONE', *, *, #498, .T. ) ;
#4427 = DIRECTION ( 'NONE',  ( -1.000000000000000000, -0.0000000000000000000, -0.0000000000000000000 ) ) ;
#4428 = VERTEX_POINT ( 'NONE', #2106 ) ;
#4429 = VERTEX_POINT ( 'NONE', #2460 ) ;
#4430 = DIRECTION ( 'NONE',  ( 0.0000000000000000000, 0.0000000000000000000, -1.000000000000000000 ) ) ;
#4431 = DIRECTION ( 'NONE',  ( 0.0000000000000000000, 0.0000000000000000000, 1.000000000000000000 ) ) ;
#4432 = EDGE_LOOP ( 'NONE', ( #2763, #4385 ) ) ;
#4433 = VECTOR ( 'NONE', #4360, 1000.000000000000000 ) ;
#4434 = ORIENTED_EDGE ( 'NONE', *, *, #4048, .F. ) ;
#4435 = DIRECTION ( 'NONE',  ( 0.0000000000000000000, 0.0000000000000000000, 1.000000000000000000 ) ) ;
#4436 = VERTEX_POINT ( 'NONE', #490 ) ;
#4437 = DIRECTION ( 'NONE',  ( 0.0000000000000000000, -1.000000000000000000, -0.0000000000000000000 ) ) ;
#4438 = CARTESIAN_POINT ( 'NONE',  ( 2.750000000000000900, 3.400000000000000400, -2.749999999999999100 ) ) ;
#4439 = ADVANCED_FACE ( 'NONE', ( #1662, #1670 ), #1538, .F. ) ;
#4440 = ORIENTED_EDGE ( 'NONE', *, *, #3954, .T. ) ;
#4441 = DIRECTION ( 'NONE',  ( 0.0000000000000000000, 0.0000000000000000000, -1.000000000000000000 ) ) ;
#4442 = DIRECTION ( 'NONE',  ( -0.0000000000000000000, 1.000000000000000000, -0.0000000000000000000 ) ) ;
#4443 = ORIENTED_EDGE ( 'NONE', *, *, #3050, .F. ) ;
#4444 = DIRECTION ( 'NONE',  ( 1.000000000000000000, 0.0000000000000000000, 0.0000000000000000000 ) ) ;
#4445 = DIRECTION ( 'NONE',  ( -0.0000000000000000000, 1.000000000000000000, 0.0000000000000000000 ) ) ;
#4446 = ORIENTED_EDGE ( 'NONE', *, *, #980, .T. ) ;
#4447 = CIRCLE ( 'NONE', #629, 0.8499999999999999800 ) ;
#4448 = AXIS2_PLACEMENT_3D ( 'NONE', #3849, #3834, #1992 ) ;
#4449 = VECTOR ( 'NONE', #2351, 1000.000000000000000 ) ;
#4450 = DIRECTION ( 'NONE',  ( 0.0000000000000000000, 1.000000000000000000, 0.0000000000000000000 ) ) ;
#4451 = CARTESIAN_POINT ( 'NONE',  ( 2.112515728529184400E-016, 3.400000000000000400, 1.725000000000000100 ) ) ;
#4452 = VERTEX_POINT ( 'NONE', #3544 ) ;
#4453 = CARTESIAN_POINT ( 'NONE',  ( -3.333974596215567600, 1.000000000000000200, -2.600000000000000100 ) ) ;
#4454 = CIRCLE ( 'NONE', #3904, 0.4000000000000001900 ) ;
#4455 = EDGE_CURVE ( 'NONE', #4256, #1283, #3375, .T. ) ;
ENDSEC;
END-ISO-10303-21;
